uuid,scene_id,nre_version_string,path,last_modified,artifact_repository,hf_revision
9accb31b-6b64-4cd7-9b5e-d928a1bf4aa2,clipgt-00040136-e651-4abd-991d-0655ccda9430,26.4.96-91b06fb8,sample_set/26.04_release/00040136-e651-4abd-991d-0655ccda9430/00040136-e651-4abd-991d-0655ccda9430.usdz,2026-08-05 19:15:07,huggingface,26.04
0e0cd505-8bcf-4391-81bf-f80a7191e9f8,clipgt-000525f6-3999-4812-9924-8adff40ca514,26.4.96-91b06fb8,sample_set/26.04_release/000525f6-3999-4812-9924-8adff40ca514/000525f6-3999-4812-9924-8adff40ca514.usdz,2026-08-05 19:15:07,huggingface,26.04
7c6575c7-3640-4a97-957c-0411e318dd3d,clipgt-000548db-e266-49e5-a832-6674ab53a615,26.4.96-91b06fb8,sample_set/26.04_release/000548db-e266-49e5-a832-6674ab53a615/000548db-e266-49e5-a832-6674ab53a615.usdz,2026-08-05 19:15:07,huggingface,26.04
eedfd05b-cecd-49c1-b818-335aeb121aca,clipgt-00064c58-7047-4a53-8a36-b033baaaa5fb,26.4.96-91b06fb8,sample_set/26.04_release/00064c58-7047-4a53-8a36-b033baaaa5fb/00064c58-7047-4a53-8a36-b033baaaa5fb.usdz,2026-08-05 19:15:07,huggingface,26.04
a8757d53-f10e-4117-8da9-3fd36c734a20,clipgt-0009402a-a514-443b-9a4c-0e792f5ae581,26.4.96-91b06fb8,sample_set/26.04_release/0009402a-a514-443b-9a4c-0e792f5ae581/0009402a-a514-443b-9a4c-0e792f5ae581.usdz,2026-08-05 19:15:07,huggingface,26.04
ef54a6b9-1dd1-4f8e-9ead-ab613bf47f82,clipgt-00097de1-5ded-4fba-a5ed-4b527678d1b0,26.4.96-91b06fb8,sample_set/26.04_release/00097de1-5ded-4fba-a5ed-4b527678d1b0/00097de1-5ded-4fba-a5ed-4b527678d1b0.usdz,2026-08-05 19:15:07,huggingface,26.04
4688554c-c6db-4db8-ad1a-9a3d8083147a,clipgt-000a3a34-1031-4f90-9bc3-5b5c132fd1ed,26.4.96-91b06fb8,sample_set/26.04_release/000a3a34-1031-4f90-9bc3-5b5c132fd1ed/000a3a34-1031-4f90-9bc3-5b5c132fd1ed.usdz,2026-08-05 19:15:07,huggingface,26.04
add8ad81-78fd-4484-8ef7-c6ebb3be498e,clipgt-000a74ae-5c01-486e-ab6f-7f5160136357,26.4.96-91b06fb8,sample_set/26.04_release/000a74ae-5c01-486e-ab6f-7f5160136357/000a74ae-5c01-486e-ab6f-7f5160136357.usdz,2026-08-05 19:15:07,huggingface,26.04
19baafbd-5450-4cfc-ba29-146259836e1d,clipgt-000e95f7-560d-4411-8069-b9f531ed3cd6,26.4.96-91b06fb8,sample_set/26.04_release/000e95f7-560d-4411-8069-b9f531ed3cd6/000e95f7-560d-4411-8069-b9f531ed3cd6.usdz,2026-08-05 19:15:07,huggingface,26.04
13427939-fe6f-430d-b8f3-ddb33b4d74da,clipgt-000ff49d-aa30-46ee-af57-b4a0c1143f55,26.4.96-91b06fb8,sample_set/26.04_release/000ff49d-aa30-46ee-af57-b4a0c1143f55/000ff49d-aa30-46ee-af57-b4a0c1143f55.usdz,2026-08-05 19:15:07,huggingface,26.04
ef43da21-7446-436a-9e9b-05def2c539a8,clipgt-0010ce77-d06e-43e6-bdaf-2cf8ab65cfe4,26.4.96-91b06fb8,sample_set/26.04_release/0010ce77-d06e-43e6-bdaf-2cf8ab65cfe4/0010ce77-d06e-43e6-bdaf-2cf8ab65cfe4.usdz,2026-08-05 19:15:07,huggingface,26.04
8d2b1a3a-9bd6-44b2-8aed-cfb8e6e87418,clipgt-001564ce-0019-4ec6-bb62-07ed2bd90f2e,26.4.96-91b06fb8,sample_set/26.04_release/001564ce-0019-4ec6-bb62-07ed2bd90f2e/001564ce-0019-4ec6-bb62-07ed2bd90f2e.usdz,2026-08-05 19:15:07,huggingface,26.04
5f65fc7a-2375-43d3-9695-ed3c8eaed2f7,clipgt-00169207-9da7-44c4-a67b-a925e77056ff,26.4.96-91b06fb8,sample_set/26.04_release/00169207-9da7-44c4-a67b-a925e77056ff/00169207-9da7-44c4-a67b-a925e77056ff.usdz,2026-08-05 19:15:07,huggingface,26.04
a5650e1c-4e21-40fa-8123-53c1056a62d0,clipgt-0026708c-a386-4dd2-82b1-286da952c68f,26.4.96-91b06fb8,sample_set/26.04_release/0026708c-a386-4dd2-82b1-286da952c68f/0026708c-a386-4dd2-82b1-286da952c68f.usdz,2026-08-05 19:15:07,huggingface,26.04
9748c828-2539-40a1-b991-9c6a0815505d,clipgt-0026c1ce-efb6-4d41-b206-032598f31f7f,26.4.96-91b06fb8,sample_set/26.04_release/0026c1ce-efb6-4d41-b206-032598f31f7f/0026c1ce-efb6-4d41-b206-032598f31f7f.usdz,2026-08-05 19:15:07,huggingface,26.04
38072493-c93a-4880-91bc-3acbc914a21e,clipgt-0026d903-764d-4bd0-96f5-7a6a3a6838e4,26.4.96-91b06fb8,sample_set/26.04_release/0026d903-764d-4bd0-96f5-7a6a3a6838e4/0026d903-764d-4bd0-96f5-7a6a3a6838e4.usdz,2026-08-05 19:15:07,huggingface,26.04
53e4a042-9731-410e-8216-1d5759fc035a,clipgt-002ae4d8-ef9d-49ff-a7ba-0778fadbd98b,26.4.96-91b06fb8,sample_set/26.04_release/002ae4d8-ef9d-49ff-a7ba-0778fadbd98b/002ae4d8-ef9d-49ff-a7ba-0778fadbd98b.usdz,2026-08-05 19:15:07,huggingface,26.04
434d6678-42d0-4e8a-b8e8-d0760304dea8,clipgt-002f04fd-984f-4f0b-943e-aba82864930e,26.4.96-91b06fb8,sample_set/26.04_release/002f04fd-984f-4f0b-943e-aba82864930e/002f04fd-984f-4f0b-943e-aba82864930e.usdz,2026-08-05 19:15:07,huggingface,26.04
b7d100cc-5c63-4c93-9c00-ba70b93d4438,clipgt-002f9a80-2b50-4d83-b5d6-326b4b7fe361,26.4.96-91b06fb8,sample_set/26.04_release/002f9a80-2b50-4d83-b5d6-326b4b7fe361/002f9a80-2b50-4d83-b5d6-326b4b7fe361.usdz,2026-08-05 19:15:07,huggingface,26.04
fd69d013-7d9e-4573-ad40-8df5852d6321,clipgt-00442956-c080-4b2e-b9c7-647973969c86,26.4.96-91b06fb8,sample_set/26.04_release/00442956-c080-4b2e-b9c7-647973969c86/00442956-c080-4b2e-b9c7-647973969c86.usdz,2026-08-05 19:15:07,huggingface,26.04
f14d2ee7-e3b8-4f28-af74-d0c90b7c574a,clipgt-004d4a47-2b27-4174-a1b8-0363d81ffc1d,26.4.96-91b06fb8,sample_set/26.04_release/004d4a47-2b27-4174-a1b8-0363d81ffc1d/004d4a47-2b27-4174-a1b8-0363d81ffc1d.usdz,2026-08-05 19:15:07,huggingface,26.04
645813e4-bef1-4d8a-a086-c708ef0b15f4,clipgt-0051f106-98bf-4001-825b-dff634ec8f18,26.4.96-91b06fb8,sample_set/26.04_release/0051f106-98bf-4001-825b-dff634ec8f18/0051f106-98bf-4001-825b-dff634ec8f18.usdz,2026-08-05 19:15:07,huggingface,26.04
d0d43cea-8980-45d7-99dd-2b32af03ff51,clipgt-0052e196-30ca-4e6a-a472-df9434407b03,26.4.96-91b06fb8,sample_set/26.04_release/0052e196-30ca-4e6a-a472-df9434407b03/0052e196-30ca-4e6a-a472-df9434407b03.usdz,2026-08-05 19:15:07,huggingface,26.04
50264b95-6cc4-4dd8-9d53-9774f3d5ca65,clipgt-005ea4dd-7c94-4ca4-a825-20af0db5c58e,26.4.96-91b06fb8,sample_set/26.04_release/005ea4dd-7c94-4ca4-a825-20af0db5c58e/005ea4dd-7c94-4ca4-a825-20af0db5c58e.usdz,2026-08-05 19:15:07,huggingface,26.04
d0e5eb9b-46ae-46c5-bec9-f519e1db6d97,clipgt-0068170a-7428-419a-a90d-45db4f980df7,26.4.96-91b06fb8,sample_set/26.04_release/0068170a-7428-419a-a90d-45db4f980df7/0068170a-7428-419a-a90d-45db4f980df7.usdz,2026-08-05 19:15:07,huggingface,26.04
a6448f77-672e-4bf8-b429-2c02b2d3b4f4,clipgt-007a5809-8a56-40b5-8af5-7e0f65229496,26.4.96-91b06fb8,sample_set/26.04_release/007a5809-8a56-40b5-8af5-7e0f65229496/007a5809-8a56-40b5-8af5-7e0f65229496.usdz,2026-08-05 19:15:07,huggingface,26.04
e360dd2d-2f14-45b5-b243-f711aea4c770,clipgt-007fc5b6-87df-4b6b-9d0b-60d1498f3620,26.4.96-91b06fb8,sample_set/26.04_release/007fc5b6-87df-4b6b-9d0b-60d1498f3620/007fc5b6-87df-4b6b-9d0b-60d1498f3620.usdz,2026-08-05 19:15:07,huggingface,26.04
5102b3e8-145f-4c3b-a87b-9c524a669c2d,clipgt-008513a2-ab70-4e21-852a-6cfe574d3d63,26.4.96-91b06fb8,sample_set/26.04_release/008513a2-ab70-4e21-852a-6cfe574d3d63/008513a2-ab70-4e21-852a-6cfe574d3d63.usdz,2026-08-05 19:15:07,huggingface,26.04
a5347491-e341-41be-b28a-099ca50c805a,clipgt-009c69f0-6e5d-4716-b623-fb45f378fae4,26.4.96-91b06fb8,sample_set/26.04_release/009c69f0-6e5d-4716-b623-fb45f378fae4/009c69f0-6e5d-4716-b623-fb45f378fae4.usdz,2026-08-05 19:15:07,huggingface,26.04
bf825e29-cdc8-46d8-ba9b-8662f6099853,clipgt-009d2517-4036-4977-bb4f-e851d69665f9,26.4.96-91b06fb8,sample_set/26.04_release/009d2517-4036-4977-bb4f-e851d69665f9/009d2517-4036-4977-bb4f-e851d69665f9.usdz,2026-08-05 19:15:07,huggingface,26.04
3b982414-b1e9-4223-b9d1-3c6beae7138a,clipgt-00eb506e-de3a-407c-8a76-c763de8dc0d8,26.4.96-91b06fb8,sample_set/26.04_release/00eb506e-de3a-407c-8a76-c763de8dc0d8/00eb506e-de3a-407c-8a76-c763de8dc0d8.usdz,2026-08-05 19:15:07,huggingface,26.04
2a7f96c3-35c3-4c5d-ad57-4ed498ca7303,clipgt-00ecbc19-5168-48c4-8b6a-9d64005e640e,26.4.96-91b06fb8,sample_set/26.04_release/00ecbc19-5168-48c4-8b6a-9d64005e640e/00ecbc19-5168-48c4-8b6a-9d64005e640e.usdz,2026-08-05 19:15:07,huggingface,26.04
ab7ed774-bf6c-4b83-9ad2-04c905763e71,clipgt-00fabf60-8aa0-48b3-b7c8-eb3d7e8df1e3,26.4.96-91b06fb8,sample_set/26.04_release/00fabf60-8aa0-48b3-b7c8-eb3d7e8df1e3/00fabf60-8aa0-48b3-b7c8-eb3d7e8df1e3.usdz,2026-08-05 19:15:07,huggingface,26.04
15fac9fb-1f76-4bc9-91ea-99a77e1862cc,clipgt-01132ab5-90d1-4fb4-b823-ce013ec527ec,26.4.96-91b06fb8,sample_set/26.04_release/01132ab5-90d1-4fb4-b823-ce013ec527ec/01132ab5-90d1-4fb4-b823-ce013ec527ec.usdz,2026-08-05 19:15:07,huggingface,26.04
bb0bc347-2551-45ac-9bf5-b764533cc4e3,clipgt-0129d244-ffb8-4e10-81e3-ab79f2d28c36,26.4.96-91b06fb8,sample_set/26.04_release/0129d244-ffb8-4e10-81e3-ab79f2d28c36/0129d244-ffb8-4e10-81e3-ab79f2d28c36.usdz,2026-08-05 19:15:07,huggingface,26.04
4a9cb248-9b39-4262-8d29-ab7409383b76,clipgt-01330416-9f29-4799-86a6-c4b2f8593375,26.4.96-91b06fb8,sample_set/26.04_release/01330416-9f29-4799-86a6-c4b2f8593375/01330416-9f29-4799-86a6-c4b2f8593375.usdz,2026-08-05 19:15:07,huggingface,26.04
846548e8-de96-43d3-9809-31467d6473a7,clipgt-018ab4b0-f802-47a0-9d60-a56df187be17,26.4.96-91b06fb8,sample_set/26.04_release/018ab4b0-f802-47a0-9d60-a56df187be17/018ab4b0-f802-47a0-9d60-a56df187be17.usdz,2026-08-05 19:15:07,huggingface,26.04
49b42d7a-d739-454a-979f-0823271a162f,clipgt-01cbe890-4ac2-4943-a2ed-2bda77fd2f56,26.4.96-91b06fb8,sample_set/26.04_release/01cbe890-4ac2-4943-a2ed-2bda77fd2f56/01cbe890-4ac2-4943-a2ed-2bda77fd2f56.usdz,2026-08-05 19:15:07,huggingface,26.04
8cd012cd-3053-4206-b944-e857e25b780b,clipgt-0208defb-0502-4293-ba29-9273b1a4ee7f,26.4.96-91b06fb8,sample_set/26.04_release/0208defb-0502-4293-ba29-9273b1a4ee7f/0208defb-0502-4293-ba29-9273b1a4ee7f.usdz,2026-08-05 19:15:07,huggingface,26.04
7f55a62e-1d5e-4741-9ad1-8e094a507983,clipgt-02183dc6-33b5-4f43-b8a3-986af09da831,26.4.96-91b06fb8,sample_set/26.04_release/02183dc6-33b5-4f43-b8a3-986af09da831/02183dc6-33b5-4f43-b8a3-986af09da831.usdz,2026-08-05 19:15:07,huggingface,26.04
d1feb7a3-c8dd-412f-8012-1ded55a5eb07,clipgt-0274ab02-1d1f-4d40-92dd-561407235199,26.4.96-91b06fb8,sample_set/26.04_release/0274ab02-1d1f-4d40-92dd-561407235199/0274ab02-1d1f-4d40-92dd-561407235199.usdz,2026-08-05 19:15:07,huggingface,26.04
09740606-ce72-4c5a-8a46-2d029e546480,clipgt-027a5570-83b3-4ebe-b332-ba4f054636ce,26.4.96-91b06fb8,sample_set/26.04_release/027a5570-83b3-4ebe-b332-ba4f054636ce/027a5570-83b3-4ebe-b332-ba4f054636ce.usdz,2026-08-05 19:15:07,huggingface,26.04
3384992e-5f02-4e81-a9b7-a3eb4de6d056,clipgt-028508ba-ef59-48d3-a95b-94eb92e3b063,26.4.96-91b06fb8,sample_set/26.04_release/028508ba-ef59-48d3-a95b-94eb92e3b063/028508ba-ef59-48d3-a95b-94eb92e3b063.usdz,2026-08-05 19:15:07,huggingface,26.04
20970235-ed50-4820-97e9-ac3a4c5d094e,clipgt-02ce6aee-45fb-4d4d-921c-4836f9a64be0,26.4.96-91b06fb8,sample_set/26.04_release/02ce6aee-45fb-4d4d-921c-4836f9a64be0/02ce6aee-45fb-4d4d-921c-4836f9a64be0.usdz,2026-08-05 19:15:07,huggingface,26.04
ad46261b-351d-4f0b-b96e-ef825df38787,clipgt-030ae768-e82c-42b2-a9f1-2269628b019b,26.4.96-91b06fb8,sample_set/26.04_release/030ae768-e82c-42b2-a9f1-2269628b019b/030ae768-e82c-42b2-a9f1-2269628b019b.usdz,2026-08-05 19:15:07,huggingface,26.04
84cbba2c-bdb8-4178-b66d-1d05205965e8,clipgt-031f43ff-bc87-4cf3-99a1-6aef48e6628f,26.4.96-91b06fb8,sample_set/26.04_release/031f43ff-bc87-4cf3-99a1-6aef48e6628f/031f43ff-bc87-4cf3-99a1-6aef48e6628f.usdz,2026-08-05 19:15:07,huggingface,26.04
1207b66f-1e4e-4843-9290-5c8b02d9991b,clipgt-03376794-ae4a-4d16-a804-4efa954eec5f,26.4.96-91b06fb8,sample_set/26.04_release/03376794-ae4a-4d16-a804-4efa954eec5f/03376794-ae4a-4d16-a804-4efa954eec5f.usdz,2026-08-05 19:15:07,huggingface,26.04
9d9bf8cb-2f43-4b7d-8ec4-603272183057,clipgt-03c9fe85-aeb6-4d6f-891e-b7b935532cae,26.4.96-91b06fb8,sample_set/26.04_release/03c9fe85-aeb6-4d6f-891e-b7b935532cae/03c9fe85-aeb6-4d6f-891e-b7b935532cae.usdz,2026-08-05 19:15:07,huggingface,26.04
14ccf8a0-c881-436e-bb7e-deb2bd58fe18,clipgt-03f14707-e02a-4a8e-a448-cf667458c127,26.4.96-91b06fb8,sample_set/26.04_release/03f14707-e02a-4a8e-a448-cf667458c127/03f14707-e02a-4a8e-a448-cf667458c127.usdz,2026-08-05 19:15:07,huggingface,26.04
efdaef73-953d-4070-a697-653d5d19fa0d,clipgt-0418c913-fead-437c-a856-bc397fc606cb,26.4.96-91b06fb8,sample_set/26.04_release/0418c913-fead-437c-a856-bc397fc606cb/0418c913-fead-437c-a856-bc397fc606cb.usdz,2026-08-05 19:15:07,huggingface,26.04
22be1103-d479-426f-902e-4c5d3d088b59,clipgt-04251a0a-bc85-4369-94ea-c92726b467fd,26.4.96-91b06fb8,sample_set/26.04_release/04251a0a-bc85-4369-94ea-c92726b467fd/04251a0a-bc85-4369-94ea-c92726b467fd.usdz,2026-08-05 19:15:07,huggingface,26.04
1d2ade08-5fc7-4be9-b5aa-49fe65dddce4,clipgt-0494c646-c537-4c6b-98b9-96c7e91fd0a8,26.4.96-91b06fb8,sample_set/26.04_release/0494c646-c537-4c6b-98b9-96c7e91fd0a8/0494c646-c537-4c6b-98b9-96c7e91fd0a8.usdz,2026-08-05 19:15:07,huggingface,26.04
bbbe1270-0422-4af1-b363-d33629b850b8,clipgt-056fa8ab-8756-48b7-b482-64a65091d6af,26.4.96-91b06fb8,sample_set/26.04_release/056fa8ab-8756-48b7-b482-64a65091d6af/056fa8ab-8756-48b7-b482-64a65091d6af.usdz,2026-08-05 19:15:07,huggingface,26.04
e2d7345e-a22f-4bb2-9e3f-e1bd9f8616f5,clipgt-0580c069-aeb6-44e0-8bbc-940757e4071a,26.4.96-91b06fb8,sample_set/26.04_release/0580c069-aeb6-44e0-8bbc-940757e4071a/0580c069-aeb6-44e0-8bbc-940757e4071a.usdz,2026-08-05 19:15:07,huggingface,26.04
6076f957-cd1f-4bfb-b539-f1b87980435e,clipgt-05855d57-2dbf-4ca7-a04d-94feb64a6e11,26.4.96-91b06fb8,sample_set/26.04_release/05855d57-2dbf-4ca7-a04d-94feb64a6e11/05855d57-2dbf-4ca7-a04d-94feb64a6e11.usdz,2026-08-05 19:15:07,huggingface,26.04
64f4650e-23cb-4c8e-9cd0-4f05d904663c,clipgt-0593b1f2-244a-4615-bc55-69be0c80136f,26.4.96-91b06fb8,sample_set/26.04_release/0593b1f2-244a-4615-bc55-69be0c80136f/0593b1f2-244a-4615-bc55-69be0c80136f.usdz,2026-08-05 19:15:07,huggingface,26.04
528d2028-65ae-4ec1-832e-2746e6b54b40,clipgt-05cc65a8-13f4-4e6c-b98d-0cd442536bfd,26.4.96-91b06fb8,sample_set/26.04_release/05cc65a8-13f4-4e6c-b98d-0cd442536bfd/05cc65a8-13f4-4e6c-b98d-0cd442536bfd.usdz,2026-08-05 19:15:07,huggingface,26.04
713bcf97-1146-49a0-ba1f-79cbdec2faa5,clipgt-063cff52-c825-42a1-8bf9-a75aa5df1524,26.4.96-91b06fb8,sample_set/26.04_release/063cff52-c825-42a1-8bf9-a75aa5df1524/063cff52-c825-42a1-8bf9-a75aa5df1524.usdz,2026-08-05 19:15:07,huggingface,26.04
6837c6b8-d1ad-41da-8e5e-4afcc9212853,clipgt-066bb895-3f45-4b92-a67a-382e5fd52516,26.4.96-91b06fb8,sample_set/26.04_release/066bb895-3f45-4b92-a67a-382e5fd52516/066bb895-3f45-4b92-a67a-382e5fd52516.usdz,2026-08-05 19:15:07,huggingface,26.04
06b2f0ea-be24-4a97-9004-ded682c36305,clipgt-06b3e399-a820-49ef-9e69-134cfdb7652a,26.4.96-91b06fb8,sample_set/26.04_release/06b3e399-a820-49ef-9e69-134cfdb7652a/06b3e399-a820-49ef-9e69-134cfdb7652a.usdz,2026-08-05 19:15:07,huggingface,26.04
6f8343eb-9ac7-479c-9682-fcb88b6b48d3,clipgt-07054c19-f27f-42cc-8413-35e05c924d06,26.4.96-91b06fb8,sample_set/26.04_release/07054c19-f27f-42cc-8413-35e05c924d06/07054c19-f27f-42cc-8413-35e05c924d06.usdz,2026-08-05 19:15:07,huggingface,26.04
360d7371-1860-4e60-b37d-57a58420aa82,clipgt-071d15c4-a179-4311-b724-f7de1d45ab65,26.4.96-91b06fb8,sample_set/26.04_release/071d15c4-a179-4311-b724-f7de1d45ab65/071d15c4-a179-4311-b724-f7de1d45ab65.usdz,2026-08-05 19:15:07,huggingface,26.04
c8cc89c0-44a8-4837-89db-a9c0ca346d5a,clipgt-07354ff6-6b6b-4f50-ab3b-098e843eef09,26.4.96-91b06fb8,sample_set/26.04_release/07354ff6-6b6b-4f50-ab3b-098e843eef09/07354ff6-6b6b-4f50-ab3b-098e843eef09.usdz,2026-08-05 19:15:07,huggingface,26.04
8aef8a3c-25c5-4cc3-bbd1-0b451022cd3e,clipgt-074e5ee3-d209-438e-8de4-40032539c331,26.4.96-91b06fb8,sample_set/26.04_release/074e5ee3-d209-438e-8de4-40032539c331/074e5ee3-d209-438e-8de4-40032539c331.usdz,2026-08-05 19:15:07,huggingface,26.04
26b4d172-5ebe-496a-8cfa-e5cbb7f17fae,clipgt-0771fd01-94d4-43e9-bf48-781882888352,26.4.96-91b06fb8,sample_set/26.04_release/0771fd01-94d4-43e9-bf48-781882888352/0771fd01-94d4-43e9-bf48-781882888352.usdz,2026-08-05 19:15:07,huggingface,26.04
3e2e35b6-3457-4abc-85f3-34317caef58e,clipgt-078474c5-5fce-4d1f-9b3c-75af7bfbbfb9,26.4.96-91b06fb8,sample_set/26.04_release/078474c5-5fce-4d1f-9b3c-75af7bfbbfb9/078474c5-5fce-4d1f-9b3c-75af7bfbbfb9.usdz,2026-08-05 19:15:07,huggingface,26.04
ec83e779-70cd-4b3f-b068-66caebec3500,clipgt-0786d456-c40d-4f71-ac75-46dd8d0886d2,26.4.96-91b06fb8,sample_set/26.04_release/0786d456-c40d-4f71-ac75-46dd8d0886d2/0786d456-c40d-4f71-ac75-46dd8d0886d2.usdz,2026-08-05 19:15:07,huggingface,26.04
d2f7f1ed-1a13-4d43-a704-26dc92a72830,clipgt-079fc568-ffea-427e-ba53-8135ea3f453e,26.4.96-91b06fb8,sample_set/26.04_release/079fc568-ffea-427e-ba53-8135ea3f453e/079fc568-ffea-427e-ba53-8135ea3f453e.usdz,2026-08-05 19:15:07,huggingface,26.04
f5114615-6334-47e5-b844-fde2bb54320e,clipgt-07f6a059-5ac8-4ab5-8ad4-b23c13bb5046,26.4.96-91b06fb8,sample_set/26.04_release/07f6a059-5ac8-4ab5-8ad4-b23c13bb5046/07f6a059-5ac8-4ab5-8ad4-b23c13bb5046.usdz,2026-08-05 19:15:07,huggingface,26.04
dc8ec6e5-0748-46ee-b473-dbe4f13fc0f3,clipgt-0810968d-325e-4478-8d07-cb874aadfc75,26.4.96-91b06fb8,sample_set/26.04_release/0810968d-325e-4478-8d07-cb874aadfc75/0810968d-325e-4478-8d07-cb874aadfc75.usdz,2026-08-05 19:15:07,huggingface,26.04
afe70231-0287-4b2e-97e5-110fbfb354dc,clipgt-085955e2-c98a-4a43-ae63-ff6e333ce9ef,26.4.96-91b06fb8,sample_set/26.04_release/085955e2-c98a-4a43-ae63-ff6e333ce9ef/085955e2-c98a-4a43-ae63-ff6e333ce9ef.usdz,2026-08-05 19:15:07,huggingface,26.04
c59c52e8-8931-4c24-b848-aaefd2d06c2a,clipgt-08691a6c-30da-440e-b320-d1576d2b72c8,26.4.96-91b06fb8,sample_set/26.04_release/08691a6c-30da-440e-b320-d1576d2b72c8/08691a6c-30da-440e-b320-d1576d2b72c8.usdz,2026-08-05 19:15:07,huggingface,26.04
b9d56940-5797-4d2e-8eef-3c61c4a9e544,clipgt-089f9b45-e587-499e-971f-ee3a1ab51e30,26.4.96-91b06fb8,sample_set/26.04_release/089f9b45-e587-499e-971f-ee3a1ab51e30/089f9b45-e587-499e-971f-ee3a1ab51e30.usdz,2026-08-05 19:15:07,huggingface,26.04
7b4b9385-48ea-4714-88ca-27faeecc08c1,clipgt-08b2f1e4-ffcf-4342-9447-5ad2df55dfe1,26.4.96-91b06fb8,sample_set/26.04_release/08b2f1e4-ffcf-4342-9447-5ad2df55dfe1/08b2f1e4-ffcf-4342-9447-5ad2df55dfe1.usdz,2026-08-05 19:15:07,huggingface,26.04
6b43413e-8c62-4d67-9b81-1852c752138e,clipgt-08c22260-d040-4ced-a6b0-728ea69020fc,26.4.96-91b06fb8,sample_set/26.04_release/08c22260-d040-4ced-a6b0-728ea69020fc/08c22260-d040-4ced-a6b0-728ea69020fc.usdz,2026-08-05 19:15:07,huggingface,26.04
4650f194-84b8-44dd-9785-edb9331cd8e7,clipgt-09426cca-e88a-4178-a82b-0bd5b2be0559,26.4.96-91b06fb8,sample_set/26.04_release/09426cca-e88a-4178-a82b-0bd5b2be0559/09426cca-e88a-4178-a82b-0bd5b2be0559.usdz,2026-08-05 19:15:07,huggingface,26.04
63bad5d1-d395-4771-9d92-74a751f65b24,clipgt-09528162-2142-4082-a31b-decf787c8ada,26.4.96-91b06fb8,sample_set/26.04_release/09528162-2142-4082-a31b-decf787c8ada/09528162-2142-4082-a31b-decf787c8ada.usdz,2026-08-05 19:15:07,huggingface,26.04
2f3a5da3-189a-46a8-bc55-0392f79b7b11,clipgt-09c52e7f-0ce8-4810-bec0-2e38311c55b8,26.4.96-91b06fb8,sample_set/26.04_release/09c52e7f-0ce8-4810-bec0-2e38311c55b8/09c52e7f-0ce8-4810-bec0-2e38311c55b8.usdz,2026-08-05 19:15:07,huggingface,26.04
1bb97247-c1b8-4d7e-8f19-1b3c35836812,clipgt-09d16838-f053-4bbf-9b6c-3ff29670edd0,26.4.96-91b06fb8,sample_set/26.04_release/09d16838-f053-4bbf-9b6c-3ff29670edd0/09d16838-f053-4bbf-9b6c-3ff29670edd0.usdz,2026-08-05 19:15:07,huggingface,26.04
7e801a74-34a1-46f5-8c1f-2096b717366c,clipgt-0a0b82c8-b0dc-4083-976e-674f0131b0c9,26.4.96-91b06fb8,sample_set/26.04_release/0a0b82c8-b0dc-4083-976e-674f0131b0c9/0a0b82c8-b0dc-4083-976e-674f0131b0c9.usdz,2026-08-05 19:15:07,huggingface,26.04
4e11b833-68f0-48b5-a577-626c4ba04376,clipgt-0a228e44-2e22-40fa-a4da-9dcded392963,26.4.96-91b06fb8,sample_set/26.04_release/0a228e44-2e22-40fa-a4da-9dcded392963/0a228e44-2e22-40fa-a4da-9dcded392963.usdz,2026-08-05 19:15:07,huggingface,26.04
c221b10b-4523-4b56-a78c-0c8f76dc3d98,clipgt-0a6ba2f5-f080-4f52-92cb-d063771057e1,26.4.96-91b06fb8,sample_set/26.04_release/0a6ba2f5-f080-4f52-92cb-d063771057e1/0a6ba2f5-f080-4f52-92cb-d063771057e1.usdz,2026-08-05 19:15:07,huggingface,26.04
6dee86b5-36d4-4f4d-8dce-cc837b5282d3,clipgt-0ac2b5ac-da4f-4910-ba76-139649c74e14,26.4.96-91b06fb8,sample_set/26.04_release/0ac2b5ac-da4f-4910-ba76-139649c74e14/0ac2b5ac-da4f-4910-ba76-139649c74e14.usdz,2026-08-05 19:15:07,huggingface,26.04
884174fc-5155-4846-be58-194c1a9ec108,clipgt-0b1b82de-eaab-4bee-932a-05c6a1bbaf66,26.4.96-91b06fb8,sample_set/26.04_release/0b1b82de-eaab-4bee-932a-05c6a1bbaf66/0b1b82de-eaab-4bee-932a-05c6a1bbaf66.usdz,2026-08-05 19:15:07,huggingface,26.04
b353d81c-7f64-42b3-95be-d0073f4e961b,clipgt-0b5186fe-c91e-4765-a780-bc92a24b5a30,26.4.96-91b06fb8,sample_set/26.04_release/0b5186fe-c91e-4765-a780-bc92a24b5a30/0b5186fe-c91e-4765-a780-bc92a24b5a30.usdz,2026-08-05 19:15:07,huggingface,26.04
3a80053e-f1e4-4191-8f58-c3bdadde20a0,clipgt-0b72d117-bf5c-4999-b625-09f4d8e51911,26.4.96-91b06fb8,sample_set/26.04_release/0b72d117-bf5c-4999-b625-09f4d8e51911/0b72d117-bf5c-4999-b625-09f4d8e51911.usdz,2026-08-05 19:15:07,huggingface,26.04
95f9c833-4fec-480e-a9a9-e773f93d395e,clipgt-0bd5202f-5f7c-4748-b78d-20d1f921b4db,26.4.96-91b06fb8,sample_set/26.04_release/0bd5202f-5f7c-4748-b78d-20d1f921b4db/0bd5202f-5f7c-4748-b78d-20d1f921b4db.usdz,2026-08-05 19:15:07,huggingface,26.04
95f4867d-2a66-4f95-b045-f5a79bb3bd6e,clipgt-0bd567e4-04e8-4e79-a691-b125382eabf0,26.4.96-91b06fb8,sample_set/26.04_release/0bd567e4-04e8-4e79-a691-b125382eabf0/0bd567e4-04e8-4e79-a691-b125382eabf0.usdz,2026-08-05 19:15:07,huggingface,26.04
df99618b-fe39-4900-a5eb-c34a072956e1,clipgt-0c2ca78d-d3ca-46e6-bb28-4eaf1f8a4eab,26.4.96-91b06fb8,sample_set/26.04_release/0c2ca78d-d3ca-46e6-bb28-4eaf1f8a4eab/0c2ca78d-d3ca-46e6-bb28-4eaf1f8a4eab.usdz,2026-08-05 19:15:07,huggingface,26.04
9587fac3-127b-4c08-9bc9-04682fa5b83f,clipgt-0c60eb4c-3545-49a2-a270-a65f888964c2,26.4.96-91b06fb8,sample_set/26.04_release/0c60eb4c-3545-49a2-a270-a65f888964c2/0c60eb4c-3545-49a2-a270-a65f888964c2.usdz,2026-08-05 19:15:07,huggingface,26.04
591ae3dd-d14d-41a4-822a-ca11a55dd6f2,clipgt-0c9a6929-6273-4b6f-b484-09fb46f65fb0,26.4.96-91b06fb8,sample_set/26.04_release/0c9a6929-6273-4b6f-b484-09fb46f65fb0/0c9a6929-6273-4b6f-b484-09fb46f65fb0.usdz,2026-08-05 19:15:07,huggingface,26.04
3520f8bb-d80f-4c20-b9fd-a6116ba5075c,clipgt-0ca937b1-ac3f-45ec-8306-6583cb3da2aa,26.4.96-91b06fb8,sample_set/26.04_release/0ca937b1-ac3f-45ec-8306-6583cb3da2aa/0ca937b1-ac3f-45ec-8306-6583cb3da2aa.usdz,2026-08-05 19:15:07,huggingface,26.04
75ae6b8f-21f6-4b29-a14a-b5db00b87424,clipgt-0caa5e02-1be0-4154-9a34-6c5d1e632c06,26.4.96-91b06fb8,sample_set/26.04_release/0caa5e02-1be0-4154-9a34-6c5d1e632c06/0caa5e02-1be0-4154-9a34-6c5d1e632c06.usdz,2026-08-05 19:15:07,huggingface,26.04
021eceff-5095-4816-bac9-d638a4d737b9,clipgt-0cb146c8-f877-4d11-ac73-ed7b68a9eae5,26.4.96-91b06fb8,sample_set/26.04_release/0cb146c8-f877-4d11-ac73-ed7b68a9eae5/0cb146c8-f877-4d11-ac73-ed7b68a9eae5.usdz,2026-08-05 19:15:07,huggingface,26.04
7e302ece-eec5-43b1-9243-0cc7e2270d67,clipgt-0cc7fa67-c767-443b-97b7-29539591dbaa,26.4.96-91b06fb8,sample_set/26.04_release/0cc7fa67-c767-443b-97b7-29539591dbaa/0cc7fa67-c767-443b-97b7-29539591dbaa.usdz,2026-08-05 19:15:07,huggingface,26.04
f8276b3c-0603-46b1-a536-2a382d737d2f,clipgt-0ce38b48-a2c7-4227-92fa-86f617b23021,26.4.96-91b06fb8,sample_set/26.04_release/0ce38b48-a2c7-4227-92fa-86f617b23021/0ce38b48-a2c7-4227-92fa-86f617b23021.usdz,2026-08-05 19:15:07,huggingface,26.04
c1825332-8265-49dd-9075-140b51b56002,clipgt-0d10d2e3-29ef-40cb-b612-94021d98245c,26.4.96-91b06fb8,sample_set/26.04_release/0d10d2e3-29ef-40cb-b612-94021d98245c/0d10d2e3-29ef-40cb-b612-94021d98245c.usdz,2026-08-05 19:15:07,huggingface,26.04
8485c91e-58b8-43a8-8e30-9dd71b3718d4,clipgt-0d2eef98-722f-418e-bd3f-e334fd44af6f,26.4.96-91b06fb8,sample_set/26.04_release/0d2eef98-722f-418e-bd3f-e334fd44af6f/0d2eef98-722f-418e-bd3f-e334fd44af6f.usdz,2026-08-05 19:15:07,huggingface,26.04
bdb28a4d-59b9-467b-88d2-31e23980cedb,clipgt-0d358fc5-7b9b-45a5-9126-c9b1a61a83d4,26.4.96-91b06fb8,sample_set/26.04_release/0d358fc5-7b9b-45a5-9126-c9b1a61a83d4/0d358fc5-7b9b-45a5-9126-c9b1a61a83d4.usdz,2026-08-05 19:15:07,huggingface,26.04
0bbcc72e-cf65-4682-912b-dc464ff5a56c,clipgt-0d943259-f09d-4eec-aaa0-73f0e8e6cff3,26.4.96-91b06fb8,sample_set/26.04_release/0d943259-f09d-4eec-aaa0-73f0e8e6cff3/0d943259-f09d-4eec-aaa0-73f0e8e6cff3.usdz,2026-08-05 19:15:07,huggingface,26.04
aae16d28-1380-4fb2-8eae-7ae61d21770a,clipgt-0dc1f11c-9dfa-4366-bb56-e488800e3b0e,26.4.96-91b06fb8,sample_set/26.04_release/0dc1f11c-9dfa-4366-bb56-e488800e3b0e/0dc1f11c-9dfa-4366-bb56-e488800e3b0e.usdz,2026-08-05 19:15:07,huggingface,26.04
73855f85-b448-4ca0-ae67-bd7b87dc948e,clipgt-0dc4e9cc-833e-4ddd-bfbb-4899f6a46b78,26.4.96-91b06fb8,sample_set/26.04_release/0dc4e9cc-833e-4ddd-bfbb-4899f6a46b78/0dc4e9cc-833e-4ddd-bfbb-4899f6a46b78.usdz,2026-08-05 19:15:07,huggingface,26.04
52d526ec-90ca-4f4d-a389-195b29b18a99,clipgt-0e05cb0c-9cfc-4e81-b801-0216fde5cd20,26.4.96-91b06fb8,sample_set/26.04_release/0e05cb0c-9cfc-4e81-b801-0216fde5cd20/0e05cb0c-9cfc-4e81-b801-0216fde5cd20.usdz,2026-08-05 19:15:07,huggingface,26.04
ac2e972e-aba4-4a40-915f-c1f9eadb04ba,clipgt-0e28a75d-2682-4589-ba8f-6f5a9d789ea6,26.4.96-91b06fb8,sample_set/26.04_release/0e28a75d-2682-4589-ba8f-6f5a9d789ea6/0e28a75d-2682-4589-ba8f-6f5a9d789ea6.usdz,2026-08-05 19:15:07,huggingface,26.04
4844a9ab-a5f5-4038-a45b-ccb24af37602,clipgt-0e3771c0-04ed-4002-bce1-993fa746c8f3,26.4.96-91b06fb8,sample_set/26.04_release/0e3771c0-04ed-4002-bce1-993fa746c8f3/0e3771c0-04ed-4002-bce1-993fa746c8f3.usdz,2026-08-05 19:15:07,huggingface,26.04
33f29622-f99c-4e3e-ba8a-0a7dd1cea9fb,clipgt-0e479696-934d-4b1a-9d21-3e159990c4f8,26.4.96-91b06fb8,sample_set/26.04_release/0e479696-934d-4b1a-9d21-3e159990c4f8/0e479696-934d-4b1a-9d21-3e159990c4f8.usdz,2026-08-05 19:15:07,huggingface,26.04
016ec174-fa40-407f-93b3-fc8cff4b441b,clipgt-0eac65ba-8cd3-460f-be17-07cceee88454,26.4.96-91b06fb8,sample_set/26.04_release/0eac65ba-8cd3-460f-be17-07cceee88454/0eac65ba-8cd3-460f-be17-07cceee88454.usdz,2026-08-05 19:15:07,huggingface,26.04
de6185d2-cee0-4d49-9656-6a16a2d10877,clipgt-0eb6e9ae-bc08-42c9-bd10-45a99b473288,26.4.96-91b06fb8,sample_set/26.04_release/0eb6e9ae-bc08-42c9-bd10-45a99b473288/0eb6e9ae-bc08-42c9-bd10-45a99b473288.usdz,2026-08-05 19:15:07,huggingface,26.04
bc2218df-d75f-41cd-941d-d3414e12b059,clipgt-0ec1da73-99b4-4f0a-8266-6f696947b162,26.4.96-91b06fb8,sample_set/26.04_release/0ec1da73-99b4-4f0a-8266-6f696947b162/0ec1da73-99b4-4f0a-8266-6f696947b162.usdz,2026-08-05 19:15:07,huggingface,26.04
d34fbb87-b39a-4b00-ade9-23b42b5a47ec,clipgt-0ec477bb-58d9-4868-8441-235a1d2df0dd,26.4.96-91b06fb8,sample_set/26.04_release/0ec477bb-58d9-4868-8441-235a1d2df0dd/0ec477bb-58d9-4868-8441-235a1d2df0dd.usdz,2026-08-05 19:15:07,huggingface,26.04
b7062a29-6107-4706-9720-80cb2284265d,clipgt-0ec48454-b00b-4966-a847-1156eb4f8bcc,26.4.96-91b06fb8,sample_set/26.04_release/0ec48454-b00b-4966-a847-1156eb4f8bcc/0ec48454-b00b-4966-a847-1156eb4f8bcc.usdz,2026-08-05 19:15:07,huggingface,26.04
4dfa40e5-3c66-474a-9651-a75490712724,clipgt-0ed17741-e00e-4cdf-86f8-7beb51950fa4,26.4.96-91b06fb8,sample_set/26.04_release/0ed17741-e00e-4cdf-86f8-7beb51950fa4/0ed17741-e00e-4cdf-86f8-7beb51950fa4.usdz,2026-08-05 19:15:07,huggingface,26.04
ff5d8643-f00c-42dc-a054-f75c48f46558,clipgt-0ee89cab-e4a5-4010-b6e7-dd3cfd1f73f2,26.4.96-91b06fb8,sample_set/26.04_release/0ee89cab-e4a5-4010-b6e7-dd3cfd1f73f2/0ee89cab-e4a5-4010-b6e7-dd3cfd1f73f2.usdz,2026-08-05 19:15:07,huggingface,26.04
f707d3a5-7460-4e6d-bef2-a52a866dbe64,clipgt-0ef6ea6a-8dd6-4787-80a4-3d949faadeb4,26.4.96-91b06fb8,sample_set/26.04_release/0ef6ea6a-8dd6-4787-80a4-3d949faadeb4/0ef6ea6a-8dd6-4787-80a4-3d949faadeb4.usdz,2026-08-05 19:15:07,huggingface,26.04
a7b0fe95-986b-43a8-b63f-6e4e8e42a186,clipgt-0ef9835a-64f9-4f2b-b364-098a838b6fd4,26.4.96-91b06fb8,sample_set/26.04_release/0ef9835a-64f9-4f2b-b364-098a838b6fd4/0ef9835a-64f9-4f2b-b364-098a838b6fd4.usdz,2026-08-05 19:15:07,huggingface,26.04
d8cff9dc-ed26-4e4a-bbc1-d569eefda1e3,clipgt-0f16eea8-3541-4c81-be1a-4353691ae4b9,26.4.96-91b06fb8,sample_set/26.04_release/0f16eea8-3541-4c81-be1a-4353691ae4b9/0f16eea8-3541-4c81-be1a-4353691ae4b9.usdz,2026-08-05 19:15:07,huggingface,26.04
693a7aba-b7c0-4b44-827f-15c0f51bb5d4,clipgt-0f4b8753-22c6-4440-814d-8cb6d641ffd0,26.4.96-91b06fb8,sample_set/26.04_release/0f4b8753-22c6-4440-814d-8cb6d641ffd0/0f4b8753-22c6-4440-814d-8cb6d641ffd0.usdz,2026-08-05 19:15:07,huggingface,26.04
09415452-bd19-4465-8c2f-9519e1ca19fa,clipgt-0f525628-b4c3-4506-8b16-a27385913fa5,26.4.96-91b06fb8,sample_set/26.04_release/0f525628-b4c3-4506-8b16-a27385913fa5/0f525628-b4c3-4506-8b16-a27385913fa5.usdz,2026-08-05 19:15:07,huggingface,26.04
6edae164-5fa5-4bbc-a745-ca676b300ee4,clipgt-0fb75b6e-edbc-406d-a94d-56620a7526b3,26.4.96-91b06fb8,sample_set/26.04_release/0fb75b6e-edbc-406d-a94d-56620a7526b3/0fb75b6e-edbc-406d-a94d-56620a7526b3.usdz,2026-08-05 19:15:07,huggingface,26.04
4980543b-392d-4d05-bde4-ff006815b511,clipgt-0fb94790-b759-41f2-8cd9-63a58dfa0861,26.4.96-91b06fb8,sample_set/26.04_release/0fb94790-b759-41f2-8cd9-63a58dfa0861/0fb94790-b759-41f2-8cd9-63a58dfa0861.usdz,2026-08-05 19:15:07,huggingface,26.04
b84b3c29-7802-47e9-8adc-c813bb74e64b,clipgt-10834e23-7e77-4256-987f-dc5cbd49e484,26.4.96-91b06fb8,sample_set/26.04_release/10834e23-7e77-4256-987f-dc5cbd49e484/10834e23-7e77-4256-987f-dc5cbd49e484.usdz,2026-08-05 19:15:07,huggingface,26.04
62a0faa2-f28b-4cf9-b8a2-cb8700fd7174,clipgt-10a82476-9cae-46a0-99e0-4c153ca8268d,26.4.96-91b06fb8,sample_set/26.04_release/10a82476-9cae-46a0-99e0-4c153ca8268d/10a82476-9cae-46a0-99e0-4c153ca8268d.usdz,2026-08-05 19:15:07,huggingface,26.04
5909d874-7e82-400a-a4a8-aa92f415a8b4,clipgt-10aa74d2-9fb2-4441-8101-33c62fe97b7a,26.4.96-91b06fb8,sample_set/26.04_release/10aa74d2-9fb2-4441-8101-33c62fe97b7a/10aa74d2-9fb2-4441-8101-33c62fe97b7a.usdz,2026-08-05 19:15:07,huggingface,26.04
49f05a3e-6bfd-403e-9e10-a3df90eda15b,clipgt-10e91619-c0e2-4e87-abbb-40791a7ecb6b,26.4.96-91b06fb8,sample_set/26.04_release/10e91619-c0e2-4e87-abbb-40791a7ecb6b/10e91619-c0e2-4e87-abbb-40791a7ecb6b.usdz,2026-08-05 19:15:07,huggingface,26.04
c3096553-924a-4298-accb-1bc632a2793c,clipgt-10eef229-32c8-4ef5-8a53-2e5e4b6675a0,26.4.96-91b06fb8,sample_set/26.04_release/10eef229-32c8-4ef5-8a53-2e5e4b6675a0/10eef229-32c8-4ef5-8a53-2e5e4b6675a0.usdz,2026-08-05 19:15:07,huggingface,26.04
5f070831-19d0-4e40-b2f5-af44973ae057,clipgt-10fe595e-5aa9-44fe-ac74-af3c0b5fecdb,26.4.96-91b06fb8,sample_set/26.04_release/10fe595e-5aa9-44fe-ac74-af3c0b5fecdb/10fe595e-5aa9-44fe-ac74-af3c0b5fecdb.usdz,2026-08-05 19:15:07,huggingface,26.04
95831fbc-3147-4dec-bae6-436d472ff7d6,clipgt-1182b9c0-56b4-4c28-b7c3-5c9de0256699,26.4.96-91b06fb8,sample_set/26.04_release/1182b9c0-56b4-4c28-b7c3-5c9de0256699/1182b9c0-56b4-4c28-b7c3-5c9de0256699.usdz,2026-08-05 19:15:07,huggingface,26.04
b7a45151-986f-4012-b0cb-6fe2a703f0c5,clipgt-11d76816-1acd-49eb-902e-5a973a558e32,26.4.96-91b06fb8,sample_set/26.04_release/11d76816-1acd-49eb-902e-5a973a558e32/11d76816-1acd-49eb-902e-5a973a558e32.usdz,2026-08-05 19:15:07,huggingface,26.04
26568eee-4485-4fc4-9286-bff5894f9d4a,clipgt-11e26412-dfa2-404f-a163-c2c8743821ff,26.4.96-91b06fb8,sample_set/26.04_release/11e26412-dfa2-404f-a163-c2c8743821ff/11e26412-dfa2-404f-a163-c2c8743821ff.usdz,2026-08-05 19:15:07,huggingface,26.04
a7ca5263-3fc0-4339-b8a4-1ca290ce8e5c,clipgt-120b0581-8e71-488d-a377-e2a96b0d2e89,26.4.96-91b06fb8,sample_set/26.04_release/120b0581-8e71-488d-a377-e2a96b0d2e89/120b0581-8e71-488d-a377-e2a96b0d2e89.usdz,2026-08-05 19:15:07,huggingface,26.04
aeff7487-3fcd-4404-bc4a-2202ad3e241f,clipgt-12a27b22-f5ed-4e93-acb4-567bb0e0be57,26.4.96-91b06fb8,sample_set/26.04_release/12a27b22-f5ed-4e93-acb4-567bb0e0be57/12a27b22-f5ed-4e93-acb4-567bb0e0be57.usdz,2026-08-05 19:15:07,huggingface,26.04
e45f265a-eb50-47e0-945f-3f62ab4f98b4,clipgt-12c89c65-e52c-446e-9d0b-f4b783f46116,26.4.96-91b06fb8,sample_set/26.04_release/12c89c65-e52c-446e-9d0b-f4b783f46116/12c89c65-e52c-446e-9d0b-f4b783f46116.usdz,2026-08-05 19:15:07,huggingface,26.04
2fbfb42a-5da3-4bd6-981b-8afeac4ede91,clipgt-12ed6f9c-7b75-4915-961c-f7e57da33a74,26.4.96-91b06fb8,sample_set/26.04_release/12ed6f9c-7b75-4915-961c-f7e57da33a74/12ed6f9c-7b75-4915-961c-f7e57da33a74.usdz,2026-08-05 19:15:07,huggingface,26.04
35973012-2801-41ef-9c74-3d311e057603,clipgt-132ae6cb-1e58-42aa-8bf3-4381eb958e43,26.4.96-91b06fb8,sample_set/26.04_release/132ae6cb-1e58-42aa-8bf3-4381eb958e43/132ae6cb-1e58-42aa-8bf3-4381eb958e43.usdz,2026-08-05 19:15:07,huggingface,26.04
a8538db8-019b-4594-b0dc-d2965bbeaab9,clipgt-133a9c96-0cb9-41ae-8b84-ea87b74f3376,26.4.96-91b06fb8,sample_set/26.04_release/133a9c96-0cb9-41ae-8b84-ea87b74f3376/133a9c96-0cb9-41ae-8b84-ea87b74f3376.usdz,2026-08-05 19:15:07,huggingface,26.04
7f25b5bc-6e35-448a-9013-3ac5eb18c61c,clipgt-1340b864-e79d-4c2e-ba3b-8440032e830a,26.4.96-91b06fb8,sample_set/26.04_release/1340b864-e79d-4c2e-ba3b-8440032e830a/1340b864-e79d-4c2e-ba3b-8440032e830a.usdz,2026-08-05 19:15:07,huggingface,26.04
1a2bab7d-5eaa-4034-bba7-181325800d60,clipgt-1362a301-09fc-4a68-9135-4eaef109f0d0,26.4.96-91b06fb8,sample_set/26.04_release/1362a301-09fc-4a68-9135-4eaef109f0d0/1362a301-09fc-4a68-9135-4eaef109f0d0.usdz,2026-08-05 19:15:07,huggingface,26.04
29da7114-ce6a-41f5-9c8b-d46077e13f63,clipgt-1370aa93-94e4-4dcb-9855-ede07046cbff,26.4.96-91b06fb8,sample_set/26.04_release/1370aa93-94e4-4dcb-9855-ede07046cbff/1370aa93-94e4-4dcb-9855-ede07046cbff.usdz,2026-08-05 19:15:07,huggingface,26.04
66a25a43-d72c-4833-9f7a-33f19140b411,clipgt-13bf14b9-cd97-4e2b-92f1-d5bacfe22ab8,26.4.96-91b06fb8,sample_set/26.04_release/13bf14b9-cd97-4e2b-92f1-d5bacfe22ab8/13bf14b9-cd97-4e2b-92f1-d5bacfe22ab8.usdz,2026-08-05 19:15:07,huggingface,26.04
6fd60b85-242d-45f2-bc62-10525379bbce,clipgt-145bf9cc-0547-4e74-9903-2b6bac686245,26.4.96-91b06fb8,sample_set/26.04_release/145bf9cc-0547-4e74-9903-2b6bac686245/145bf9cc-0547-4e74-9903-2b6bac686245.usdz,2026-08-05 19:15:07,huggingface,26.04
4e49e85d-a2d2-40ec-9815-f0fd80373773,clipgt-14850e11-6a08-4cd7-9875-be353f1a764b,26.4.96-91b06fb8,sample_set/26.04_release/14850e11-6a08-4cd7-9875-be353f1a764b/14850e11-6a08-4cd7-9875-be353f1a764b.usdz,2026-08-05 19:15:07,huggingface,26.04
2bae5ef7-8d6c-495a-b2fb-dbad48a6aabf,clipgt-149fbd30-9ccf-4b23-b3fa-6ccbad8bb88c,26.4.96-91b06fb8,sample_set/26.04_release/149fbd30-9ccf-4b23-b3fa-6ccbad8bb88c/149fbd30-9ccf-4b23-b3fa-6ccbad8bb88c.usdz,2026-08-05 19:15:07,huggingface,26.04
be176bb0-9266-4064-9b81-e4a998d54662,clipgt-14e9329f-5964-4888-99d9-bb3027477bea,26.4.96-91b06fb8,sample_set/26.04_release/14e9329f-5964-4888-99d9-bb3027477bea/14e9329f-5964-4888-99d9-bb3027477bea.usdz,2026-08-05 19:15:07,huggingface,26.04
51b914c7-d1b4-4fc2-afa9-c0d64eeab025,clipgt-153222d8-e989-4828-ab09-b5f2a3a333a5,26.4.96-91b06fb8,sample_set/26.04_release/153222d8-e989-4828-ab09-b5f2a3a333a5/153222d8-e989-4828-ab09-b5f2a3a333a5.usdz,2026-08-05 19:15:07,huggingface,26.04
742e3819-7c00-4238-94f4-103c9bacc6fd,clipgt-1544b166-8f12-4481-a1c3-eeda51581e1a,26.4.96-91b06fb8,sample_set/26.04_release/1544b166-8f12-4481-a1c3-eeda51581e1a/1544b166-8f12-4481-a1c3-eeda51581e1a.usdz,2026-08-05 19:15:07,huggingface,26.04
c00c59c6-acd5-49a8-bce9-5b2229e91e52,clipgt-1594e89e-5d0a-48d6-8d2b-5a5c287d451c,26.4.96-91b06fb8,sample_set/26.04_release/1594e89e-5d0a-48d6-8d2b-5a5c287d451c/1594e89e-5d0a-48d6-8d2b-5a5c287d451c.usdz,2026-08-05 19:15:07,huggingface,26.04
424e9caa-050e-4504-9a98-c582c9eaa634,clipgt-15c2335d-ae77-459f-a57e-194ee3e44c82,26.4.96-91b06fb8,sample_set/26.04_release/15c2335d-ae77-459f-a57e-194ee3e44c82/15c2335d-ae77-459f-a57e-194ee3e44c82.usdz,2026-08-05 19:15:07,huggingface,26.04
d2029846-97d5-4978-a0da-036dae728faa,clipgt-15c75c83-b500-4a4b-aa97-533d2246a9d0,26.4.96-91b06fb8,sample_set/26.04_release/15c75c83-b500-4a4b-aa97-533d2246a9d0/15c75c83-b500-4a4b-aa97-533d2246a9d0.usdz,2026-08-05 19:15:07,huggingface,26.04
abb4321f-382d-4537-b4dd-4eccfbea20af,clipgt-15e74ae9-3bda-497c-ad76-51753f6dbf32,26.4.96-91b06fb8,sample_set/26.04_release/15e74ae9-3bda-497c-ad76-51753f6dbf32/15e74ae9-3bda-497c-ad76-51753f6dbf32.usdz,2026-08-05 19:15:07,huggingface,26.04
b370a730-cc6a-4794-a70c-0e178b1ebaa0,clipgt-15eaddae-2668-4969-9b1c-60942cc8fa09,26.4.96-91b06fb8,sample_set/26.04_release/15eaddae-2668-4969-9b1c-60942cc8fa09/15eaddae-2668-4969-9b1c-60942cc8fa09.usdz,2026-08-05 19:15:07,huggingface,26.04
c6fcbb30-c38c-406b-b344-6d97d53b407e,clipgt-15fd88d6-af76-41ea-9a63-b7c49b39ff11,26.4.96-91b06fb8,sample_set/26.04_release/15fd88d6-af76-41ea-9a63-b7c49b39ff11/15fd88d6-af76-41ea-9a63-b7c49b39ff11.usdz,2026-08-05 19:15:07,huggingface,26.04
b969a369-6cae-4d0e-a6e8-b3e5479646ef,clipgt-16150118-eef4-42d0-8358-15e787e236a5,26.4.96-91b06fb8,sample_set/26.04_release/16150118-eef4-42d0-8358-15e787e236a5/16150118-eef4-42d0-8358-15e787e236a5.usdz,2026-08-05 19:15:07,huggingface,26.04
5638a738-908f-43d6-8371-aae3a0c75c14,clipgt-161aff42-2c7f-4d9c-8a24-97a606bf3df8,26.4.96-91b06fb8,sample_set/26.04_release/161aff42-2c7f-4d9c-8a24-97a606bf3df8/161aff42-2c7f-4d9c-8a24-97a606bf3df8.usdz,2026-08-05 19:15:07,huggingface,26.04
c9391acf-44a8-4114-9c48-8873e498b066,clipgt-16300901-6733-4d2e-addd-456cc090153b,26.4.96-91b06fb8,sample_set/26.04_release/16300901-6733-4d2e-addd-456cc090153b/16300901-6733-4d2e-addd-456cc090153b.usdz,2026-08-05 19:15:07,huggingface,26.04
a42504ab-a695-4832-bbb3-21e81b509c52,clipgt-1656742b-a785-48fa-a1b0-e789da89d5ee,26.4.96-91b06fb8,sample_set/26.04_release/1656742b-a785-48fa-a1b0-e789da89d5ee/1656742b-a785-48fa-a1b0-e789da89d5ee.usdz,2026-08-05 19:15:07,huggingface,26.04
2d7a80e7-22fe-4f7e-b9a6-93cb99cca623,clipgt-1661c375-c900-4797-8c31-01f86a17d425,26.4.96-91b06fb8,sample_set/26.04_release/1661c375-c900-4797-8c31-01f86a17d425/1661c375-c900-4797-8c31-01f86a17d425.usdz,2026-08-05 19:15:07,huggingface,26.04
d3e5881c-783c-401a-8c82-b1c96bf5d3d1,clipgt-169d74f6-99f6-4f65-8352-b43bc6e80520,26.4.96-91b06fb8,sample_set/26.04_release/169d74f6-99f6-4f65-8352-b43bc6e80520/169d74f6-99f6-4f65-8352-b43bc6e80520.usdz,2026-08-05 19:15:07,huggingface,26.04
218a8ba2-94be-45f7-928a-14621b0663c0,clipgt-16eb5dec-90fa-4ce1-ade9-3f70c2ed9c9a,26.4.96-91b06fb8,sample_set/26.04_release/16eb5dec-90fa-4ce1-ade9-3f70c2ed9c9a/16eb5dec-90fa-4ce1-ade9-3f70c2ed9c9a.usdz,2026-08-05 19:15:07,huggingface,26.04
4e293d2b-23b4-4a04-82c8-e3f4d48a1cff,clipgt-16f25e75-5fc4-476c-9112-dd455dced8b9,26.4.96-91b06fb8,sample_set/26.04_release/16f25e75-5fc4-476c-9112-dd455dced8b9/16f25e75-5fc4-476c-9112-dd455dced8b9.usdz,2026-08-05 19:15:07,huggingface,26.04
055553b4-8008-41ca-b5f9-bab3e3cf8feb,clipgt-170a3280-64dc-488a-bd73-0a5f6fc5617a,26.4.96-91b06fb8,sample_set/26.04_release/170a3280-64dc-488a-bd73-0a5f6fc5617a/170a3280-64dc-488a-bd73-0a5f6fc5617a.usdz,2026-08-05 19:15:07,huggingface,26.04
3428193e-9be3-404f-9e6d-8b98863ef002,clipgt-1713b0b5-95e6-4289-bd77-7ce59d2013ca,26.4.96-91b06fb8,sample_set/26.04_release/1713b0b5-95e6-4289-bd77-7ce59d2013ca/1713b0b5-95e6-4289-bd77-7ce59d2013ca.usdz,2026-08-05 19:15:07,huggingface,26.04
5f4cbfad-39c5-4f34-9c7b-05d32f7728da,clipgt-1722223f-9a8f-4b5d-a9c1-b39390e78348,26.4.96-91b06fb8,sample_set/26.04_release/1722223f-9a8f-4b5d-a9c1-b39390e78348/1722223f-9a8f-4b5d-a9c1-b39390e78348.usdz,2026-08-05 19:15:07,huggingface,26.04
5578b7d6-7a08-4ae0-8ae4-5ea7f48f72a0,clipgt-17343b97-975b-4e32-9d1f-3ce37f99effc,26.4.96-91b06fb8,sample_set/26.04_release/17343b97-975b-4e32-9d1f-3ce37f99effc/17343b97-975b-4e32-9d1f-3ce37f99effc.usdz,2026-08-05 19:15:07,huggingface,26.04
3b3a901f-a9fd-4dbd-98dd-c4d5fd79d0bf,clipgt-17593485-1941-44bf-a7f2-3c24bdd4a8b1,26.4.96-91b06fb8,sample_set/26.04_release/17593485-1941-44bf-a7f2-3c24bdd4a8b1/17593485-1941-44bf-a7f2-3c24bdd4a8b1.usdz,2026-08-05 19:15:07,huggingface,26.04
0707d7e1-9e45-4676-a31b-40377b9c7784,clipgt-17ab62e4-36a2-4f6e-bdad-096298862116,26.4.96-91b06fb8,sample_set/26.04_release/17ab62e4-36a2-4f6e-bdad-096298862116/17ab62e4-36a2-4f6e-bdad-096298862116.usdz,2026-08-05 19:15:07,huggingface,26.04
4313e547-802e-4764-8cd2-f7f3b1eaa6a7,clipgt-17ad7fea-5672-4a12-8578-a3b3993b1027,26.4.96-91b06fb8,sample_set/26.04_release/17ad7fea-5672-4a12-8578-a3b3993b1027/17ad7fea-5672-4a12-8578-a3b3993b1027.usdz,2026-08-05 19:15:07,huggingface,26.04
10664f6c-3dd7-4548-89d9-63beacc3cf43,clipgt-17bec9f8-aa14-4091-ae83-b05714fe6e81,26.4.96-91b06fb8,sample_set/26.04_release/17bec9f8-aa14-4091-ae83-b05714fe6e81/17bec9f8-aa14-4091-ae83-b05714fe6e81.usdz,2026-08-05 19:15:07,huggingface,26.04
048ed00b-6ded-4a94-b0e7-5a0b2d108322,clipgt-17ca33eb-7b09-4f93-93b3-9583ab693228,26.4.96-91b06fb8,sample_set/26.04_release/17ca33eb-7b09-4f93-93b3-9583ab693228/17ca33eb-7b09-4f93-93b3-9583ab693228.usdz,2026-08-05 19:15:07,huggingface,26.04
235e6382-bbe8-4f19-9b5d-3007da046524,clipgt-17fa63c0-e650-4841-9f1e-e44f8cce182d,26.4.96-91b06fb8,sample_set/26.04_release/17fa63c0-e650-4841-9f1e-e44f8cce182d/17fa63c0-e650-4841-9f1e-e44f8cce182d.usdz,2026-08-05 19:15:07,huggingface,26.04
792c7f1b-b8e3-4977-a0a7-65f7787509aa,clipgt-1827c039-b11f-498e-964d-0f90a6475baa,26.4.96-91b06fb8,sample_set/26.04_release/1827c039-b11f-498e-964d-0f90a6475baa/1827c039-b11f-498e-964d-0f90a6475baa.usdz,2026-08-05 19:15:07,huggingface,26.04
e4dcee23-c33d-4c2d-a1d9-98b15bb2b7dd,clipgt-185ee101-147e-4e76-af41-a0d8b4beb2fe,26.4.96-91b06fb8,sample_set/26.04_release/185ee101-147e-4e76-af41-a0d8b4beb2fe/185ee101-147e-4e76-af41-a0d8b4beb2fe.usdz,2026-08-05 19:15:07,huggingface,26.04
6e3fff1b-b1b3-4b91-9537-9c02e739176d,clipgt-19073df6-076e-4ae0-9f8a-be59239919bb,26.4.96-91b06fb8,sample_set/26.04_release/19073df6-076e-4ae0-9f8a-be59239919bb/19073df6-076e-4ae0-9f8a-be59239919bb.usdz,2026-08-05 19:15:07,huggingface,26.04
7341fd4c-c34a-4d58-97df-7e313b590848,clipgt-192b11e4-9a76-456d-88b1-993942674cec,26.4.96-91b06fb8,sample_set/26.04_release/192b11e4-9a76-456d-88b1-993942674cec/192b11e4-9a76-456d-88b1-993942674cec.usdz,2026-08-05 19:15:07,huggingface,26.04
11dbad17-ceb4-4cc0-aa8d-c84001dffaa2,clipgt-193d4a94-55e0-4a37-a9d5-bc1414d7c33a,26.4.96-91b06fb8,sample_set/26.04_release/193d4a94-55e0-4a37-a9d5-bc1414d7c33a/193d4a94-55e0-4a37-a9d5-bc1414d7c33a.usdz,2026-08-05 19:15:07,huggingface,26.04
a1d2d28d-6a90-4b2d-a6da-46fd975976aa,clipgt-19585c5c-d523-49f4-bf15-59291e6c9278,26.4.96-91b06fb8,sample_set/26.04_release/19585c5c-d523-49f4-bf15-59291e6c9278/19585c5c-d523-49f4-bf15-59291e6c9278.usdz,2026-08-05 19:15:07,huggingface,26.04
82c8e947-da57-4264-a4d0-ce9517916e35,clipgt-195b19d3-30a4-4449-990e-43932e3597c5,26.4.96-91b06fb8,sample_set/26.04_release/195b19d3-30a4-4449-990e-43932e3597c5/195b19d3-30a4-4449-990e-43932e3597c5.usdz,2026-08-05 19:15:07,huggingface,26.04
6f9aeb34-9aff-43cf-8a01-9028ad350b41,clipgt-195e294c-7631-4f72-a495-4695723e10ce,26.4.96-91b06fb8,sample_set/26.04_release/195e294c-7631-4f72-a495-4695723e10ce/195e294c-7631-4f72-a495-4695723e10ce.usdz,2026-08-05 19:15:07,huggingface,26.04
d4ee96ad-2afc-48eb-83d4-3cf0569ed9d8,clipgt-19825ebf-ef39-4069-a2c4-c9fb1ece84a1,26.4.96-91b06fb8,sample_set/26.04_release/19825ebf-ef39-4069-a2c4-c9fb1ece84a1/19825ebf-ef39-4069-a2c4-c9fb1ece84a1.usdz,2026-08-05 19:15:07,huggingface,26.04
d6b00bf2-3129-4428-bd84-eb70be2cd379,clipgt-1996d376-4738-4252-b8cf-f65f03de1538,26.4.96-91b06fb8,sample_set/26.04_release/1996d376-4738-4252-b8cf-f65f03de1538/1996d376-4738-4252-b8cf-f65f03de1538.usdz,2026-08-05 19:15:07,huggingface,26.04
4cbf4a85-03d4-4cea-8cc9-717685986a14,clipgt-19dc4c06-0e82-4fc7-813f-34761e63d009,26.4.96-91b06fb8,sample_set/26.04_release/19dc4c06-0e82-4fc7-813f-34761e63d009/19dc4c06-0e82-4fc7-813f-34761e63d009.usdz,2026-08-05 19:15:07,huggingface,26.04
ef7c0581-b805-4fe4-9124-cf177d702c36,clipgt-1a394766-ea99-4cf5-98de-d1821222612b,26.4.96-91b06fb8,sample_set/26.04_release/1a394766-ea99-4cf5-98de-d1821222612b/1a394766-ea99-4cf5-98de-d1821222612b.usdz,2026-08-05 19:15:07,huggingface,26.04
533f7825-4a50-4ab7-9f5e-6762ff1742ef,clipgt-1a4792c0-cd4b-42fc-9615-2f5ff41f13e0,26.4.96-91b06fb8,sample_set/26.04_release/1a4792c0-cd4b-42fc-9615-2f5ff41f13e0/1a4792c0-cd4b-42fc-9615-2f5ff41f13e0.usdz,2026-08-05 19:15:07,huggingface,26.04
5902801f-ecf3-4b59-9faf-dd90a5ed29a7,clipgt-1a69f757-4f33-4fd7-98a6-3a026c88b571,26.4.96-91b06fb8,sample_set/26.04_release/1a69f757-4f33-4fd7-98a6-3a026c88b571/1a69f757-4f33-4fd7-98a6-3a026c88b571.usdz,2026-08-05 19:15:07,huggingface,26.04
575c20bd-417b-456c-a15f-4afcccc2e32c,clipgt-1a84a820-fa70-4e8a-80d6-3e88d8b3f4a5,26.4.96-91b06fb8,sample_set/26.04_release/1a84a820-fa70-4e8a-80d6-3e88d8b3f4a5/1a84a820-fa70-4e8a-80d6-3e88d8b3f4a5.usdz,2026-08-05 19:15:07,huggingface,26.04
cad3c356-68aa-4780-b3c8-f93d6774e504,clipgt-1a89339b-48d2-42c9-9b6b-277dd098112a,26.4.96-91b06fb8,sample_set/26.04_release/1a89339b-48d2-42c9-9b6b-277dd098112a/1a89339b-48d2-42c9-9b6b-277dd098112a.usdz,2026-08-05 19:15:07,huggingface,26.04
c7f85432-19f4-4585-a9a2-007f79bb0dbf,clipgt-1aa48b8a-a2d9-4540-8d7e-a6fafd5b0dca,26.4.96-91b06fb8,sample_set/26.04_release/1aa48b8a-a2d9-4540-8d7e-a6fafd5b0dca/1aa48b8a-a2d9-4540-8d7e-a6fafd5b0dca.usdz,2026-08-05 19:15:07,huggingface,26.04
f68500df-b8f5-442b-8fad-867353ba3d5b,clipgt-1aa55ab8-3e78-4f4b-9adc-d1efde8e5fab,26.4.96-91b06fb8,sample_set/26.04_release/1aa55ab8-3e78-4f4b-9adc-d1efde8e5fab/1aa55ab8-3e78-4f4b-9adc-d1efde8e5fab.usdz,2026-08-05 19:15:07,huggingface,26.04
dc4509fe-9c25-4869-b8e9-f2a7b6381209,clipgt-1ad2258e-7166-4af6-a076-d2174b78f73a,26.4.96-91b06fb8,sample_set/26.04_release/1ad2258e-7166-4af6-a076-d2174b78f73a/1ad2258e-7166-4af6-a076-d2174b78f73a.usdz,2026-08-05 19:15:07,huggingface,26.04
70166568-776d-43af-853c-bb39736a58e8,clipgt-1ad54fc0-1ccd-4855-8e76-b243938bba7b,26.4.96-91b06fb8,sample_set/26.04_release/1ad54fc0-1ccd-4855-8e76-b243938bba7b/1ad54fc0-1ccd-4855-8e76-b243938bba7b.usdz,2026-08-05 19:15:07,huggingface,26.04
9c192557-0f2e-45b4-9924-6592eb5dbd79,clipgt-1b024ad1-c2cc-4538-a7c5-8184f8cf0959,26.4.96-91b06fb8,sample_set/26.04_release/1b024ad1-c2cc-4538-a7c5-8184f8cf0959/1b024ad1-c2cc-4538-a7c5-8184f8cf0959.usdz,2026-08-05 19:15:07,huggingface,26.04
86bce57f-96de-42d4-8eda-4f16fcf65f01,clipgt-1b80e5ad-d436-4a3a-a639-ae991b443c5d,26.4.96-91b06fb8,sample_set/26.04_release/1b80e5ad-d436-4a3a-a639-ae991b443c5d/1b80e5ad-d436-4a3a-a639-ae991b443c5d.usdz,2026-08-05 19:15:07,huggingface,26.04
52a625a4-285e-475a-84a9-db31638b2207,clipgt-1bd00ed4-491c-4634-8a54-6ad2f96d83f4,26.4.96-91b06fb8,sample_set/26.04_release/1bd00ed4-491c-4634-8a54-6ad2f96d83f4/1bd00ed4-491c-4634-8a54-6ad2f96d83f4.usdz,2026-08-05 19:15:07,huggingface,26.04
b8fe256c-1805-430e-996d-bcdcedd67ad9,clipgt-1bdbff74-69d4-4c5d-8e3e-c8c7180dbdf8,26.4.96-91b06fb8,sample_set/26.04_release/1bdbff74-69d4-4c5d-8e3e-c8c7180dbdf8/1bdbff74-69d4-4c5d-8e3e-c8c7180dbdf8.usdz,2026-08-05 19:15:07,huggingface,26.04
66b72839-74f4-48bd-b26e-997a13fbc210,clipgt-1bed5f04-325a-41d1-9eb6-973285f62dae,26.4.96-91b06fb8,sample_set/26.04_release/1bed5f04-325a-41d1-9eb6-973285f62dae/1bed5f04-325a-41d1-9eb6-973285f62dae.usdz,2026-08-05 19:15:07,huggingface,26.04
508f8a69-5f8a-412e-bebb-fafd95d20bc2,clipgt-1bfad87c-4f52-4353-9f42-763a6ab8fbf5,26.4.96-91b06fb8,sample_set/26.04_release/1bfad87c-4f52-4353-9f42-763a6ab8fbf5/1bfad87c-4f52-4353-9f42-763a6ab8fbf5.usdz,2026-08-05 19:15:07,huggingface,26.04
021660cf-86ad-44bd-b1b8-3b05fd1a9d8a,clipgt-1c576012-70de-43e6-8e3f-bee14bb7a35a,26.4.96-91b06fb8,sample_set/26.04_release/1c576012-70de-43e6-8e3f-bee14bb7a35a/1c576012-70de-43e6-8e3f-bee14bb7a35a.usdz,2026-08-05 19:15:07,huggingface,26.04
0bab7f7f-3cfd-46cc-a031-39d33d0b83ab,clipgt-1c5b5611-79ba-43a5-8f73-b597e3620ef9,26.4.96-91b06fb8,sample_set/26.04_release/1c5b5611-79ba-43a5-8f73-b597e3620ef9/1c5b5611-79ba-43a5-8f73-b597e3620ef9.usdz,2026-08-05 19:15:07,huggingface,26.04
1f25ed35-ed20-4068-8ed8-f683e83da6af,clipgt-1c9774e9-02ec-4ae4-a404-c057c9aa88fe,26.4.96-91b06fb8,sample_set/26.04_release/1c9774e9-02ec-4ae4-a404-c057c9aa88fe/1c9774e9-02ec-4ae4-a404-c057c9aa88fe.usdz,2026-08-05 19:15:07,huggingface,26.04
f204651a-722a-41ca-91f7-823ab33d661b,clipgt-1cd9b073-5cbc-4c75-85e4-052299ee1cc1,26.4.96-91b06fb8,sample_set/26.04_release/1cd9b073-5cbc-4c75-85e4-052299ee1cc1/1cd9b073-5cbc-4c75-85e4-052299ee1cc1.usdz,2026-08-05 19:15:07,huggingface,26.04
88c776dc-3619-4ea8-bce5-67dc3ece1400,clipgt-1d5f7881-a7f4-4c60-8e56-6ab1b85c5689,26.4.96-91b06fb8,sample_set/26.04_release/1d5f7881-a7f4-4c60-8e56-6ab1b85c5689/1d5f7881-a7f4-4c60-8e56-6ab1b85c5689.usdz,2026-08-05 19:15:07,huggingface,26.04
00acdedb-3262-4880-a890-6541a54ede2e,clipgt-1d6e30bc-00d2-4c1f-b7e5-647719481dfc,26.4.96-91b06fb8,sample_set/26.04_release/1d6e30bc-00d2-4c1f-b7e5-647719481dfc/1d6e30bc-00d2-4c1f-b7e5-647719481dfc.usdz,2026-08-05 19:15:07,huggingface,26.04
231bfbf1-daf7-4ae0-ab03-73d76e47df8e,clipgt-1d879259-ba18-435b-8fc5-0234be52364e,26.4.96-91b06fb8,sample_set/26.04_release/1d879259-ba18-435b-8fc5-0234be52364e/1d879259-ba18-435b-8fc5-0234be52364e.usdz,2026-08-05 19:15:07,huggingface,26.04
a8a97324-be2c-4efe-bf0d-66267287164f,clipgt-1d87bdc8-a321-4796-9ca1-da8a94160535,26.4.96-91b06fb8,sample_set/26.04_release/1d87bdc8-a321-4796-9ca1-da8a94160535/1d87bdc8-a321-4796-9ca1-da8a94160535.usdz,2026-08-05 19:15:07,huggingface,26.04
9b97522b-bb4f-4e51-9fb6-69c643033c71,clipgt-1dbf641f-7723-473e-a6e2-488a3a7f949c,26.4.96-91b06fb8,sample_set/26.04_release/1dbf641f-7723-473e-a6e2-488a3a7f949c/1dbf641f-7723-473e-a6e2-488a3a7f949c.usdz,2026-08-05 19:15:07,huggingface,26.04
62e284b3-e81d-450d-b72e-87ec5378f784,clipgt-1e0b54b8-2608-4fe2-a2d2-0b05bf169e4a,26.4.96-91b06fb8,sample_set/26.04_release/1e0b54b8-2608-4fe2-a2d2-0b05bf169e4a/1e0b54b8-2608-4fe2-a2d2-0b05bf169e4a.usdz,2026-08-05 19:15:07,huggingface,26.04
8458cfba-0ad7-431e-9375-4517c8e7b616,clipgt-1e0f1cb2-0c16-4f65-b7f4-3858337ca7da,26.4.96-91b06fb8,sample_set/26.04_release/1e0f1cb2-0c16-4f65-b7f4-3858337ca7da/1e0f1cb2-0c16-4f65-b7f4-3858337ca7da.usdz,2026-08-05 19:15:07,huggingface,26.04
534ba420-039c-4da4-aec9-b1ce3ba6a8c8,clipgt-1e31b2ad-e61b-42b9-8c13-d40630d50172,26.4.96-91b06fb8,sample_set/26.04_release/1e31b2ad-e61b-42b9-8c13-d40630d50172/1e31b2ad-e61b-42b9-8c13-d40630d50172.usdz,2026-08-05 19:15:07,huggingface,26.04
1757e483-6504-4830-802f-83e7f98d736f,clipgt-1e53d45b-1593-4951-b85e-c28c20fa8d34,26.4.96-91b06fb8,sample_set/26.04_release/1e53d45b-1593-4951-b85e-c28c20fa8d34/1e53d45b-1593-4951-b85e-c28c20fa8d34.usdz,2026-08-05 19:15:07,huggingface,26.04
b6e1e228-43a0-43cf-8ba5-430616f9d49f,clipgt-1e5435de-0e4f-4f9c-943b-c44275544715,26.4.96-91b06fb8,sample_set/26.04_release/1e5435de-0e4f-4f9c-943b-c44275544715/1e5435de-0e4f-4f9c-943b-c44275544715.usdz,2026-08-05 19:15:07,huggingface,26.04
6a057b8c-c8f8-44c8-8cc4-d425d8edc6ad,clipgt-1e720496-74cc-4279-b74c-710829cbf05e,26.4.96-91b06fb8,sample_set/26.04_release/1e720496-74cc-4279-b74c-710829cbf05e/1e720496-74cc-4279-b74c-710829cbf05e.usdz,2026-08-05 19:15:07,huggingface,26.04
885a4225-7c67-421c-8377-177bc1b466a3,clipgt-1e7d049c-a19b-478a-8f49-126aff5f6ad3,26.4.96-91b06fb8,sample_set/26.04_release/1e7d049c-a19b-478a-8f49-126aff5f6ad3/1e7d049c-a19b-478a-8f49-126aff5f6ad3.usdz,2026-08-05 19:15:07,huggingface,26.04
ce34ff3e-9af9-41b3-b286-4d020da8d2d7,clipgt-1e883544-6828-4b76-8675-4da6adbec601,26.4.96-91b06fb8,sample_set/26.04_release/1e883544-6828-4b76-8675-4da6adbec601/1e883544-6828-4b76-8675-4da6adbec601.usdz,2026-08-05 19:15:07,huggingface,26.04
731780a8-87e7-4c87-b2ae-cf4d80e1e496,clipgt-1e884c53-d49b-4410-aeb4-65f5da23cf53,26.4.96-91b06fb8,sample_set/26.04_release/1e884c53-d49b-4410-aeb4-65f5da23cf53/1e884c53-d49b-4410-aeb4-65f5da23cf53.usdz,2026-08-05 19:15:07,huggingface,26.04
423d7fbb-642f-4552-8fc9-07e0e0faab26,clipgt-1e8e939e-932b-4511-a231-0282942cb4ca,26.4.96-91b06fb8,sample_set/26.04_release/1e8e939e-932b-4511-a231-0282942cb4ca/1e8e939e-932b-4511-a231-0282942cb4ca.usdz,2026-08-05 19:15:07,huggingface,26.04
11e4ccfa-ca81-4df0-9da9-af616fe9a309,clipgt-1ee06414-734b-47f3-8b5b-e1a810eb83e6,26.4.96-91b06fb8,sample_set/26.04_release/1ee06414-734b-47f3-8b5b-e1a810eb83e6/1ee06414-734b-47f3-8b5b-e1a810eb83e6.usdz,2026-08-05 19:15:07,huggingface,26.04
b0de7b9b-25ef-43ba-af53-29f19be617bd,clipgt-1f0db45a-1da6-4d5a-aa58-7905dfc2051d,26.4.96-91b06fb8,sample_set/26.04_release/1f0db45a-1da6-4d5a-aa58-7905dfc2051d/1f0db45a-1da6-4d5a-aa58-7905dfc2051d.usdz,2026-08-05 19:15:07,huggingface,26.04
aa4298b4-4419-472c-b7c4-de1e3636c875,clipgt-1f75b859-8f33-4841-bfbb-8e7d64621859,26.4.96-91b06fb8,sample_set/26.04_release/1f75b859-8f33-4841-bfbb-8e7d64621859/1f75b859-8f33-4841-bfbb-8e7d64621859.usdz,2026-08-05 19:15:07,huggingface,26.04
c41acbc6-d193-4f0a-abd5-e48ba0c27e5e,clipgt-1fcacc17-2f22-437e-84f3-a8451431f39b,26.4.96-91b06fb8,sample_set/26.04_release/1fcacc17-2f22-437e-84f3-a8451431f39b/1fcacc17-2f22-437e-84f3-a8451431f39b.usdz,2026-08-05 19:15:07,huggingface,26.04
1a658b0c-572a-4146-9a4f-44c6a1bec3cb,clipgt-200c6367-6372-437d-949b-620851624628,26.4.96-91b06fb8,sample_set/26.04_release/200c6367-6372-437d-949b-620851624628/200c6367-6372-437d-949b-620851624628.usdz,2026-08-05 19:15:07,huggingface,26.04
1d5cdd76-bdb9-4598-9a1d-171cd3908d2a,clipgt-2018a8c7-21ad-42f9-818e-9e45cadbbe6d,26.4.96-91b06fb8,sample_set/26.04_release/2018a8c7-21ad-42f9-818e-9e45cadbbe6d/2018a8c7-21ad-42f9-818e-9e45cadbbe6d.usdz,2026-08-05 19:15:07,huggingface,26.04
b31b7ca7-f478-4b67-ab1d-25bb822fb524,clipgt-209428ee-53bf-4338-afcf-cd0fc33a94b2,26.4.96-91b06fb8,sample_set/26.04_release/209428ee-53bf-4338-afcf-cd0fc33a94b2/209428ee-53bf-4338-afcf-cd0fc33a94b2.usdz,2026-08-05 19:15:07,huggingface,26.04
072262af-ca5a-4e78-9666-c9ae385a05e5,clipgt-20a9fb48-2989-4ed1-8cb9-8b5973e6b96e,26.4.96-91b06fb8,sample_set/26.04_release/20a9fb48-2989-4ed1-8cb9-8b5973e6b96e/20a9fb48-2989-4ed1-8cb9-8b5973e6b96e.usdz,2026-08-05 19:15:07,huggingface,26.04
b3429b75-c7c1-4d37-9e26-5b6865a3f392,clipgt-20b83e7f-e9c3-4fa9-aa91-bfcfeb7e13d0,26.4.96-91b06fb8,sample_set/26.04_release/20b83e7f-e9c3-4fa9-aa91-bfcfeb7e13d0/20b83e7f-e9c3-4fa9-aa91-bfcfeb7e13d0.usdz,2026-08-05 19:15:07,huggingface,26.04
d1f170e1-40c3-4827-b499-dda47315dce9,clipgt-213dfdac-3596-472d-8dc9-aaef6d0a7b92,26.4.96-91b06fb8,sample_set/26.04_release/213dfdac-3596-472d-8dc9-aaef6d0a7b92/213dfdac-3596-472d-8dc9-aaef6d0a7b92.usdz,2026-08-05 19:15:07,huggingface,26.04
3bc9cafe-722f-4e6f-8fd2-e2805f1dc2a3,clipgt-21626256-03c1-4b4a-857e-09b20eb8f636,26.4.96-91b06fb8,sample_set/26.04_release/21626256-03c1-4b4a-857e-09b20eb8f636/21626256-03c1-4b4a-857e-09b20eb8f636.usdz,2026-08-05 19:15:07,huggingface,26.04
fc1a0a9a-97a9-4cfb-b48e-0e1dfb61a8a5,clipgt-21ba518c-a6a8-493e-b2c8-f96d043b4c06,26.4.96-91b06fb8,sample_set/26.04_release/21ba518c-a6a8-493e-b2c8-f96d043b4c06/21ba518c-a6a8-493e-b2c8-f96d043b4c06.usdz,2026-08-05 19:15:07,huggingface,26.04
81d02326-0b9d-49bc-a21c-8e83811c1544,clipgt-21d4de35-b8d4-46b4-803d-7c22528961ea,26.4.96-91b06fb8,sample_set/26.04_release/21d4de35-b8d4-46b4-803d-7c22528961ea/21d4de35-b8d4-46b4-803d-7c22528961ea.usdz,2026-08-05 19:15:07,huggingface,26.04
9d15614d-0e92-4d0b-9c90-b09248bdeec5,clipgt-21e8f480-bb8f-4bf4-ba9b-1be79cfaaacf,26.4.96-91b06fb8,sample_set/26.04_release/21e8f480-bb8f-4bf4-ba9b-1be79cfaaacf/21e8f480-bb8f-4bf4-ba9b-1be79cfaaacf.usdz,2026-08-05 19:15:07,huggingface,26.04
390d1edc-b49c-4e34-832b-70bece3bb932,clipgt-2221b2b3-1e50-44dc-ba04-55367379b72f,26.4.96-91b06fb8,sample_set/26.04_release/2221b2b3-1e50-44dc-ba04-55367379b72f/2221b2b3-1e50-44dc-ba04-55367379b72f.usdz,2026-08-05 19:15:07,huggingface,26.04
60daac70-3cbe-4d3c-9e45-4638d62b00f0,clipgt-229791a5-ecf5-45ea-94af-dcc1cec726ef,26.4.96-91b06fb8,sample_set/26.04_release/229791a5-ecf5-45ea-94af-dcc1cec726ef/229791a5-ecf5-45ea-94af-dcc1cec726ef.usdz,2026-08-05 19:15:07,huggingface,26.04
fa7bb123-9767-4eb4-8863-26eaf6958eb2,clipgt-22ab49c5-2c92-463b-b890-0b2208c436b1,26.4.96-91b06fb8,sample_set/26.04_release/22ab49c5-2c92-463b-b890-0b2208c436b1/22ab49c5-2c92-463b-b890-0b2208c436b1.usdz,2026-08-05 19:15:07,huggingface,26.04
1ce265da-cc08-4430-94c1-3547fa52611d,clipgt-22c0d046-e0a1-408b-854f-0a0dae950b07,26.4.96-91b06fb8,sample_set/26.04_release/22c0d046-e0a1-408b-854f-0a0dae950b07/22c0d046-e0a1-408b-854f-0a0dae950b07.usdz,2026-08-05 19:15:07,huggingface,26.04
ff37fe13-1e57-48d4-a3aa-aebcc1b4d982,clipgt-22f408ec-4e26-4be0-89e5-a26d3b989be7,26.4.96-91b06fb8,sample_set/26.04_release/22f408ec-4e26-4be0-89e5-a26d3b989be7/22f408ec-4e26-4be0-89e5-a26d3b989be7.usdz,2026-08-05 19:15:07,huggingface,26.04
77a1d481-2294-425d-ac61-70a4377c0a61,clipgt-22fa5c92-6e6f-4f4e-bbfa-9a1490f9cd38,26.4.96-91b06fb8,sample_set/26.04_release/22fa5c92-6e6f-4f4e-bbfa-9a1490f9cd38/22fa5c92-6e6f-4f4e-bbfa-9a1490f9cd38.usdz,2026-08-05 19:15:07,huggingface,26.04
74a1373b-c1cb-4e6f-8264-a2e3b2fe9946,clipgt-232d240e-5ccb-41ce-9954-97c336fa45af,26.4.96-91b06fb8,sample_set/26.04_release/232d240e-5ccb-41ce-9954-97c336fa45af/232d240e-5ccb-41ce-9954-97c336fa45af.usdz,2026-08-05 19:15:07,huggingface,26.04
335e6375-b05a-479c-b30a-86ac61b2dd76,clipgt-234e824e-f19d-4e14-964a-d47b5919a941,26.4.96-91b06fb8,sample_set/26.04_release/234e824e-f19d-4e14-964a-d47b5919a941/234e824e-f19d-4e14-964a-d47b5919a941.usdz,2026-08-05 19:15:07,huggingface,26.04
cd6c9082-ab88-4c27-9ee0-41b4c2a3b292,clipgt-2374aa97-69ec-4365-8735-b051ff0e1886,26.4.96-91b06fb8,sample_set/26.04_release/2374aa97-69ec-4365-8735-b051ff0e1886/2374aa97-69ec-4365-8735-b051ff0e1886.usdz,2026-08-05 19:15:07,huggingface,26.04
02c765a1-7733-4751-9d14-77432bf8cb14,clipgt-2387cbf7-1d05-4854-8c20-d3ed91d1bffe,26.4.96-91b06fb8,sample_set/26.04_release/2387cbf7-1d05-4854-8c20-d3ed91d1bffe/2387cbf7-1d05-4854-8c20-d3ed91d1bffe.usdz,2026-08-05 19:15:07,huggingface,26.04
6a88925b-36a8-40e0-a11d-057284c8fda1,clipgt-240c081f-03ca-4eae-89a3-1b821e47d502,26.4.96-91b06fb8,sample_set/26.04_release/240c081f-03ca-4eae-89a3-1b821e47d502/240c081f-03ca-4eae-89a3-1b821e47d502.usdz,2026-08-05 19:15:07,huggingface,26.04
3ddc1b6f-4124-4478-b480-412cc64719d6,clipgt-245495e4-24f4-4edb-8eb2-a02f0d20b3f8,26.4.96-91b06fb8,sample_set/26.04_release/245495e4-24f4-4edb-8eb2-a02f0d20b3f8/245495e4-24f4-4edb-8eb2-a02f0d20b3f8.usdz,2026-08-05 19:15:07,huggingface,26.04
9ed11a60-a0c4-4ab8-a4df-c8c685e7120e,clipgt-249733bd-12e5-40d1-bf50-54564f6654e3,26.4.96-91b06fb8,sample_set/26.04_release/249733bd-12e5-40d1-bf50-54564f6654e3/249733bd-12e5-40d1-bf50-54564f6654e3.usdz,2026-08-05 19:15:07,huggingface,26.04
ac96f3b0-ffc1-4f4a-ac99-08288e8acd63,clipgt-24a1b702-d705-415a-9b67-bfed47465d29,26.4.96-91b06fb8,sample_set/26.04_release/24a1b702-d705-415a-9b67-bfed47465d29/24a1b702-d705-415a-9b67-bfed47465d29.usdz,2026-08-05 19:15:07,huggingface,26.04
7ab07c50-9fa2-4a92-8137-3d2453de2fd7,clipgt-24a50fcc-08c6-493e-b1a6-70c7e95688dd,26.4.96-91b06fb8,sample_set/26.04_release/24a50fcc-08c6-493e-b1a6-70c7e95688dd/24a50fcc-08c6-493e-b1a6-70c7e95688dd.usdz,2026-08-05 19:15:07,huggingface,26.04
4e183c58-11b6-44be-a1ac-392196c2a8aa,clipgt-24ffbf90-1e77-4bbd-95a3-913a347e800e,26.4.96-91b06fb8,sample_set/26.04_release/24ffbf90-1e77-4bbd-95a3-913a347e800e/24ffbf90-1e77-4bbd-95a3-913a347e800e.usdz,2026-08-05 19:15:07,huggingface,26.04
fe785076-3bab-4499-bd35-4929cf7c8ff7,clipgt-25020844-0ed9-4838-b800-454bfda2e013,26.4.96-91b06fb8,sample_set/26.04_release/25020844-0ed9-4838-b800-454bfda2e013/25020844-0ed9-4838-b800-454bfda2e013.usdz,2026-08-05 19:15:07,huggingface,26.04
22b3628d-272d-478d-b7da-1b19fab4d9de,clipgt-2509e4dd-c27a-4461-b846-34174343e4db,26.4.96-91b06fb8,sample_set/26.04_release/2509e4dd-c27a-4461-b846-34174343e4db/2509e4dd-c27a-4461-b846-34174343e4db.usdz,2026-08-05 19:15:07,huggingface,26.04
d221bea8-019f-4ab5-8ae6-cd65244a068a,clipgt-25151bb2-6aca-4b8c-bc42-841a27d32d77,26.4.96-91b06fb8,sample_set/26.04_release/25151bb2-6aca-4b8c-bc42-841a27d32d77/25151bb2-6aca-4b8c-bc42-841a27d32d77.usdz,2026-08-05 19:15:07,huggingface,26.04
8acd6ea4-237c-45eb-8f7f-865060c0532d,clipgt-2516202b-7d0c-4456-85cb-b88b351f0655,26.4.96-91b06fb8,sample_set/26.04_release/2516202b-7d0c-4456-85cb-b88b351f0655/2516202b-7d0c-4456-85cb-b88b351f0655.usdz,2026-08-05 19:15:07,huggingface,26.04
aa69b578-af3d-4f1b-ab13-966a18469651,clipgt-251664d8-fe13-4d6c-aeaf-216e6d11696b,26.4.96-91b06fb8,sample_set/26.04_release/251664d8-fe13-4d6c-aeaf-216e6d11696b/251664d8-fe13-4d6c-aeaf-216e6d11696b.usdz,2026-08-05 19:15:07,huggingface,26.04
6e9cadf2-d818-4b13-a712-721786924e8d,clipgt-252f2781-e7f5-459f-a5bf-1129bfa2ed62,26.4.96-91b06fb8,sample_set/26.04_release/252f2781-e7f5-459f-a5bf-1129bfa2ed62/252f2781-e7f5-459f-a5bf-1129bfa2ed62.usdz,2026-08-05 19:15:07,huggingface,26.04
8483c6b8-bad1-41a5-8641-ebbbd7af561d,clipgt-25343c92-abac-49bd-8cd3-bedc3215ed0f,26.4.96-91b06fb8,sample_set/26.04_release/25343c92-abac-49bd-8cd3-bedc3215ed0f/25343c92-abac-49bd-8cd3-bedc3215ed0f.usdz,2026-08-05 19:15:07,huggingface,26.04
b861761a-7325-4849-9a96-4bb338c5c8b6,clipgt-2554a11a-f982-438b-804f-96d04aa94903,26.4.96-91b06fb8,sample_set/26.04_release/2554a11a-f982-438b-804f-96d04aa94903/2554a11a-f982-438b-804f-96d04aa94903.usdz,2026-08-05 19:15:07,huggingface,26.04
3b156799-5ea1-4631-aac7-85524f3c5e76,clipgt-255c242a-9ae0-4f70-9696-91fc7836087d,26.4.96-91b06fb8,sample_set/26.04_release/255c242a-9ae0-4f70-9696-91fc7836087d/255c242a-9ae0-4f70-9696-91fc7836087d.usdz,2026-08-05 19:15:07,huggingface,26.04
e90972fb-5055-4d2d-8e52-8b22fe05cc5d,clipgt-25cc74b5-b8a5-4fb4-afd0-d681aec94f77,26.4.96-91b06fb8,sample_set/26.04_release/25cc74b5-b8a5-4fb4-afd0-d681aec94f77/25cc74b5-b8a5-4fb4-afd0-d681aec94f77.usdz,2026-08-05 19:15:07,huggingface,26.04
36e0188b-06ec-428e-82d7-7853b1caefde,clipgt-25d10a4e-5898-4b57-b3de-5a4f80de5464,26.4.96-91b06fb8,sample_set/26.04_release/25d10a4e-5898-4b57-b3de-5a4f80de5464/25d10a4e-5898-4b57-b3de-5a4f80de5464.usdz,2026-08-05 19:15:07,huggingface,26.04
ca2b3416-2d39-436c-aeb2-8148f6b00269,clipgt-26004ca8-cf2f-4f1e-b7aa-07761e139d7e,26.4.96-91b06fb8,sample_set/26.04_release/26004ca8-cf2f-4f1e-b7aa-07761e139d7e/26004ca8-cf2f-4f1e-b7aa-07761e139d7e.usdz,2026-08-05 19:15:07,huggingface,26.04
f530d4e1-2498-4949-a70c-6be3402c9995,clipgt-2640e5d4-678e-427a-85b4-072f98a445f3,26.4.96-91b06fb8,sample_set/26.04_release/2640e5d4-678e-427a-85b4-072f98a445f3/2640e5d4-678e-427a-85b4-072f98a445f3.usdz,2026-08-05 19:15:07,huggingface,26.04
43f03d34-3301-4544-b354-e581cdf76365,clipgt-268949d2-3e20-4972-8785-c15e4fcb5fde,26.4.96-91b06fb8,sample_set/26.04_release/268949d2-3e20-4972-8785-c15e4fcb5fde/268949d2-3e20-4972-8785-c15e4fcb5fde.usdz,2026-08-05 19:15:07,huggingface,26.04
b7775760-78d4-49cf-ba0b-d4336f1301e8,clipgt-26b07382-fcfb-4c6d-9dba-55d6ab124251,26.4.96-91b06fb8,sample_set/26.04_release/26b07382-fcfb-4c6d-9dba-55d6ab124251/26b07382-fcfb-4c6d-9dba-55d6ab124251.usdz,2026-08-05 19:15:07,huggingface,26.04
0c222bf5-369c-4a60-a927-02d5bbb49c05,clipgt-26f70650-1e7f-4b35-9e0a-9afe64537bc7,26.4.96-91b06fb8,sample_set/26.04_release/26f70650-1e7f-4b35-9e0a-9afe64537bc7/26f70650-1e7f-4b35-9e0a-9afe64537bc7.usdz,2026-08-05 19:15:07,huggingface,26.04
3f678165-d755-4201-8a10-37be63a34487,clipgt-26ffa56a-1863-45f0-bc51-ab393075a099,26.4.96-91b06fb8,sample_set/26.04_release/26ffa56a-1863-45f0-bc51-ab393075a099/26ffa56a-1863-45f0-bc51-ab393075a099.usdz,2026-08-05 19:15:07,huggingface,26.04
af6b55b7-bfb6-4df1-a0a9-d31b91be89c7,clipgt-27068a85-f418-41ba-9c6f-f1ce69c9f892,26.4.96-91b06fb8,sample_set/26.04_release/27068a85-f418-41ba-9c6f-f1ce69c9f892/27068a85-f418-41ba-9c6f-f1ce69c9f892.usdz,2026-08-05 19:15:07,huggingface,26.04
6a6f9bf6-0761-4b20-b30f-329061155eaf,clipgt-27126a85-9155-44d4-9c59-5f93d33e73b0,26.4.96-91b06fb8,sample_set/26.04_release/27126a85-9155-44d4-9c59-5f93d33e73b0/27126a85-9155-44d4-9c59-5f93d33e73b0.usdz,2026-08-05 19:15:07,huggingface,26.04
628f99bd-2863-4e9a-99cc-8e54fe7c2ff5,clipgt-272461db-5735-4a21-a682-7055fcd3b7df,26.4.96-91b06fb8,sample_set/26.04_release/272461db-5735-4a21-a682-7055fcd3b7df/272461db-5735-4a21-a682-7055fcd3b7df.usdz,2026-08-05 19:15:07,huggingface,26.04
cac583d1-bbf5-4cd7-a5c5-6ab7d40d49b1,clipgt-27324e1f-2e34-4dbe-8ce8-52ee90812e78,26.4.96-91b06fb8,sample_set/26.04_release/27324e1f-2e34-4dbe-8ce8-52ee90812e78/27324e1f-2e34-4dbe-8ce8-52ee90812e78.usdz,2026-08-05 19:15:07,huggingface,26.04
a7d53025-d4d4-4a88-97b4-811bbadd832f,clipgt-2774114a-2929-4ddf-bf08-63da4cf2342e,26.4.96-91b06fb8,sample_set/26.04_release/2774114a-2929-4ddf-bf08-63da4cf2342e/2774114a-2929-4ddf-bf08-63da4cf2342e.usdz,2026-08-05 19:15:07,huggingface,26.04
28189262-b679-4588-9bd9-fbd47f0182be,clipgt-27e14d22-f753-4b42-88ee-70d886622908,26.4.96-91b06fb8,sample_set/26.04_release/27e14d22-f753-4b42-88ee-70d886622908/27e14d22-f753-4b42-88ee-70d886622908.usdz,2026-08-05 19:15:07,huggingface,26.04
efbd7b03-39e5-408f-9d60-36b98273d7d0,clipgt-2837a7e8-cccd-4e78-9b3c-2f7582592fa2,26.4.96-91b06fb8,sample_set/26.04_release/2837a7e8-cccd-4e78-9b3c-2f7582592fa2/2837a7e8-cccd-4e78-9b3c-2f7582592fa2.usdz,2026-08-05 19:15:07,huggingface,26.04
ce77277c-8b5a-41ef-ae62-50f1b2354d7c,clipgt-28621273-20ed-4570-98d1-cd0dcf451fc1,26.4.96-91b06fb8,sample_set/26.04_release/28621273-20ed-4570-98d1-cd0dcf451fc1/28621273-20ed-4570-98d1-cd0dcf451fc1.usdz,2026-08-05 19:15:07,huggingface,26.04
e8ec7b7a-7518-414c-ba20-46858f964764,clipgt-28c58eaa-60cc-4db4-b9cb-9b9b36df4694,26.4.96-91b06fb8,sample_set/26.04_release/28c58eaa-60cc-4db4-b9cb-9b9b36df4694/28c58eaa-60cc-4db4-b9cb-9b9b36df4694.usdz,2026-08-05 19:15:07,huggingface,26.04
343000cf-c095-4263-8439-831f25d26daa,clipgt-28f20041-1346-4c7c-b76f-02b000c81324,26.4.96-91b06fb8,sample_set/26.04_release/28f20041-1346-4c7c-b76f-02b000c81324/28f20041-1346-4c7c-b76f-02b000c81324.usdz,2026-08-05 19:15:07,huggingface,26.04
c7b68cb3-f695-476b-b92a-3f80214baea8,clipgt-28fda1db-773b-450d-bfec-5538ba5503db,26.4.96-91b06fb8,sample_set/26.04_release/28fda1db-773b-450d-bfec-5538ba5503db/28fda1db-773b-450d-bfec-5538ba5503db.usdz,2026-08-05 19:15:07,huggingface,26.04
129efeb4-8f86-4903-9672-473565b810aa,clipgt-2902f996-1cdc-414a-a08f-edd94982486d,26.4.96-91b06fb8,sample_set/26.04_release/2902f996-1cdc-414a-a08f-edd94982486d/2902f996-1cdc-414a-a08f-edd94982486d.usdz,2026-08-05 19:15:07,huggingface,26.04
0e02ad6e-daa4-4204-afff-e79a5464d453,clipgt-2965d3fa-9e84-4503-9dc8-c0769da354dc,26.4.96-91b06fb8,sample_set/26.04_release/2965d3fa-9e84-4503-9dc8-c0769da354dc/2965d3fa-9e84-4503-9dc8-c0769da354dc.usdz,2026-08-05 19:15:07,huggingface,26.04
ae1e0557-1e6a-4aac-9cd9-21f7a49179d4,clipgt-297777d4-3ca7-49fd-8d54-b3d784bf70b3,26.4.96-91b06fb8,sample_set/26.04_release/297777d4-3ca7-49fd-8d54-b3d784bf70b3/297777d4-3ca7-49fd-8d54-b3d784bf70b3.usdz,2026-08-05 19:15:07,huggingface,26.04
d22386b0-ff35-4516-909e-3c9b00a529f0,clipgt-29aea879-fe4e-4e81-adff-e8aaed8a529d,26.4.96-91b06fb8,sample_set/26.04_release/29aea879-fe4e-4e81-adff-e8aaed8a529d/29aea879-fe4e-4e81-adff-e8aaed8a529d.usdz,2026-08-05 19:15:07,huggingface,26.04
f69602b6-fb65-4142-8091-bf39af0d142c,clipgt-2a0efada-f32d-4757-9901-88fb8bfb501e,26.4.96-91b06fb8,sample_set/26.04_release/2a0efada-f32d-4757-9901-88fb8bfb501e/2a0efada-f32d-4757-9901-88fb8bfb501e.usdz,2026-08-05 19:15:07,huggingface,26.04
36d87cf0-9773-4ea3-b23c-e1769d689e4d,clipgt-2a412836-cbe9-4e4c-a0e1-302a2959098d,26.4.96-91b06fb8,sample_set/26.04_release/2a412836-cbe9-4e4c-a0e1-302a2959098d/2a412836-cbe9-4e4c-a0e1-302a2959098d.usdz,2026-08-05 19:15:07,huggingface,26.04
66fa64f9-e2da-4aeb-955e-9ddf419bde05,clipgt-2a47ea01-3cd8-4282-b834-76430b013c4c,26.4.96-91b06fb8,sample_set/26.04_release/2a47ea01-3cd8-4282-b834-76430b013c4c/2a47ea01-3cd8-4282-b834-76430b013c4c.usdz,2026-08-05 19:15:07,huggingface,26.04
9d2a250f-56ac-4c85-beb8-337d7c194d78,clipgt-2a882d89-eadc-42a4-a15c-5977361845f6,26.4.96-91b06fb8,sample_set/26.04_release/2a882d89-eadc-42a4-a15c-5977361845f6/2a882d89-eadc-42a4-a15c-5977361845f6.usdz,2026-08-05 19:15:07,huggingface,26.04
e62ee408-ca96-47aa-a6db-400d49ed8a4f,clipgt-2aa2f0c3-7945-4cab-8b35-bde7d99ee24f,26.4.96-91b06fb8,sample_set/26.04_release/2aa2f0c3-7945-4cab-8b35-bde7d99ee24f/2aa2f0c3-7945-4cab-8b35-bde7d99ee24f.usdz,2026-08-05 19:15:07,huggingface,26.04
641b1b59-62f9-4254-aba8-905271214a8d,clipgt-2aaad6c2-1080-4028-a78e-8c55adb4ccd4,26.4.96-91b06fb8,sample_set/26.04_release/2aaad6c2-1080-4028-a78e-8c55adb4ccd4/2aaad6c2-1080-4028-a78e-8c55adb4ccd4.usdz,2026-08-05 19:15:07,huggingface,26.04
17e7def6-4ff2-48fc-a8cb-2fe6bbdc07d1,clipgt-2ab29546-2823-42a7-a5a5-1f59fbe67a03,26.4.96-91b06fb8,sample_set/26.04_release/2ab29546-2823-42a7-a5a5-1f59fbe67a03/2ab29546-2823-42a7-a5a5-1f59fbe67a03.usdz,2026-08-05 19:15:07,huggingface,26.04
8bce2544-6cb7-4e5e-9c4d-02bedf4f5555,clipgt-2ae30ba8-80c0-45b3-8050-1c30bd6ed0ef,26.4.96-91b06fb8,sample_set/26.04_release/2ae30ba8-80c0-45b3-8050-1c30bd6ed0ef/2ae30ba8-80c0-45b3-8050-1c30bd6ed0ef.usdz,2026-08-05 19:15:07,huggingface,26.04
1b338d94-2997-4b1d-adfe-e0f0f27a3316,clipgt-2b577fc2-dbfb-4d08-8093-6c48a3d372f9,26.4.96-91b06fb8,sample_set/26.04_release/2b577fc2-dbfb-4d08-8093-6c48a3d372f9/2b577fc2-dbfb-4d08-8093-6c48a3d372f9.usdz,2026-08-05 19:15:07,huggingface,26.04
406082cb-9b0a-481c-b395-3745c23138ae,clipgt-2b5cab45-ddf5-4193-8be2-ee1a4424e5c5,26.4.96-91b06fb8,sample_set/26.04_release/2b5cab45-ddf5-4193-8be2-ee1a4424e5c5/2b5cab45-ddf5-4193-8be2-ee1a4424e5c5.usdz,2026-08-05 19:15:07,huggingface,26.04
fcf8fca6-7efb-4aea-8b5e-8d876e27062f,clipgt-2bbf1efc-55e9-4d87-bf74-0740353e8268,26.4.96-91b06fb8,sample_set/26.04_release/2bbf1efc-55e9-4d87-bf74-0740353e8268/2bbf1efc-55e9-4d87-bf74-0740353e8268.usdz,2026-08-05 19:15:07,huggingface,26.04
38c9751b-17a3-4c14-91e2-18c6611abaf6,clipgt-2bce2cbf-166c-4a52-a25c-25cfa1269ffc,26.4.96-91b06fb8,sample_set/26.04_release/2bce2cbf-166c-4a52-a25c-25cfa1269ffc/2bce2cbf-166c-4a52-a25c-25cfa1269ffc.usdz,2026-08-05 19:15:07,huggingface,26.04
599f2379-0bbd-4ee2-b4dd-40c2033ac78f,clipgt-2bde3a6a-beca-4471-8d22-d660676981a1,26.4.96-91b06fb8,sample_set/26.04_release/2bde3a6a-beca-4471-8d22-d660676981a1/2bde3a6a-beca-4471-8d22-d660676981a1.usdz,2026-08-05 19:15:07,huggingface,26.04
269a66e9-a08b-48e6-932e-d44b740c715c,clipgt-2bee2c3a-052e-4bae-a520-df77384d2101,26.4.96-91b06fb8,sample_set/26.04_release/2bee2c3a-052e-4bae-a520-df77384d2101/2bee2c3a-052e-4bae-a520-df77384d2101.usdz,2026-08-05 19:15:07,huggingface,26.04
300d2e8b-dfa6-4476-8564-fe7e617a8336,clipgt-2c1e7643-dba1-4434-80f8-89831d0b884b,26.4.96-91b06fb8,sample_set/26.04_release/2c1e7643-dba1-4434-80f8-89831d0b884b/2c1e7643-dba1-4434-80f8-89831d0b884b.usdz,2026-08-05 19:15:07,huggingface,26.04
2390fd19-3c4c-404c-8790-c2aa5687f3b3,clipgt-2c263e19-6fd3-4e33-a76a-308bf4f7641f,26.4.96-91b06fb8,sample_set/26.04_release/2c263e19-6fd3-4e33-a76a-308bf4f7641f/2c263e19-6fd3-4e33-a76a-308bf4f7641f.usdz,2026-08-05 19:15:07,huggingface,26.04
3070f26c-9aad-4246-9141-6429f7902481,clipgt-2c489b83-3987-4133-9975-e5b043e56c1d,26.4.96-91b06fb8,sample_set/26.04_release/2c489b83-3987-4133-9975-e5b043e56c1d/2c489b83-3987-4133-9975-e5b043e56c1d.usdz,2026-08-05 19:15:07,huggingface,26.04
1bbc8de5-7337-496a-8503-2721843a110d,clipgt-2c84ac16-0b90-4416-b7c2-553b2f331b7f,26.4.96-91b06fb8,sample_set/26.04_release/2c84ac16-0b90-4416-b7c2-553b2f331b7f/2c84ac16-0b90-4416-b7c2-553b2f331b7f.usdz,2026-08-05 19:15:07,huggingface,26.04
556df2d7-aa71-4aa0-8d9e-81934a9f3b4b,clipgt-2cc38bf3-2d83-4488-86f9-c57c8f89995c,26.4.96-91b06fb8,sample_set/26.04_release/2cc38bf3-2d83-4488-86f9-c57c8f89995c/2cc38bf3-2d83-4488-86f9-c57c8f89995c.usdz,2026-08-05 19:15:07,huggingface,26.04
e451125d-29ab-4465-872b-00031e0b000c,clipgt-2ce4e533-bfc2-4805-8d31-19542cc17408,26.4.96-91b06fb8,sample_set/26.04_release/2ce4e533-bfc2-4805-8d31-19542cc17408/2ce4e533-bfc2-4805-8d31-19542cc17408.usdz,2026-08-05 19:15:07,huggingface,26.04
aa7078c8-c504-4d25-8aa2-5840729b2e19,clipgt-2d1728e8-10c1-4735-9b0d-e5ac198cf6d3,26.4.96-91b06fb8,sample_set/26.04_release/2d1728e8-10c1-4735-9b0d-e5ac198cf6d3/2d1728e8-10c1-4735-9b0d-e5ac198cf6d3.usdz,2026-08-05 19:15:07,huggingface,26.04
3481ff71-364f-4f0c-9f83-303e0ee0caa9,clipgt-2d4e8428-becf-4b62-9df0-edd695607356,26.4.96-91b06fb8,sample_set/26.04_release/2d4e8428-becf-4b62-9df0-edd695607356/2d4e8428-becf-4b62-9df0-edd695607356.usdz,2026-08-05 19:15:07,huggingface,26.04
fefe8b85-3e4f-4814-a696-a9b5d08ecffe,clipgt-2d52ce30-7dbb-45e8-8c48-c61e4b58c36c,26.4.96-91b06fb8,sample_set/26.04_release/2d52ce30-7dbb-45e8-8c48-c61e4b58c36c/2d52ce30-7dbb-45e8-8c48-c61e4b58c36c.usdz,2026-08-05 19:15:07,huggingface,26.04
7ac5c477-a610-43fa-894c-8679a6a7887a,clipgt-2e132b04-dca4-4450-ad8f-7e54404fd9d9,26.4.96-91b06fb8,sample_set/26.04_release/2e132b04-dca4-4450-ad8f-7e54404fd9d9/2e132b04-dca4-4450-ad8f-7e54404fd9d9.usdz,2026-08-05 19:15:07,huggingface,26.04
28ab3c35-1f7e-43d3-bc78-c421f4e9aee3,clipgt-2e3b2f93-a541-44a1-9c0e-d991bcaad261,26.4.96-91b06fb8,sample_set/26.04_release/2e3b2f93-a541-44a1-9c0e-d991bcaad261/2e3b2f93-a541-44a1-9c0e-d991bcaad261.usdz,2026-08-05 19:15:07,huggingface,26.04
800e87f8-ddd8-4ff0-82a4-f00e4a4d6e18,clipgt-2e4241fc-42fc-497b-a23c-7ed777ced51d,26.4.96-91b06fb8,sample_set/26.04_release/2e4241fc-42fc-497b-a23c-7ed777ced51d/2e4241fc-42fc-497b-a23c-7ed777ced51d.usdz,2026-08-05 19:15:07,huggingface,26.04
f48ad80c-1cd0-4337-a31f-f20d36d996f9,clipgt-2e4b7685-7564-464c-aef8-5d5d307c67ef,26.4.96-91b06fb8,sample_set/26.04_release/2e4b7685-7564-464c-aef8-5d5d307c67ef/2e4b7685-7564-464c-aef8-5d5d307c67ef.usdz,2026-08-05 19:15:07,huggingface,26.04
b3b5aff2-9337-4306-95ea-da4a724c233a,clipgt-2e9fe627-4164-4e0d-965a-d10c8d131e81,26.4.96-91b06fb8,sample_set/26.04_release/2e9fe627-4164-4e0d-965a-d10c8d131e81/2e9fe627-4164-4e0d-965a-d10c8d131e81.usdz,2026-08-05 19:15:07,huggingface,26.04
c1ff2087-07f7-4829-a3d2-697e2bb4aa08,clipgt-2eaf1872-7780-43df-bdf1-9f48975e6436,26.4.96-91b06fb8,sample_set/26.04_release/2eaf1872-7780-43df-bdf1-9f48975e6436/2eaf1872-7780-43df-bdf1-9f48975e6436.usdz,2026-08-05 19:15:07,huggingface,26.04
58c84bcb-9cb1-499b-ab74-789763131086,clipgt-2ee841e9-a7cf-4fc6-86af-ebbb1ffe9542,26.4.96-91b06fb8,sample_set/26.04_release/2ee841e9-a7cf-4fc6-86af-ebbb1ffe9542/2ee841e9-a7cf-4fc6-86af-ebbb1ffe9542.usdz,2026-08-05 19:15:07,huggingface,26.04
845e9dc8-1435-4adb-93bb-f4847a8e601e,clipgt-2f227f2c-95e9-4098-a9b1-01d64c697226,26.4.96-91b06fb8,sample_set/26.04_release/2f227f2c-95e9-4098-a9b1-01d64c697226/2f227f2c-95e9-4098-a9b1-01d64c697226.usdz,2026-08-05 19:15:07,huggingface,26.04
ad35d0d9-f8dd-4715-8800-f401cd1528e1,clipgt-2f2f97fa-1617-459e-bfb8-a6d34fe0658c,26.4.96-91b06fb8,sample_set/26.04_release/2f2f97fa-1617-459e-bfb8-a6d34fe0658c/2f2f97fa-1617-459e-bfb8-a6d34fe0658c.usdz,2026-08-05 19:15:07,huggingface,26.04
dc8f3c76-234d-4e67-a642-052a75fca72c,clipgt-2f3ed8fe-0d6b-492a-9dc3-1f281e3486e8,26.4.96-91b06fb8,sample_set/26.04_release/2f3ed8fe-0d6b-492a-9dc3-1f281e3486e8/2f3ed8fe-0d6b-492a-9dc3-1f281e3486e8.usdz,2026-08-05 19:15:07,huggingface,26.04
a4434283-d57d-4c7e-bec9-a21d505bdd46,clipgt-2f5e9ff5-a3f8-4c0c-80e1-163bd60ac56a,26.4.96-91b06fb8,sample_set/26.04_release/2f5e9ff5-a3f8-4c0c-80e1-163bd60ac56a/2f5e9ff5-a3f8-4c0c-80e1-163bd60ac56a.usdz,2026-08-05 19:15:07,huggingface,26.04
92bd8141-3cce-4bcc-906e-3fe731fe904c,clipgt-2f62f25a-c5bc-467a-beb9-ac67b57572cd,26.4.96-91b06fb8,sample_set/26.04_release/2f62f25a-c5bc-467a-beb9-ac67b57572cd/2f62f25a-c5bc-467a-beb9-ac67b57572cd.usdz,2026-08-05 19:15:07,huggingface,26.04
0dced10a-97cc-4e86-87ad-9a8698ecbd97,clipgt-2f8004f7-2f86-4b8a-861b-816a44d0da85,26.4.96-91b06fb8,sample_set/26.04_release/2f8004f7-2f86-4b8a-861b-816a44d0da85/2f8004f7-2f86-4b8a-861b-816a44d0da85.usdz,2026-08-05 19:15:07,huggingface,26.04
c9abbdd5-8a10-42fe-98e5-51043475dcda,clipgt-2f8c9028-a75c-4460-935f-0a93c66fb2c3,26.4.96-91b06fb8,sample_set/26.04_release/2f8c9028-a75c-4460-935f-0a93c66fb2c3/2f8c9028-a75c-4460-935f-0a93c66fb2c3.usdz,2026-08-05 19:15:07,huggingface,26.04
3134748d-c928-4567-bc41-396af54ad7af,clipgt-2fb5b2b5-a3cc-43ad-b0ac-995dc7c1cd22,26.4.96-91b06fb8,sample_set/26.04_release/2fb5b2b5-a3cc-43ad-b0ac-995dc7c1cd22/2fb5b2b5-a3cc-43ad-b0ac-995dc7c1cd22.usdz,2026-08-05 19:15:07,huggingface,26.04
c503a8a0-6018-4763-8677-80db23dac012,clipgt-2ff0eef3-fdb9-4334-8096-1df3c4cd86f4,26.4.96-91b06fb8,sample_set/26.04_release/2ff0eef3-fdb9-4334-8096-1df3c4cd86f4/2ff0eef3-fdb9-4334-8096-1df3c4cd86f4.usdz,2026-08-05 19:15:07,huggingface,26.04
37d1632e-d825-4997-bc94-77da9bd8ff42,clipgt-2ffb6b0f-5239-46a4-ab30-6d2906f22f65,26.4.96-91b06fb8,sample_set/26.04_release/2ffb6b0f-5239-46a4-ab30-6d2906f22f65/2ffb6b0f-5239-46a4-ab30-6d2906f22f65.usdz,2026-08-05 19:15:07,huggingface,26.04
8b640fa4-19af-4d86-b956-4433de3d984c,clipgt-300157fe-f27b-4e8d-af9a-b4f5724abccf,26.4.96-91b06fb8,sample_set/26.04_release/300157fe-f27b-4e8d-af9a-b4f5724abccf/300157fe-f27b-4e8d-af9a-b4f5724abccf.usdz,2026-08-05 19:15:07,huggingface,26.04
c95039f5-6da4-4d93-9ac8-8cf677a75787,clipgt-300465f7-0025-4f39-ac20-9f0eaa36ea68,26.4.96-91b06fb8,sample_set/26.04_release/300465f7-0025-4f39-ac20-9f0eaa36ea68/300465f7-0025-4f39-ac20-9f0eaa36ea68.usdz,2026-08-05 19:15:07,huggingface,26.04
6259156f-f2bb-4434-b1b6-9f75955b368c,clipgt-302c5c99-2762-4f5d-950e-1122f3e7c20a,26.4.96-91b06fb8,sample_set/26.04_release/302c5c99-2762-4f5d-950e-1122f3e7c20a/302c5c99-2762-4f5d-950e-1122f3e7c20a.usdz,2026-08-05 19:15:07,huggingface,26.04
f87a7eb9-0d0f-484c-9bb5-c5ab9cabb24d,clipgt-3057d8e3-04f2-4c81-97a0-ee7fd5c7ed0d,26.4.96-91b06fb8,sample_set/26.04_release/3057d8e3-04f2-4c81-97a0-ee7fd5c7ed0d/3057d8e3-04f2-4c81-97a0-ee7fd5c7ed0d.usdz,2026-08-05 19:15:07,huggingface,26.04
3ca89778-90dd-438e-b513-c826fb120bc2,clipgt-3063e706-131a-476a-bc02-6b646896c6a7,26.4.96-91b06fb8,sample_set/26.04_release/3063e706-131a-476a-bc02-6b646896c6a7/3063e706-131a-476a-bc02-6b646896c6a7.usdz,2026-08-05 19:15:07,huggingface,26.04
ef2f8b3b-bdd7-462c-b007-42f7fadf3d63,clipgt-30930c26-2bb3-4f0d-8741-4e02ada279dc,26.4.96-91b06fb8,sample_set/26.04_release/30930c26-2bb3-4f0d-8741-4e02ada279dc/30930c26-2bb3-4f0d-8741-4e02ada279dc.usdz,2026-08-05 19:15:07,huggingface,26.04
c3a3e8b1-6e29-466f-a77c-270a9e15dac3,clipgt-30afa2c6-48f6-4473-a8db-5430e1e88584,26.4.96-91b06fb8,sample_set/26.04_release/30afa2c6-48f6-4473-a8db-5430e1e88584/30afa2c6-48f6-4473-a8db-5430e1e88584.usdz,2026-08-05 19:15:07,huggingface,26.04
3a39828e-b582-479c-bdfd-2b6607502507,clipgt-31032a73-3e7b-4fa4-8559-b0c9fe030f0d,26.4.96-91b06fb8,sample_set/26.04_release/31032a73-3e7b-4fa4-8559-b0c9fe030f0d/31032a73-3e7b-4fa4-8559-b0c9fe030f0d.usdz,2026-08-05 19:15:07,huggingface,26.04
d49cb4e0-efaa-4a1c-b26b-0d32432f43ba,clipgt-319750b8-9f09-4245-8092-4486f6c28d85,26.4.96-91b06fb8,sample_set/26.04_release/319750b8-9f09-4245-8092-4486f6c28d85/319750b8-9f09-4245-8092-4486f6c28d85.usdz,2026-08-05 19:15:07,huggingface,26.04
fe3ea0df-5bea-41bb-bafe-7c792815a126,clipgt-319cdf0b-0ce0-4437-9eae-903a0c129c12,26.4.96-91b06fb8,sample_set/26.04_release/319cdf0b-0ce0-4437-9eae-903a0c129c12/319cdf0b-0ce0-4437-9eae-903a0c129c12.usdz,2026-08-05 19:15:07,huggingface,26.04
f5f8bd1e-2ced-4eb7-93c7-dc141f4a8ef6,clipgt-31ae8f1a-7a39-4c0d-a22a-e5931129e2eb,26.4.96-91b06fb8,sample_set/26.04_release/31ae8f1a-7a39-4c0d-a22a-e5931129e2eb/31ae8f1a-7a39-4c0d-a22a-e5931129e2eb.usdz,2026-08-05 19:15:07,huggingface,26.04
548aab8b-3013-459a-afed-597576adac1a,clipgt-31e55046-8717-4b57-bd9b-5dd01edf8f97,26.4.96-91b06fb8,sample_set/26.04_release/31e55046-8717-4b57-bd9b-5dd01edf8f97/31e55046-8717-4b57-bd9b-5dd01edf8f97.usdz,2026-08-05 19:15:07,huggingface,26.04
d9dc85a0-c008-4578-92e6-a985b208ce24,clipgt-31f78fe4-abe4-4966-88af-0d857d1d2c21,26.4.96-91b06fb8,sample_set/26.04_release/31f78fe4-abe4-4966-88af-0d857d1d2c21/31f78fe4-abe4-4966-88af-0d857d1d2c21.usdz,2026-08-05 19:15:07,huggingface,26.04
a3f13348-e313-4f31-b2c5-865681610339,clipgt-320846a7-36f8-4001-8964-26469a901d78,26.4.96-91b06fb8,sample_set/26.04_release/320846a7-36f8-4001-8964-26469a901d78/320846a7-36f8-4001-8964-26469a901d78.usdz,2026-08-05 19:15:07,huggingface,26.04
4c75e09d-1c5c-4ac0-8ea1-c4862dd08d82,clipgt-3250c8af-5afd-4ba4-ae46-3cd62ae7b5db,26.4.96-91b06fb8,sample_set/26.04_release/3250c8af-5afd-4ba4-ae46-3cd62ae7b5db/3250c8af-5afd-4ba4-ae46-3cd62ae7b5db.usdz,2026-08-05 19:15:07,huggingface,26.04
d237b461-6b25-4181-88bd-8a68c62f8170,clipgt-3259c4fe-f663-401d-b0a8-c7e944bcab8b,26.4.96-91b06fb8,sample_set/26.04_release/3259c4fe-f663-401d-b0a8-c7e944bcab8b/3259c4fe-f663-401d-b0a8-c7e944bcab8b.usdz,2026-08-05 19:15:07,huggingface,26.04
446fa791-7cb5-4423-9f26-37fce6bbdf9e,clipgt-325a6911-8ee8-4a04-8b84-55dbfcada98f,26.4.96-91b06fb8,sample_set/26.04_release/325a6911-8ee8-4a04-8b84-55dbfcada98f/325a6911-8ee8-4a04-8b84-55dbfcada98f.usdz,2026-08-05 19:15:07,huggingface,26.04
dfefb8ad-c7a5-4c06-b43e-bcea04311c1c,clipgt-3264f6cd-8593-42a6-95f1-ab223886636f,26.4.96-91b06fb8,sample_set/26.04_release/3264f6cd-8593-42a6-95f1-ab223886636f/3264f6cd-8593-42a6-95f1-ab223886636f.usdz,2026-08-05 19:15:07,huggingface,26.04
d4a4beb9-5390-4c0c-8666-0edfdb8f65d0,clipgt-32775c67-f965-48a1-9736-a5e29f483c7a,26.4.96-91b06fb8,sample_set/26.04_release/32775c67-f965-48a1-9736-a5e29f483c7a/32775c67-f965-48a1-9736-a5e29f483c7a.usdz,2026-08-05 19:15:07,huggingface,26.04
a9c940ab-4762-4844-8a47-aca69e3080d4,clipgt-3294623f-68ef-44aa-a233-49d8fc8e80a9,26.4.96-91b06fb8,sample_set/26.04_release/3294623f-68ef-44aa-a233-49d8fc8e80a9/3294623f-68ef-44aa-a233-49d8fc8e80a9.usdz,2026-08-05 19:15:07,huggingface,26.04
c15446f8-22ca-4616-bbf3-1670d0e59ca9,clipgt-32b166e3-7a47-48ed-852c-1548d39fdec1,26.4.96-91b06fb8,sample_set/26.04_release/32b166e3-7a47-48ed-852c-1548d39fdec1/32b166e3-7a47-48ed-852c-1548d39fdec1.usdz,2026-08-05 19:15:07,huggingface,26.04
9ae21558-717e-4406-88e4-764525f8f740,clipgt-32be03e4-a072-4da5-b597-114cffa52af8,26.4.96-91b06fb8,sample_set/26.04_release/32be03e4-a072-4da5-b597-114cffa52af8/32be03e4-a072-4da5-b597-114cffa52af8.usdz,2026-08-05 19:15:07,huggingface,26.04
2724fddd-02db-4a55-99bc-4b3be27a16b1,clipgt-32e61f41-164d-4eb9-ae60-4ed04edf6f61,26.4.96-91b06fb8,sample_set/26.04_release/32e61f41-164d-4eb9-ae60-4ed04edf6f61/32e61f41-164d-4eb9-ae60-4ed04edf6f61.usdz,2026-08-05 19:15:07,huggingface,26.04
5758e6b7-889a-4a39-99a8-25446101502b,clipgt-331677ed-73ac-4820-b870-747d11286ce9,26.4.96-91b06fb8,sample_set/26.04_release/331677ed-73ac-4820-b870-747d11286ce9/331677ed-73ac-4820-b870-747d11286ce9.usdz,2026-08-05 19:15:07,huggingface,26.04
b08b8c6a-e00c-4f2b-9fb2-5ab7c19ce307,clipgt-334e7b6e-d6d5-4da1-8790-46987d9e6fc0,26.4.96-91b06fb8,sample_set/26.04_release/334e7b6e-d6d5-4da1-8790-46987d9e6fc0/334e7b6e-d6d5-4da1-8790-46987d9e6fc0.usdz,2026-08-05 19:15:07,huggingface,26.04
2d3a7504-b56c-416c-bde6-df1d989e32eb,clipgt-33a95264-5147-4848-b8f9-eea4d1b32450,26.4.96-91b06fb8,sample_set/26.04_release/33a95264-5147-4848-b8f9-eea4d1b32450/33a95264-5147-4848-b8f9-eea4d1b32450.usdz,2026-08-05 19:15:07,huggingface,26.04
8ce2f2a8-183b-44d9-ac0c-a8473f88cda6,clipgt-33c8976b-fbd4-4e92-adcd-e69949d69b14,26.4.96-91b06fb8,sample_set/26.04_release/33c8976b-fbd4-4e92-adcd-e69949d69b14/33c8976b-fbd4-4e92-adcd-e69949d69b14.usdz,2026-08-05 19:15:07,huggingface,26.04
1526ee68-910d-4b59-a12e-d1798d2dec20,clipgt-33cb3ae6-5cb8-4e96-8214-7633033ec2a1,26.4.96-91b06fb8,sample_set/26.04_release/33cb3ae6-5cb8-4e96-8214-7633033ec2a1/33cb3ae6-5cb8-4e96-8214-7633033ec2a1.usdz,2026-08-05 19:15:07,huggingface,26.04
62b60a5f-68af-4b67-ae80-8162c2c7035d,clipgt-3416c63f-a0ca-4557-ad0f-8c8966c94148,26.4.96-91b06fb8,sample_set/26.04_release/3416c63f-a0ca-4557-ad0f-8c8966c94148/3416c63f-a0ca-4557-ad0f-8c8966c94148.usdz,2026-08-05 19:15:07,huggingface,26.04
25181989-c1ba-4312-b593-60004ed4a578,clipgt-34749833-a005-4d71-92c2-362ad095e1f5,26.4.96-91b06fb8,sample_set/26.04_release/34749833-a005-4d71-92c2-362ad095e1f5/34749833-a005-4d71-92c2-362ad095e1f5.usdz,2026-08-05 19:15:07,huggingface,26.04
7e3683cd-9cf7-4fa6-a557-b9d1133c71aa,clipgt-34a72050-661e-46b6-b3d9-1a0ce79278bf,26.4.96-91b06fb8,sample_set/26.04_release/34a72050-661e-46b6-b3d9-1a0ce79278bf/34a72050-661e-46b6-b3d9-1a0ce79278bf.usdz,2026-08-05 19:15:07,huggingface,26.04
7aa3eb72-d7fc-4b50-96da-20fc819d4500,clipgt-355045f7-e540-4690-bce8-4f4a8d0a87ee,26.4.96-91b06fb8,sample_set/26.04_release/355045f7-e540-4690-bce8-4f4a8d0a87ee/355045f7-e540-4690-bce8-4f4a8d0a87ee.usdz,2026-08-05 19:15:07,huggingface,26.04
0ad36050-9ab1-4d05-b3fc-a00031edabcd,clipgt-35591496-5739-463e-94c4-3a0824305da1,26.4.96-91b06fb8,sample_set/26.04_release/35591496-5739-463e-94c4-3a0824305da1/35591496-5739-463e-94c4-3a0824305da1.usdz,2026-08-05 19:15:07,huggingface,26.04
60d5feeb-817d-43ac-a909-8ee58654285d,clipgt-3582a449-6e1a-4dca-8c53-efc49a623b88,26.4.96-91b06fb8,sample_set/26.04_release/3582a449-6e1a-4dca-8c53-efc49a623b88/3582a449-6e1a-4dca-8c53-efc49a623b88.usdz,2026-08-05 19:15:07,huggingface,26.04
67c1e10b-ab6a-4f65-a433-cb03ce115174,clipgt-359e435d-f85c-4f39-9cca-e99b94bd7de7,26.4.96-91b06fb8,sample_set/26.04_release/359e435d-f85c-4f39-9cca-e99b94bd7de7/359e435d-f85c-4f39-9cca-e99b94bd7de7.usdz,2026-08-05 19:15:07,huggingface,26.04
5ca8a1fe-af78-4f2f-a008-24cbd444e539,clipgt-35cec769-9f45-4b14-a70d-b8778732ce0c,26.4.96-91b06fb8,sample_set/26.04_release/35cec769-9f45-4b14-a70d-b8778732ce0c/35cec769-9f45-4b14-a70d-b8778732ce0c.usdz,2026-08-05 19:15:07,huggingface,26.04
5e87abce-b741-457f-b47b-c727326489e7,clipgt-35cff947-4fe9-41f6-8071-f4146706fe83,26.4.96-91b06fb8,sample_set/26.04_release/35cff947-4fe9-41f6-8071-f4146706fe83/35cff947-4fe9-41f6-8071-f4146706fe83.usdz,2026-08-05 19:15:07,huggingface,26.04
37957b96-f13f-4b6e-b1b4-aa829e4885a1,clipgt-35d707e1-856e-4037-8792-060d46506889,26.4.96-91b06fb8,sample_set/26.04_release/35d707e1-856e-4037-8792-060d46506889/35d707e1-856e-4037-8792-060d46506889.usdz,2026-08-05 19:15:07,huggingface,26.04
d99ad738-e7ec-4606-9d2a-c8cd95e4276a,clipgt-35e6aad1-ef53-4a05-b211-6b76f916d205,26.4.96-91b06fb8,sample_set/26.04_release/35e6aad1-ef53-4a05-b211-6b76f916d205/35e6aad1-ef53-4a05-b211-6b76f916d205.usdz,2026-08-05 19:15:07,huggingface,26.04
0ea6a42c-5a34-46ca-b613-54582a7ed31a,clipgt-36444635-aed6-4f44-bd1e-105cfb15a4b0,26.4.96-91b06fb8,sample_set/26.04_release/36444635-aed6-4f44-bd1e-105cfb15a4b0/36444635-aed6-4f44-bd1e-105cfb15a4b0.usdz,2026-08-05 19:15:07,huggingface,26.04
dbf922a5-83b7-4969-a112-5c498e9112b8,clipgt-3674ea3d-0350-496a-ab5d-ca234f2b968b,26.4.96-91b06fb8,sample_set/26.04_release/3674ea3d-0350-496a-ab5d-ca234f2b968b/3674ea3d-0350-496a-ab5d-ca234f2b968b.usdz,2026-08-05 19:15:07,huggingface,26.04
1d0945c2-ea92-4f4a-9877-9cb769e3901a,clipgt-36a2ab7f-ef6d-48c3-8975-1250e2524a02,26.4.96-91b06fb8,sample_set/26.04_release/36a2ab7f-ef6d-48c3-8975-1250e2524a02/36a2ab7f-ef6d-48c3-8975-1250e2524a02.usdz,2026-08-05 19:15:07,huggingface,26.04
9966d09c-7bdb-4dce-abad-e3919cc6d21a,clipgt-37267559-c70a-438b-a759-545cd4484de4,26.4.96-91b06fb8,sample_set/26.04_release/37267559-c70a-438b-a759-545cd4484de4/37267559-c70a-438b-a759-545cd4484de4.usdz,2026-08-05 19:15:07,huggingface,26.04
ac673bfd-ec7f-4742-b646-2316516458a8,clipgt-3764254a-8653-437b-9ad7-667778d0524a,26.4.96-91b06fb8,sample_set/26.04_release/3764254a-8653-437b-9ad7-667778d0524a/3764254a-8653-437b-9ad7-667778d0524a.usdz,2026-08-05 19:15:07,huggingface,26.04
cdd5330b-5bb9-4543-a866-70e775a6c999,clipgt-37a5516d-4080-49ee-b0ae-33c4dbf4d731,26.4.96-91b06fb8,sample_set/26.04_release/37a5516d-4080-49ee-b0ae-33c4dbf4d731/37a5516d-4080-49ee-b0ae-33c4dbf4d731.usdz,2026-08-05 19:15:07,huggingface,26.04
7ecf9423-2e91-4883-942a-3e1430b51363,clipgt-37a9fc2d-9122-4b96-a4b4-fbe5c242d074,26.4.96-91b06fb8,sample_set/26.04_release/37a9fc2d-9122-4b96-a4b4-fbe5c242d074/37a9fc2d-9122-4b96-a4b4-fbe5c242d074.usdz,2026-08-05 19:15:07,huggingface,26.04
34ec5df5-f3c6-4080-9cfe-859d6fde9017,clipgt-37c64595-d4b1-45ab-90af-4076cada161d,26.4.96-91b06fb8,sample_set/26.04_release/37c64595-d4b1-45ab-90af-4076cada161d/37c64595-d4b1-45ab-90af-4076cada161d.usdz,2026-08-05 19:15:07,huggingface,26.04
9e99f324-156b-4679-a030-77460ae2f765,clipgt-37d060d6-1628-434c-8e32-97faf9cdcfe2,26.4.96-91b06fb8,sample_set/26.04_release/37d060d6-1628-434c-8e32-97faf9cdcfe2/37d060d6-1628-434c-8e32-97faf9cdcfe2.usdz,2026-08-05 19:15:07,huggingface,26.04
5655bd28-c08f-4d25-aec1-a9432956e426,clipgt-37d17fd8-9aad-4b36-ba95-17da899d9f33,26.4.96-91b06fb8,sample_set/26.04_release/37d17fd8-9aad-4b36-ba95-17da899d9f33/37d17fd8-9aad-4b36-ba95-17da899d9f33.usdz,2026-08-05 19:15:07,huggingface,26.04
a620616f-3224-4953-b574-af685970129b,clipgt-37d660b1-8abc-4a24-8778-94ca50a268c2,26.4.96-91b06fb8,sample_set/26.04_release/37d660b1-8abc-4a24-8778-94ca50a268c2/37d660b1-8abc-4a24-8778-94ca50a268c2.usdz,2026-08-05 19:15:07,huggingface,26.04
9ef1c37f-d7ba-41e9-abb5-e05ca402773a,clipgt-37de46e2-c930-4c23-bb70-a393986f7fa1,26.4.96-91b06fb8,sample_set/26.04_release/37de46e2-c930-4c23-bb70-a393986f7fa1/37de46e2-c930-4c23-bb70-a393986f7fa1.usdz,2026-08-05 19:15:07,huggingface,26.04
c5576a39-91dd-447f-b4aa-8cb422a69af7,clipgt-37ef2c67-ab41-4da6-9f55-96ef83e0f49f,26.4.96-91b06fb8,sample_set/26.04_release/37ef2c67-ab41-4da6-9f55-96ef83e0f49f/37ef2c67-ab41-4da6-9f55-96ef83e0f49f.usdz,2026-08-05 19:15:07,huggingface,26.04
1d7057ee-ff40-4279-ae2f-17435f79ba6f,clipgt-37f45f87-dc3b-4425-a388-fa7bfa4a11a6,26.4.96-91b06fb8,sample_set/26.04_release/37f45f87-dc3b-4425-a388-fa7bfa4a11a6/37f45f87-dc3b-4425-a388-fa7bfa4a11a6.usdz,2026-08-05 19:15:07,huggingface,26.04
55091780-8da5-4472-98de-6df7672f55c8,clipgt-3826e7f4-3a86-4304-b3c0-ae446f1de69e,26.4.96-91b06fb8,sample_set/26.04_release/3826e7f4-3a86-4304-b3c0-ae446f1de69e/3826e7f4-3a86-4304-b3c0-ae446f1de69e.usdz,2026-08-05 19:15:07,huggingface,26.04
56b75158-dfc5-4852-8931-d2bd7fd59b9f,clipgt-382a7247-1cfa-44ec-90aa-509d9d585b78,26.4.96-91b06fb8,sample_set/26.04_release/382a7247-1cfa-44ec-90aa-509d9d585b78/382a7247-1cfa-44ec-90aa-509d9d585b78.usdz,2026-08-05 19:15:07,huggingface,26.04
1717e28d-9cb7-47f7-8510-0a13766ab341,clipgt-384bad4c-f8e9-40f6-810e-9248abf1e10a,26.4.96-91b06fb8,sample_set/26.04_release/384bad4c-f8e9-40f6-810e-9248abf1e10a/384bad4c-f8e9-40f6-810e-9248abf1e10a.usdz,2026-08-05 19:15:07,huggingface,26.04
72181613-2217-4a43-bfd0-11e80f9c621d,clipgt-387a9a98-3101-49ec-8f91-46156d8b6da3,26.4.96-91b06fb8,sample_set/26.04_release/387a9a98-3101-49ec-8f91-46156d8b6da3/387a9a98-3101-49ec-8f91-46156d8b6da3.usdz,2026-08-05 19:15:07,huggingface,26.04
2a53ed54-6273-4e29-9625-f2b35cc6de99,clipgt-3897cbd4-45b1-44e8-9fe5-8297f6f9bb17,26.4.96-91b06fb8,sample_set/26.04_release/3897cbd4-45b1-44e8-9fe5-8297f6f9bb17/3897cbd4-45b1-44e8-9fe5-8297f6f9bb17.usdz,2026-08-05 19:15:07,huggingface,26.04
f222a5df-a35b-45cf-abef-6eb43b8dfdb2,clipgt-38d78b19-03c5-4918-b21b-e1abc4547896,26.4.96-91b06fb8,sample_set/26.04_release/38d78b19-03c5-4918-b21b-e1abc4547896/38d78b19-03c5-4918-b21b-e1abc4547896.usdz,2026-08-05 19:15:07,huggingface,26.04
e54b790b-32d6-47f7-861e-58201bf8499f,clipgt-395b7b6c-4e8e-4b99-b268-87113fec9b2a,26.4.96-91b06fb8,sample_set/26.04_release/395b7b6c-4e8e-4b99-b268-87113fec9b2a/395b7b6c-4e8e-4b99-b268-87113fec9b2a.usdz,2026-08-05 19:15:07,huggingface,26.04
33177828-ff11-4e2c-bcf6-d8976d982d27,clipgt-397bcd5e-e13b-4a5c-a77f-c8a117a2b7f7,26.4.96-91b06fb8,sample_set/26.04_release/397bcd5e-e13b-4a5c-a77f-c8a117a2b7f7/397bcd5e-e13b-4a5c-a77f-c8a117a2b7f7.usdz,2026-08-05 19:15:07,huggingface,26.04
d821182c-5f0a-4a7a-b951-55eea50b2976,clipgt-39b6115a-a221-45ea-8faa-3dd98b772058,26.4.96-91b06fb8,sample_set/26.04_release/39b6115a-a221-45ea-8faa-3dd98b772058/39b6115a-a221-45ea-8faa-3dd98b772058.usdz,2026-08-05 19:15:07,huggingface,26.04
ba1811ba-467b-4019-879e-8d37f914df24,clipgt-3a107de6-a55c-4f0a-81aa-e9af966f81d2,26.4.96-91b06fb8,sample_set/26.04_release/3a107de6-a55c-4f0a-81aa-e9af966f81d2/3a107de6-a55c-4f0a-81aa-e9af966f81d2.usdz,2026-08-05 19:15:07,huggingface,26.04
86562835-3fff-43e5-825d-4bb46afce870,clipgt-3a316bee-8a51-47c2-b814-ff37eed2ce78,26.4.96-91b06fb8,sample_set/26.04_release/3a316bee-8a51-47c2-b814-ff37eed2ce78/3a316bee-8a51-47c2-b814-ff37eed2ce78.usdz,2026-08-05 19:15:07,huggingface,26.04
5c9c5384-b167-4adc-8e76-37a75e75bfca,clipgt-3a42e0a8-52af-4c18-a676-40c34186e686,26.4.96-91b06fb8,sample_set/26.04_release/3a42e0a8-52af-4c18-a676-40c34186e686/3a42e0a8-52af-4c18-a676-40c34186e686.usdz,2026-08-05 19:15:07,huggingface,26.04
876ff912-a0df-498a-b09e-472558ed7bb5,clipgt-3a48e906-2733-4fc9-b687-6b2ed33defec,26.4.96-91b06fb8,sample_set/26.04_release/3a48e906-2733-4fc9-b687-6b2ed33defec/3a48e906-2733-4fc9-b687-6b2ed33defec.usdz,2026-08-05 19:15:07,huggingface,26.04
69229b54-2a77-4b8d-8e67-255a84e6f472,clipgt-3a9824bc-0e4e-491d-b848-81babda68457,26.4.96-91b06fb8,sample_set/26.04_release/3a9824bc-0e4e-491d-b848-81babda68457/3a9824bc-0e4e-491d-b848-81babda68457.usdz,2026-08-05 19:15:07,huggingface,26.04
72c2dcb1-26b2-471d-91f9-4e011b939d5b,clipgt-3b6078dd-9eff-4269-8afc-3432e2d4729e,26.4.96-91b06fb8,sample_set/26.04_release/3b6078dd-9eff-4269-8afc-3432e2d4729e/3b6078dd-9eff-4269-8afc-3432e2d4729e.usdz,2026-08-05 19:15:07,huggingface,26.04
39f612b7-c578-4af9-bdaf-c42c85b10e3e,clipgt-3b6a7ba3-9fca-428a-8fbc-8c4e44cb4c4d,26.4.96-91b06fb8,sample_set/26.04_release/3b6a7ba3-9fca-428a-8fbc-8c4e44cb4c4d/3b6a7ba3-9fca-428a-8fbc-8c4e44cb4c4d.usdz,2026-08-05 19:15:07,huggingface,26.04
5c2cc3c8-1525-41ae-85f3-5ce5aa8c7dc0,clipgt-3b9d9d7a-5c8c-4404-ba4b-34264b476925,26.4.96-91b06fb8,sample_set/26.04_release/3b9d9d7a-5c8c-4404-ba4b-34264b476925/3b9d9d7a-5c8c-4404-ba4b-34264b476925.usdz,2026-08-05 19:15:07,huggingface,26.04
416c2b47-6c96-4562-9c64-fbe542af2bab,clipgt-3bc08389-ee1d-4d19-8c9d-322182a2eb3e,26.4.96-91b06fb8,sample_set/26.04_release/3bc08389-ee1d-4d19-8c9d-322182a2eb3e/3bc08389-ee1d-4d19-8c9d-322182a2eb3e.usdz,2026-08-05 19:15:07,huggingface,26.04
07fce494-17c1-4f5a-a03e-66d895f51181,clipgt-3c1fb774-ed71-48c6-a7b8-daa527810de0,26.4.96-91b06fb8,sample_set/26.04_release/3c1fb774-ed71-48c6-a7b8-daa527810de0/3c1fb774-ed71-48c6-a7b8-daa527810de0.usdz,2026-08-05 19:15:07,huggingface,26.04
62d137c5-e81e-437e-8304-68cc5ca46504,clipgt-3c2822d9-d103-46b9-b18a-8d30ea8e056b,26.4.96-91b06fb8,sample_set/26.04_release/3c2822d9-d103-46b9-b18a-8d30ea8e056b/3c2822d9-d103-46b9-b18a-8d30ea8e056b.usdz,2026-08-05 19:15:07,huggingface,26.04
150de527-293f-42ea-be48-2e73ce608e41,clipgt-3c292d83-970e-4c9b-82df-90f5ad9e7379,26.4.96-91b06fb8,sample_set/26.04_release/3c292d83-970e-4c9b-82df-90f5ad9e7379/3c292d83-970e-4c9b-82df-90f5ad9e7379.usdz,2026-08-05 19:15:07,huggingface,26.04
1bf1c752-846e-486a-ae9e-6b9cc51fe3da,clipgt-3c339c15-0cdf-46a3-8faf-d387ee43ccf1,26.4.96-91b06fb8,sample_set/26.04_release/3c339c15-0cdf-46a3-8faf-d387ee43ccf1/3c339c15-0cdf-46a3-8faf-d387ee43ccf1.usdz,2026-08-05 19:15:07,huggingface,26.04
7cd45c39-cb8f-456e-9fae-e69fcec46d8c,clipgt-3c91d836-ede2-4e15-9f34-5b7ebe0b1c0d,26.4.96-91b06fb8,sample_set/26.04_release/3c91d836-ede2-4e15-9f34-5b7ebe0b1c0d/3c91d836-ede2-4e15-9f34-5b7ebe0b1c0d.usdz,2026-08-05 19:15:07,huggingface,26.04
dcdaed16-7584-4106-8867-c2d336020205,clipgt-3cc29c99-7396-4c53-a919-5970207155ce,26.4.96-91b06fb8,sample_set/26.04_release/3cc29c99-7396-4c53-a919-5970207155ce/3cc29c99-7396-4c53-a919-5970207155ce.usdz,2026-08-05 19:15:07,huggingface,26.04
75f9418c-8fae-48bc-97ab-71b9ba30c822,clipgt-3ce13eed-f97b-4c37-8716-a590569fab77,26.4.96-91b06fb8,sample_set/26.04_release/3ce13eed-f97b-4c37-8716-a590569fab77/3ce13eed-f97b-4c37-8716-a590569fab77.usdz,2026-08-05 19:15:07,huggingface,26.04
d50635cb-6a29-4ce0-81df-fd2fe002d086,clipgt-3d05f084-4ea5-4b76-a45c-fe86335d398d,26.4.96-91b06fb8,sample_set/26.04_release/3d05f084-4ea5-4b76-a45c-fe86335d398d/3d05f084-4ea5-4b76-a45c-fe86335d398d.usdz,2026-08-05 19:15:07,huggingface,26.04
0c75b458-6e7f-4dfe-b737-9931a32ad995,clipgt-3d1d39e6-7845-482e-8f96-8c8ac23bda45,26.4.96-91b06fb8,sample_set/26.04_release/3d1d39e6-7845-482e-8f96-8c8ac23bda45/3d1d39e6-7845-482e-8f96-8c8ac23bda45.usdz,2026-08-05 19:15:07,huggingface,26.04
58877de8-dae5-4c5d-8aab-a52a7e7ea00d,clipgt-3d31d122-c1fe-46b9-bcc7-9e8c6c93bd7f,26.4.96-91b06fb8,sample_set/26.04_release/3d31d122-c1fe-46b9-bcc7-9e8c6c93bd7f/3d31d122-c1fe-46b9-bcc7-9e8c6c93bd7f.usdz,2026-08-05 19:15:07,huggingface,26.04
a54014c6-bbd9-43c9-bbd7-cdcde010739f,clipgt-3d6a22f7-daa6-467e-b40d-ed9099063025,26.4.96-91b06fb8,sample_set/26.04_release/3d6a22f7-daa6-467e-b40d-ed9099063025/3d6a22f7-daa6-467e-b40d-ed9099063025.usdz,2026-08-05 19:15:07,huggingface,26.04
5e806cc2-3605-4800-a20d-76cafb518beb,clipgt-3d8253d9-9382-40e7-964c-5cafa6f24efc,26.4.96-91b06fb8,sample_set/26.04_release/3d8253d9-9382-40e7-964c-5cafa6f24efc/3d8253d9-9382-40e7-964c-5cafa6f24efc.usdz,2026-08-05 19:15:07,huggingface,26.04
2ba74551-8299-4ce9-8815-f31506984a0f,clipgt-3dbcdf90-5dc0-4797-94ff-e6bdf47adc14,26.4.96-91b06fb8,sample_set/26.04_release/3dbcdf90-5dc0-4797-94ff-e6bdf47adc14/3dbcdf90-5dc0-4797-94ff-e6bdf47adc14.usdz,2026-08-05 19:15:07,huggingface,26.04
7ba9fb19-246f-45e3-b023-bc6481bbc527,clipgt-3dce1d04-33f0-421e-958e-4704247e4c98,26.4.96-91b06fb8,sample_set/26.04_release/3dce1d04-33f0-421e-958e-4704247e4c98/3dce1d04-33f0-421e-958e-4704247e4c98.usdz,2026-08-05 19:15:07,huggingface,26.04
4987b068-8264-4771-98a0-07765a320078,clipgt-3e265bc2-2a8b-4c5c-8e6b-1de009b6672d,26.4.96-91b06fb8,sample_set/26.04_release/3e265bc2-2a8b-4c5c-8e6b-1de009b6672d/3e265bc2-2a8b-4c5c-8e6b-1de009b6672d.usdz,2026-08-05 19:15:07,huggingface,26.04
b2726be5-b0ad-4f1d-ab5b-e1c93e47903a,clipgt-3e455540-6812-4dc1-be7f-9ab8395a69c2,26.4.96-91b06fb8,sample_set/26.04_release/3e455540-6812-4dc1-be7f-9ab8395a69c2/3e455540-6812-4dc1-be7f-9ab8395a69c2.usdz,2026-08-05 19:15:07,huggingface,26.04
34f8009a-5166-4c16-8927-d56e0a2cf884,clipgt-3e88d7b6-c037-4996-9932-7d01fe113b07,26.4.96-91b06fb8,sample_set/26.04_release/3e88d7b6-c037-4996-9932-7d01fe113b07/3e88d7b6-c037-4996-9932-7d01fe113b07.usdz,2026-08-05 19:15:07,huggingface,26.04
6311b415-a35d-44f8-a545-01cb4567b899,clipgt-3e9966a3-c42d-4fd1-b588-6f5cc02b7c25,26.4.96-91b06fb8,sample_set/26.04_release/3e9966a3-c42d-4fd1-b588-6f5cc02b7c25/3e9966a3-c42d-4fd1-b588-6f5cc02b7c25.usdz,2026-08-05 19:15:07,huggingface,26.04
d3849fbb-6ef1-4013-8968-7a5cf3a974fa,clipgt-3ee65034-1980-4180-b092-aac471402463,26.4.96-91b06fb8,sample_set/26.04_release/3ee65034-1980-4180-b092-aac471402463/3ee65034-1980-4180-b092-aac471402463.usdz,2026-08-05 19:15:07,huggingface,26.04
4b3bb998-cb0e-4fbe-ad78-c4616b3e69b6,clipgt-3f38239f-8685-4a00-9944-ef1624d46ceb,26.4.96-91b06fb8,sample_set/26.04_release/3f38239f-8685-4a00-9944-ef1624d46ceb/3f38239f-8685-4a00-9944-ef1624d46ceb.usdz,2026-08-05 19:15:07,huggingface,26.04
1462e563-aff6-425e-a1a3-979a45585b86,clipgt-3f3a65b1-5534-4b69-8d2a-f5f441f209ac,26.4.96-91b06fb8,sample_set/26.04_release/3f3a65b1-5534-4b69-8d2a-f5f441f209ac/3f3a65b1-5534-4b69-8d2a-f5f441f209ac.usdz,2026-08-05 19:15:07,huggingface,26.04
bb67cd58-0688-463b-a9b0-2addf11cc41f,clipgt-3f4a9496-3ee6-407c-acf0-dff2463ec145,26.4.96-91b06fb8,sample_set/26.04_release/3f4a9496-3ee6-407c-acf0-dff2463ec145/3f4a9496-3ee6-407c-acf0-dff2463ec145.usdz,2026-08-05 19:15:07,huggingface,26.04
bf444472-0948-441c-8ee8-6fbcfda9bc45,clipgt-3f4b238e-03dd-4e04-8092-18785266f7b7,26.4.96-91b06fb8,sample_set/26.04_release/3f4b238e-03dd-4e04-8092-18785266f7b7/3f4b238e-03dd-4e04-8092-18785266f7b7.usdz,2026-08-05 19:15:07,huggingface,26.04
f88b2926-1954-481f-9b7d-c13310959db5,clipgt-3fa23d78-93a8-4bf3-a5e8-ffa1f9073126,26.4.96-91b06fb8,sample_set/26.04_release/3fa23d78-93a8-4bf3-a5e8-ffa1f9073126/3fa23d78-93a8-4bf3-a5e8-ffa1f9073126.usdz,2026-08-05 19:15:07,huggingface,26.04
6a2902d9-1f72-462b-b94b-a362e3f4da06,clipgt-3fa5e06b-22df-4c1c-9ed2-4ba3ab06e7d4,26.4.96-91b06fb8,sample_set/26.04_release/3fa5e06b-22df-4c1c-9ed2-4ba3ab06e7d4/3fa5e06b-22df-4c1c-9ed2-4ba3ab06e7d4.usdz,2026-08-05 19:15:07,huggingface,26.04
b58bc7ca-fe02-41b8-a5c8-b1198436fbc8,clipgt-3fa7ce7c-5124-4fb8-abcd-30fc122b5232,26.4.96-91b06fb8,sample_set/26.04_release/3fa7ce7c-5124-4fb8-abcd-30fc122b5232/3fa7ce7c-5124-4fb8-abcd-30fc122b5232.usdz,2026-08-05 19:15:07,huggingface,26.04
38715c67-a1f8-4847-81d3-59c333ea97a8,clipgt-3fdef07e-97cc-4e33-8177-93753f142bec,26.4.96-91b06fb8,sample_set/26.04_release/3fdef07e-97cc-4e33-8177-93753f142bec/3fdef07e-97cc-4e33-8177-93753f142bec.usdz,2026-08-05 19:15:07,huggingface,26.04
227f67b2-2e57-4154-8b84-a98aa645a105,clipgt-3fe2bac8-5502-4626-a8cc-b52d644c7da5,26.4.96-91b06fb8,sample_set/26.04_release/3fe2bac8-5502-4626-a8cc-b52d644c7da5/3fe2bac8-5502-4626-a8cc-b52d644c7da5.usdz,2026-08-05 19:15:07,huggingface,26.04
ada5988f-2d57-4b2f-a4e7-24c76d9c1201,clipgt-3ffad395-dabb-484e-aefa-ab29f411d12c,26.4.96-91b06fb8,sample_set/26.04_release/3ffad395-dabb-484e-aefa-ab29f411d12c/3ffad395-dabb-484e-aefa-ab29f411d12c.usdz,2026-08-05 19:15:07,huggingface,26.04
fe6abbc2-2598-4ab3-8c9c-01879a929c55,clipgt-3ffd7a2b-641c-453e-ba00-58809ae3c103,26.4.96-91b06fb8,sample_set/26.04_release/3ffd7a2b-641c-453e-ba00-58809ae3c103/3ffd7a2b-641c-453e-ba00-58809ae3c103.usdz,2026-08-05 19:15:07,huggingface,26.04
a53d6da3-56fd-4083-a410-26891462d688,clipgt-400aa790-3055-4d4b-aba2-e89834928fb8,26.4.96-91b06fb8,sample_set/26.04_release/400aa790-3055-4d4b-aba2-e89834928fb8/400aa790-3055-4d4b-aba2-e89834928fb8.usdz,2026-08-05 19:15:07,huggingface,26.04
1856a947-85ec-43de-bfb8-78dc1f164480,clipgt-403d558a-788a-4c46-a525-d8faabc9c417,26.4.96-91b06fb8,sample_set/26.04_release/403d558a-788a-4c46-a525-d8faabc9c417/403d558a-788a-4c46-a525-d8faabc9c417.usdz,2026-08-05 19:15:07,huggingface,26.04
9d058e5b-c56f-48e2-97b4-c61552fb9019,clipgt-404541da-5297-4c32-b0af-21740de150b0,26.4.96-91b06fb8,sample_set/26.04_release/404541da-5297-4c32-b0af-21740de150b0/404541da-5297-4c32-b0af-21740de150b0.usdz,2026-08-05 19:15:07,huggingface,26.04
385c80db-4dae-4717-882c-3a208c3a2a21,clipgt-40ded62f-e5ce-4844-9d01-9d0cc7555159,26.4.96-91b06fb8,sample_set/26.04_release/40ded62f-e5ce-4844-9d01-9d0cc7555159/40ded62f-e5ce-4844-9d01-9d0cc7555159.usdz,2026-08-05 19:15:07,huggingface,26.04
f24aa906-e555-453f-8cf9-7b5a108f98a7,clipgt-40df3716-4c4b-44ab-9f3e-b70ef7567527,26.4.96-91b06fb8,sample_set/26.04_release/40df3716-4c4b-44ab-9f3e-b70ef7567527/40df3716-4c4b-44ab-9f3e-b70ef7567527.usdz,2026-08-05 19:15:07,huggingface,26.04
7aa5e1a4-8502-4457-8b20-5d5e450e42fb,clipgt-40fc64e5-b2ce-4f35-ac58-ecd3f9964818,26.4.96-91b06fb8,sample_set/26.04_release/40fc64e5-b2ce-4f35-ac58-ecd3f9964818/40fc64e5-b2ce-4f35-ac58-ecd3f9964818.usdz,2026-08-05 19:15:07,huggingface,26.04
48006664-9d67-45eb-91ca-c6c183991948,clipgt-415e950b-f30b-4686-9b29-66846c8ad043,26.4.96-91b06fb8,sample_set/26.04_release/415e950b-f30b-4686-9b29-66846c8ad043/415e950b-f30b-4686-9b29-66846c8ad043.usdz,2026-08-05 19:15:07,huggingface,26.04
4099ffe7-1129-4c29-90fd-18c45ef48200,clipgt-4176f31d-dfb3-4af2-93f3-2ac1e41092cf,26.4.96-91b06fb8,sample_set/26.04_release/4176f31d-dfb3-4af2-93f3-2ac1e41092cf/4176f31d-dfb3-4af2-93f3-2ac1e41092cf.usdz,2026-08-05 19:15:07,huggingface,26.04
004d1c64-0dc0-490a-8453-e605095b75ce,clipgt-41bb5055-ba29-4656-9238-aea42e58ccb5,26.4.96-91b06fb8,sample_set/26.04_release/41bb5055-ba29-4656-9238-aea42e58ccb5/41bb5055-ba29-4656-9238-aea42e58ccb5.usdz,2026-08-05 19:15:07,huggingface,26.04
9855489f-530f-4a0c-8632-c2be71c45da1,clipgt-41c06176-96a4-43ff-b5fa-baaa3a8fd8d0,26.4.96-91b06fb8,sample_set/26.04_release/41c06176-96a4-43ff-b5fa-baaa3a8fd8d0/41c06176-96a4-43ff-b5fa-baaa3a8fd8d0.usdz,2026-08-05 19:15:07,huggingface,26.04
778765e0-fa1c-4e24-b54d-1c771300cd5d,clipgt-41d714e0-3524-4f96-a05c-d15337a083fa,26.4.96-91b06fb8,sample_set/26.04_release/41d714e0-3524-4f96-a05c-d15337a083fa/41d714e0-3524-4f96-a05c-d15337a083fa.usdz,2026-08-05 19:15:07,huggingface,26.04
9a9b5214-4fc3-445f-a8a0-3847b3c5b5e8,clipgt-41dadaf2-5c40-48d4-8b15-b3ca2b9f398b,26.4.96-91b06fb8,sample_set/26.04_release/41dadaf2-5c40-48d4-8b15-b3ca2b9f398b/41dadaf2-5c40-48d4-8b15-b3ca2b9f398b.usdz,2026-08-05 19:15:07,huggingface,26.04
e2c27d45-4c16-4a5b-8f80-63cd8014072d,clipgt-42a44314-739b-4d5f-9bbe-a960bec36277,26.4.96-91b06fb8,sample_set/26.04_release/42a44314-739b-4d5f-9bbe-a960bec36277/42a44314-739b-4d5f-9bbe-a960bec36277.usdz,2026-08-05 19:15:07,huggingface,26.04
12501f72-33c4-4878-bb24-49182a6aa305,clipgt-42b261f7-4799-4528-ac87-5c696f900dc4,26.4.96-91b06fb8,sample_set/26.04_release/42b261f7-4799-4528-ac87-5c696f900dc4/42b261f7-4799-4528-ac87-5c696f900dc4.usdz,2026-08-05 19:15:07,huggingface,26.04
cb346a74-41b6-4405-9c6b-00a3c963ea41,clipgt-42f8d82c-1c8b-4949-a63f-6c1c96bff3ee,26.4.96-91b06fb8,sample_set/26.04_release/42f8d82c-1c8b-4949-a63f-6c1c96bff3ee/42f8d82c-1c8b-4949-a63f-6c1c96bff3ee.usdz,2026-08-05 19:15:07,huggingface,26.04
c6f419f6-9a72-412a-9d8a-d81e0eb49fd1,clipgt-43b053e4-ae10-4b88-8338-6f108cfa805d,26.4.96-91b06fb8,sample_set/26.04_release/43b053e4-ae10-4b88-8338-6f108cfa805d/43b053e4-ae10-4b88-8338-6f108cfa805d.usdz,2026-08-05 19:15:07,huggingface,26.04
6bbfb75e-6656-43df-afc3-4c82eb491036,clipgt-4411c098-6920-40ea-84eb-e136cd89950d,26.4.96-91b06fb8,sample_set/26.04_release/4411c098-6920-40ea-84eb-e136cd89950d/4411c098-6920-40ea-84eb-e136cd89950d.usdz,2026-08-05 19:15:07,huggingface,26.04
eb891599-ca51-4d86-ad36-246c4c3e4057,clipgt-444fca69-1f4c-47d2-8a21-ae6c11250b18,26.4.96-91b06fb8,sample_set/26.04_release/444fca69-1f4c-47d2-8a21-ae6c11250b18/444fca69-1f4c-47d2-8a21-ae6c11250b18.usdz,2026-08-05 19:15:07,huggingface,26.04
11f29410-a508-40d3-8686-0869974b66b8,clipgt-44c3b4d5-de26-4ba6-b748-c3a22730a717,26.4.96-91b06fb8,sample_set/26.04_release/44c3b4d5-de26-4ba6-b748-c3a22730a717/44c3b4d5-de26-4ba6-b748-c3a22730a717.usdz,2026-08-05 19:15:07,huggingface,26.04
9fd508fd-97f0-4d1d-aff4-7e5ab7933142,clipgt-44d530b9-016f-4d5d-80ea-b78958d1f502,26.4.96-91b06fb8,sample_set/26.04_release/44d530b9-016f-4d5d-80ea-b78958d1f502/44d530b9-016f-4d5d-80ea-b78958d1f502.usdz,2026-08-05 19:15:07,huggingface,26.04
d725948d-791e-40e7-8666-c31e84896ff6,clipgt-44fa9e1b-ecfa-4e79-a5bd-4a6d102a14f7,26.4.96-91b06fb8,sample_set/26.04_release/44fa9e1b-ecfa-4e79-a5bd-4a6d102a14f7/44fa9e1b-ecfa-4e79-a5bd-4a6d102a14f7.usdz,2026-08-05 19:15:07,huggingface,26.04
5a73b58b-cb00-4dab-8e18-12bcae949590,clipgt-44fdaa0f-373d-439c-bcbb-4d748bcb5bda,26.4.96-91b06fb8,sample_set/26.04_release/44fdaa0f-373d-439c-bcbb-4d748bcb5bda/44fdaa0f-373d-439c-bcbb-4d748bcb5bda.usdz,2026-08-05 19:15:07,huggingface,26.04
f1963305-92b6-4d53-bcf0-f2231a92b986,clipgt-450d5c8d-ed6b-419e-a995-6e707a6fd83b,26.4.96-91b06fb8,sample_set/26.04_release/450d5c8d-ed6b-419e-a995-6e707a6fd83b/450d5c8d-ed6b-419e-a995-6e707a6fd83b.usdz,2026-08-05 19:15:07,huggingface,26.04
7a9264d4-7286-4102-addd-24b786803d27,clipgt-4512bfd6-59c5-4b75-b2ff-a21b69ffa4dd,26.4.96-91b06fb8,sample_set/26.04_release/4512bfd6-59c5-4b75-b2ff-a21b69ffa4dd/4512bfd6-59c5-4b75-b2ff-a21b69ffa4dd.usdz,2026-08-05 19:15:07,huggingface,26.04
78d9d51a-7ec4-4bbc-849e-b9cb20a4cbde,clipgt-451cbe44-d2ac-4deb-8ae7-3dfedda42042,26.4.96-91b06fb8,sample_set/26.04_release/451cbe44-d2ac-4deb-8ae7-3dfedda42042/451cbe44-d2ac-4deb-8ae7-3dfedda42042.usdz,2026-08-05 19:15:07,huggingface,26.04
eb28f7fe-1e2c-4315-af78-cd2c72e851a9,clipgt-4541cef6-f424-4090-8ab3-1ead9616902d,26.4.96-91b06fb8,sample_set/26.04_release/4541cef6-f424-4090-8ab3-1ead9616902d/4541cef6-f424-4090-8ab3-1ead9616902d.usdz,2026-08-05 19:15:07,huggingface,26.04
a6556dd2-34b4-44be-86fb-91bc91f3054a,clipgt-454a378b-8594-43ed-97d7-c7845ff54125,26.4.96-91b06fb8,sample_set/26.04_release/454a378b-8594-43ed-97d7-c7845ff54125/454a378b-8594-43ed-97d7-c7845ff54125.usdz,2026-08-05 19:15:07,huggingface,26.04
733db94c-e9e4-443e-9abd-e7d37189c8a0,clipgt-45829345-103e-4293-990d-7285d7e79499,26.4.96-91b06fb8,sample_set/26.04_release/45829345-103e-4293-990d-7285d7e79499/45829345-103e-4293-990d-7285d7e79499.usdz,2026-08-05 19:15:07,huggingface,26.04
39d831ce-bdfe-4257-96ff-6b3ea1cb2ff1,clipgt-4587c40f-2452-46ae-8d32-3fe88a386982,26.4.96-91b06fb8,sample_set/26.04_release/4587c40f-2452-46ae-8d32-3fe88a386982/4587c40f-2452-46ae-8d32-3fe88a386982.usdz,2026-08-05 19:15:07,huggingface,26.04
fc5df92d-8eae-46e3-8464-dfb5be4a2359,clipgt-45d935e4-de5b-4910-a7ac-ba9d832b05be,26.4.96-91b06fb8,sample_set/26.04_release/45d935e4-de5b-4910-a7ac-ba9d832b05be/45d935e4-de5b-4910-a7ac-ba9d832b05be.usdz,2026-08-05 19:15:07,huggingface,26.04
f2e4c2f6-3d68-46c0-b7cf-c0f7107d9344,clipgt-45f08b17-c7d7-4ea9-b56d-d859601e2ff7,26.4.96-91b06fb8,sample_set/26.04_release/45f08b17-c7d7-4ea9-b56d-d859601e2ff7/45f08b17-c7d7-4ea9-b56d-d859601e2ff7.usdz,2026-08-05 19:15:07,huggingface,26.04
23ca0f91-363e-43d6-adeb-518909a9d0bb,clipgt-45f8999a-12ea-4bac-b786-da23e31cd73f,26.4.96-91b06fb8,sample_set/26.04_release/45f8999a-12ea-4bac-b786-da23e31cd73f/45f8999a-12ea-4bac-b786-da23e31cd73f.usdz,2026-08-05 19:15:07,huggingface,26.04
85feff2d-5ee1-4730-a00a-70a4eebf0ba3,clipgt-4611c801-b3ac-4564-aa53-21d33088f253,26.4.96-91b06fb8,sample_set/26.04_release/4611c801-b3ac-4564-aa53-21d33088f253/4611c801-b3ac-4564-aa53-21d33088f253.usdz,2026-08-05 19:15:07,huggingface,26.04
29c284a0-56dc-4ec6-937a-23c892433588,clipgt-464f923c-cc39-408e-8ebc-e55ffe475f0b,26.4.96-91b06fb8,sample_set/26.04_release/464f923c-cc39-408e-8ebc-e55ffe475f0b/464f923c-cc39-408e-8ebc-e55ffe475f0b.usdz,2026-08-05 19:15:07,huggingface,26.04
3d2596f9-ee26-45b9-a04f-c86ab8512aa3,clipgt-4658c995-2de5-4284-a599-f4f142467269,26.4.96-91b06fb8,sample_set/26.04_release/4658c995-2de5-4284-a599-f4f142467269/4658c995-2de5-4284-a599-f4f142467269.usdz,2026-08-05 19:15:07,huggingface,26.04
82603c0f-3539-4259-9d52-46e97f0c377a,clipgt-46a20900-7a38-4a4c-86e2-f44915dda35f,26.4.96-91b06fb8,sample_set/26.04_release/46a20900-7a38-4a4c-86e2-f44915dda35f/46a20900-7a38-4a4c-86e2-f44915dda35f.usdz,2026-08-05 19:15:07,huggingface,26.04
e8305308-79f2-4176-bc1a-daf2b7d0933a,clipgt-46d68e21-a7f2-45e8-9b2d-147bee3a058b,26.4.96-91b06fb8,sample_set/26.04_release/46d68e21-a7f2-45e8-9b2d-147bee3a058b/46d68e21-a7f2-45e8-9b2d-147bee3a058b.usdz,2026-08-05 19:15:07,huggingface,26.04
c8470f06-7874-4c29-979f-5b76ee9c50ca,clipgt-46d6b6fc-44ec-4f0b-be9e-c9f2015f05b7,26.4.96-91b06fb8,sample_set/26.04_release/46d6b6fc-44ec-4f0b-be9e-c9f2015f05b7/46d6b6fc-44ec-4f0b-be9e-c9f2015f05b7.usdz,2026-08-05 19:15:07,huggingface,26.04
abf91194-a535-4f8d-a24d-719ca67f0258,clipgt-46db670e-79d2-4373-ab80-e354ae6523a7,26.4.96-91b06fb8,sample_set/26.04_release/46db670e-79d2-4373-ab80-e354ae6523a7/46db670e-79d2-4373-ab80-e354ae6523a7.usdz,2026-08-05 19:15:07,huggingface,26.04
a498c0f9-f2c0-4280-ab7f-c496dd993b19,clipgt-46ea6266-fa8d-48dc-baf2-68d7f367cfb9,26.4.96-91b06fb8,sample_set/26.04_release/46ea6266-fa8d-48dc-baf2-68d7f367cfb9/46ea6266-fa8d-48dc-baf2-68d7f367cfb9.usdz,2026-08-05 19:15:07,huggingface,26.04
bb389ff9-b0d4-44a7-9fee-c1da96aafc3a,clipgt-470a377d-bc68-4647-a1db-4f9f35bb2e9a,26.4.96-91b06fb8,sample_set/26.04_release/470a377d-bc68-4647-a1db-4f9f35bb2e9a/470a377d-bc68-4647-a1db-4f9f35bb2e9a.usdz,2026-08-05 19:15:07,huggingface,26.04
6f11ced3-0e4c-49bc-8675-730a53bda23d,clipgt-470c4ecc-8d6b-46dc-ba60-fd16888c5797,26.4.96-91b06fb8,sample_set/26.04_release/470c4ecc-8d6b-46dc-ba60-fd16888c5797/470c4ecc-8d6b-46dc-ba60-fd16888c5797.usdz,2026-08-05 19:15:07,huggingface,26.04
c24b985e-324b-4a9e-9752-2ad4fd0c7504,clipgt-471f2484-3cdd-47bb-9039-abc856acaeb8,26.4.96-91b06fb8,sample_set/26.04_release/471f2484-3cdd-47bb-9039-abc856acaeb8/471f2484-3cdd-47bb-9039-abc856acaeb8.usdz,2026-08-05 19:15:07,huggingface,26.04
e0317366-40a4-430c-8936-3957e886a793,clipgt-4726de45-34cc-465a-8167-281c37faecbf,26.4.96-91b06fb8,sample_set/26.04_release/4726de45-34cc-465a-8167-281c37faecbf/4726de45-34cc-465a-8167-281c37faecbf.usdz,2026-08-05 19:15:07,huggingface,26.04
12406312-ba67-4f2c-bf0a-22c015640304,clipgt-47650c67-906f-4a73-a012-be29fad601ff,26.4.96-91b06fb8,sample_set/26.04_release/47650c67-906f-4a73-a012-be29fad601ff/47650c67-906f-4a73-a012-be29fad601ff.usdz,2026-08-05 19:15:07,huggingface,26.04
daa39f8c-4d71-43b7-92b2-6a1dbb3b386a,clipgt-477ab28c-3309-473a-8ecd-12a832feeb6a,26.4.96-91b06fb8,sample_set/26.04_release/477ab28c-3309-473a-8ecd-12a832feeb6a/477ab28c-3309-473a-8ecd-12a832feeb6a.usdz,2026-08-05 19:15:07,huggingface,26.04
ff1c241f-4916-4a9e-a500-81b49963cef8,clipgt-478d6ec4-f02b-4c82-97af-ddc0fbe5027f,26.4.96-91b06fb8,sample_set/26.04_release/478d6ec4-f02b-4c82-97af-ddc0fbe5027f/478d6ec4-f02b-4c82-97af-ddc0fbe5027f.usdz,2026-08-05 19:15:07,huggingface,26.04
982feac5-9f21-492d-9826-4689df0e1379,clipgt-47db2eb6-a299-4469-a3ca-e5539e8763a0,26.4.96-91b06fb8,sample_set/26.04_release/47db2eb6-a299-4469-a3ca-e5539e8763a0/47db2eb6-a299-4469-a3ca-e5539e8763a0.usdz,2026-08-05 19:15:07,huggingface,26.04
186cd536-dfe9-436c-89b6-33ba0297b87d,clipgt-489ecd96-6c76-4af9-b36a-8ad4e5d7d91e,26.4.96-91b06fb8,sample_set/26.04_release/489ecd96-6c76-4af9-b36a-8ad4e5d7d91e/489ecd96-6c76-4af9-b36a-8ad4e5d7d91e.usdz,2026-08-05 19:15:07,huggingface,26.04
0ef93169-2fe8-453a-9dbc-1240fb825d16,clipgt-48a3f74a-4474-4810-8f89-f7eb58b3dfc9,26.4.96-91b06fb8,sample_set/26.04_release/48a3f74a-4474-4810-8f89-f7eb58b3dfc9/48a3f74a-4474-4810-8f89-f7eb58b3dfc9.usdz,2026-08-05 19:15:07,huggingface,26.04
3624d1f6-148d-487f-88b5-59fa40581162,clipgt-48fa9fc5-e612-4f44-9568-a7d6c4be69c4,26.4.96-91b06fb8,sample_set/26.04_release/48fa9fc5-e612-4f44-9568-a7d6c4be69c4/48fa9fc5-e612-4f44-9568-a7d6c4be69c4.usdz,2026-08-05 19:15:07,huggingface,26.04
d12b01e6-9446-4f29-b18b-058081c45243,clipgt-490e1e7c-225c-4fa3-96c8-552d4274eb99,26.4.96-91b06fb8,sample_set/26.04_release/490e1e7c-225c-4fa3-96c8-552d4274eb99/490e1e7c-225c-4fa3-96c8-552d4274eb99.usdz,2026-08-05 19:15:07,huggingface,26.04
ac850c07-b9e9-46fd-9334-cff037cf17ad,clipgt-49513907-cf1c-4e07-9f92-36ba0c1561b7,26.4.96-91b06fb8,sample_set/26.04_release/49513907-cf1c-4e07-9f92-36ba0c1561b7/49513907-cf1c-4e07-9f92-36ba0c1561b7.usdz,2026-08-05 19:15:07,huggingface,26.04
7c5b4848-6b78-40cc-a422-726fc5d14e7d,clipgt-49597f01-1461-4084-9447-95741690d9d8,26.4.96-91b06fb8,sample_set/26.04_release/49597f01-1461-4084-9447-95741690d9d8/49597f01-1461-4084-9447-95741690d9d8.usdz,2026-08-05 19:15:07,huggingface,26.04
f92a234e-06e0-495e-b6a6-2096224d6bd2,clipgt-4969ac16-f08c-4231-a4d4-8a5b46422f76,26.4.96-91b06fb8,sample_set/26.04_release/4969ac16-f08c-4231-a4d4-8a5b46422f76/4969ac16-f08c-4231-a4d4-8a5b46422f76.usdz,2026-08-05 19:15:07,huggingface,26.04
997bfaea-0780-4877-82a5-027eb4929f42,clipgt-497183c6-6a87-43e7-8c2b-ab357e1cb57e,26.4.96-91b06fb8,sample_set/26.04_release/497183c6-6a87-43e7-8c2b-ab357e1cb57e/497183c6-6a87-43e7-8c2b-ab357e1cb57e.usdz,2026-08-05 19:15:07,huggingface,26.04
7b05bbd0-1062-4baa-ac61-41eb1fdbe6a2,clipgt-4995e8aa-8a9b-40a5-aceb-ceccdfa506c7,26.4.96-91b06fb8,sample_set/26.04_release/4995e8aa-8a9b-40a5-aceb-ceccdfa506c7/4995e8aa-8a9b-40a5-aceb-ceccdfa506c7.usdz,2026-08-05 19:15:07,huggingface,26.04
045a68cf-7596-409f-8f9a-be72d63fb90d,clipgt-49a2bbf7-1b3b-4a31-a54d-40071ec42449,26.4.96-91b06fb8,sample_set/26.04_release/49a2bbf7-1b3b-4a31-a54d-40071ec42449/49a2bbf7-1b3b-4a31-a54d-40071ec42449.usdz,2026-08-05 19:15:07,huggingface,26.04
54b3f37b-8995-48ab-a7eb-38835bd78a68,clipgt-49a97127-746d-4f7f-90f3-3ffed4cfa592,26.4.96-91b06fb8,sample_set/26.04_release/49a97127-746d-4f7f-90f3-3ffed4cfa592/49a97127-746d-4f7f-90f3-3ffed4cfa592.usdz,2026-08-05 19:15:07,huggingface,26.04
b0c496b3-6eda-488c-a252-c9dd9a2dcb53,clipgt-49bcab6f-d6a9-48de-a7c3-47f91059fc66,26.4.96-91b06fb8,sample_set/26.04_release/49bcab6f-d6a9-48de-a7c3-47f91059fc66/49bcab6f-d6a9-48de-a7c3-47f91059fc66.usdz,2026-08-05 19:15:07,huggingface,26.04
e4cd156b-0053-4f88-a082-1f60eac3e654,clipgt-49c23486-6222-487f-b9ce-c5e8a29e5c97,26.4.96-91b06fb8,sample_set/26.04_release/49c23486-6222-487f-b9ce-c5e8a29e5c97/49c23486-6222-487f-b9ce-c5e8a29e5c97.usdz,2026-08-05 19:15:07,huggingface,26.04
97803dd5-ef6f-4257-a0d8-2f0afcf1a148,clipgt-4a24b408-1989-4393-9594-ca99a2c71930,26.4.96-91b06fb8,sample_set/26.04_release/4a24b408-1989-4393-9594-ca99a2c71930/4a24b408-1989-4393-9594-ca99a2c71930.usdz,2026-08-05 19:15:07,huggingface,26.04
323cad85-9775-4071-81e1-b2655c995edb,clipgt-4a2db3b3-105b-4b03-9ddc-fe5900098887,26.4.96-91b06fb8,sample_set/26.04_release/4a2db3b3-105b-4b03-9ddc-fe5900098887/4a2db3b3-105b-4b03-9ddc-fe5900098887.usdz,2026-08-05 19:15:07,huggingface,26.04
01def748-e4d8-4a49-ba60-dc73ee22692a,clipgt-4a863a41-f6b3-4323-9a54-848d8c3d15a9,26.4.96-91b06fb8,sample_set/26.04_release/4a863a41-f6b3-4323-9a54-848d8c3d15a9/4a863a41-f6b3-4323-9a54-848d8c3d15a9.usdz,2026-08-05 19:15:07,huggingface,26.04
6ee05d18-3eaa-46d9-95b1-a742e7b58263,clipgt-4ac6e6fb-8a9b-46c7-b7b4-b8d33368f6fb,26.4.96-91b06fb8,sample_set/26.04_release/4ac6e6fb-8a9b-46c7-b7b4-b8d33368f6fb/4ac6e6fb-8a9b-46c7-b7b4-b8d33368f6fb.usdz,2026-08-05 19:15:07,huggingface,26.04
d160e673-5fa6-4e1d-9a29-934bbb48130c,clipgt-4b5a7c8b-40d7-4fd4-bc6e-b22b5f7ace44,26.4.96-91b06fb8,sample_set/26.04_release/4b5a7c8b-40d7-4fd4-bc6e-b22b5f7ace44/4b5a7c8b-40d7-4fd4-bc6e-b22b5f7ace44.usdz,2026-08-05 19:15:07,huggingface,26.04
1e812ee7-12a2-4141-9e4e-6b9041caecc8,clipgt-4b7f3f25-30ed-44b3-8a91-5af20e5f1a06,26.4.96-91b06fb8,sample_set/26.04_release/4b7f3f25-30ed-44b3-8a91-5af20e5f1a06/4b7f3f25-30ed-44b3-8a91-5af20e5f1a06.usdz,2026-08-05 19:15:07,huggingface,26.04
f39a4712-1d54-41af-809f-c440b159beb2,clipgt-4b8a9bd4-8dcd-494a-b5d5-64f9b9344acd,26.4.96-91b06fb8,sample_set/26.04_release/4b8a9bd4-8dcd-494a-b5d5-64f9b9344acd/4b8a9bd4-8dcd-494a-b5d5-64f9b9344acd.usdz,2026-08-05 19:15:07,huggingface,26.04
ce820750-d938-42de-b857-9cb5e6d1fbb8,clipgt-4bc0d5a1-8907-478b-b19f-aae67744227e,26.4.96-91b06fb8,sample_set/26.04_release/4bc0d5a1-8907-478b-b19f-aae67744227e/4bc0d5a1-8907-478b-b19f-aae67744227e.usdz,2026-08-05 19:15:07,huggingface,26.04
0414495a-cfff-4a21-b443-1b8be1049746,clipgt-4bdcda96-d062-4d63-ba55-5c1664943a7c,26.4.96-91b06fb8,sample_set/26.04_release/4bdcda96-d062-4d63-ba55-5c1664943a7c/4bdcda96-d062-4d63-ba55-5c1664943a7c.usdz,2026-08-05 19:15:07,huggingface,26.04
6e7af13f-a0f1-484b-b379-87ddb5da311d,clipgt-4be71004-79ca-476b-be95-290f0dff4334,26.4.96-91b06fb8,sample_set/26.04_release/4be71004-79ca-476b-be95-290f0dff4334/4be71004-79ca-476b-be95-290f0dff4334.usdz,2026-08-05 19:15:07,huggingface,26.04
9493ca9d-631b-4080-9cde-4463101fd351,clipgt-4bff979b-dc85-4a39-b11c-bc42b04662db,26.4.96-91b06fb8,sample_set/26.04_release/4bff979b-dc85-4a39-b11c-bc42b04662db/4bff979b-dc85-4a39-b11c-bc42b04662db.usdz,2026-08-05 19:15:07,huggingface,26.04
edcbe3a4-55f0-4c1a-ad37-5d1dde5cf453,clipgt-4c20282b-e568-4322-ac23-d6c527be5ae1,26.4.96-91b06fb8,sample_set/26.04_release/4c20282b-e568-4322-ac23-d6c527be5ae1/4c20282b-e568-4322-ac23-d6c527be5ae1.usdz,2026-08-05 19:15:07,huggingface,26.04
b75c4953-2520-4689-aa64-d277a5d293f0,clipgt-4cb05d65-b2b9-48fc-8f14-d0507d6cda9e,26.4.96-91b06fb8,sample_set/26.04_release/4cb05d65-b2b9-48fc-8f14-d0507d6cda9e/4cb05d65-b2b9-48fc-8f14-d0507d6cda9e.usdz,2026-08-05 19:15:07,huggingface,26.04
20d90b53-09c6-49ec-8bbd-7643b319849e,clipgt-4cef6180-5c55-4611-a407-7aed3e17199c,26.4.96-91b06fb8,sample_set/26.04_release/4cef6180-5c55-4611-a407-7aed3e17199c/4cef6180-5c55-4611-a407-7aed3e17199c.usdz,2026-08-05 19:15:07,huggingface,26.04
a487d554-f70d-4310-9a96-0c534f44f11b,clipgt-4d268762-0f46-4ba3-853a-31d909cb6cb6,26.4.96-91b06fb8,sample_set/26.04_release/4d268762-0f46-4ba3-853a-31d909cb6cb6/4d268762-0f46-4ba3-853a-31d909cb6cb6.usdz,2026-08-05 19:15:07,huggingface,26.04
94d3f94c-9dde-46ca-ad31-dbc80730daf3,clipgt-4d4352f8-8565-42a8-99ac-8b2c790d2591,26.4.96-91b06fb8,sample_set/26.04_release/4d4352f8-8565-42a8-99ac-8b2c790d2591/4d4352f8-8565-42a8-99ac-8b2c790d2591.usdz,2026-08-05 19:15:07,huggingface,26.04
86ba4d34-b9a4-4a5c-8691-9a15350f532c,clipgt-4d496419-40e7-4822-ae8a-1af44a22bd83,26.4.96-91b06fb8,sample_set/26.04_release/4d496419-40e7-4822-ae8a-1af44a22bd83/4d496419-40e7-4822-ae8a-1af44a22bd83.usdz,2026-08-05 19:15:07,huggingface,26.04
6e5a34a2-5057-4e84-86ee-ceddab7a15f5,clipgt-4d659a21-e7dc-44df-82d8-6f3c87ade1f3,26.4.96-91b06fb8,sample_set/26.04_release/4d659a21-e7dc-44df-82d8-6f3c87ade1f3/4d659a21-e7dc-44df-82d8-6f3c87ade1f3.usdz,2026-08-05 19:15:07,huggingface,26.04
52e5cc7f-14fe-4216-8c00-c3aefacf5359,clipgt-4dc8100b-e492-4b33-b061-be3d64d52e31,26.4.96-91b06fb8,sample_set/26.04_release/4dc8100b-e492-4b33-b061-be3d64d52e31/4dc8100b-e492-4b33-b061-be3d64d52e31.usdz,2026-08-05 19:15:07,huggingface,26.04
cf983294-539d-41c9-a32f-6a072237a2c2,clipgt-4e05c75c-1fe9-4ff6-b94a-8e297c57a38a,26.4.96-91b06fb8,sample_set/26.04_release/4e05c75c-1fe9-4ff6-b94a-8e297c57a38a/4e05c75c-1fe9-4ff6-b94a-8e297c57a38a.usdz,2026-08-05 19:15:07,huggingface,26.04
98534164-6f0f-4d88-99a8-4b3b404907f1,clipgt-4e2181bf-ef99-4f71-833a-1ffca06fefbb,26.4.96-91b06fb8,sample_set/26.04_release/4e2181bf-ef99-4f71-833a-1ffca06fefbb/4e2181bf-ef99-4f71-833a-1ffca06fefbb.usdz,2026-08-05 19:15:07,huggingface,26.04
5e975dee-3c45-4d99-9978-58568dfd0793,clipgt-4e454838-a16b-4f7a-929f-b6e047dd8170,26.4.96-91b06fb8,sample_set/26.04_release/4e454838-a16b-4f7a-929f-b6e047dd8170/4e454838-a16b-4f7a-929f-b6e047dd8170.usdz,2026-08-05 19:15:07,huggingface,26.04
fd99c276-808b-44f1-acf2-a66863e6f455,clipgt-4e4a2a51-db91-43d1-90b4-d9cd7aeba6e8,26.4.96-91b06fb8,sample_set/26.04_release/4e4a2a51-db91-43d1-90b4-d9cd7aeba6e8/4e4a2a51-db91-43d1-90b4-d9cd7aeba6e8.usdz,2026-08-05 19:15:07,huggingface,26.04
5b411199-b995-4c5d-91dd-112494e48c59,clipgt-4e8f1c63-2184-4d5e-976c-a3906f6f743f,26.4.96-91b06fb8,sample_set/26.04_release/4e8f1c63-2184-4d5e-976c-a3906f6f743f/4e8f1c63-2184-4d5e-976c-a3906f6f743f.usdz,2026-08-05 19:15:07,huggingface,26.04
1c8a91a5-f973-4756-bd88-167eb1174de3,clipgt-4f0f0f12-d9d1-4207-bd27-5c3e62d15e5a,26.4.96-91b06fb8,sample_set/26.04_release/4f0f0f12-d9d1-4207-bd27-5c3e62d15e5a/4f0f0f12-d9d1-4207-bd27-5c3e62d15e5a.usdz,2026-08-05 19:15:07,huggingface,26.04
dcee4846-017b-4c1f-98ab-e696003cea13,clipgt-4f779a92-af3f-4951-a09e-18fa15cbbf97,26.4.96-91b06fb8,sample_set/26.04_release/4f779a92-af3f-4951-a09e-18fa15cbbf97/4f779a92-af3f-4951-a09e-18fa15cbbf97.usdz,2026-08-05 19:15:07,huggingface,26.04
cf5bfc79-6ac9-422a-9674-f9dae0b70692,clipgt-4f7cb072-89c6-40f5-b6a5-d8c775784c2a,26.4.96-91b06fb8,sample_set/26.04_release/4f7cb072-89c6-40f5-b6a5-d8c775784c2a/4f7cb072-89c6-40f5-b6a5-d8c775784c2a.usdz,2026-08-05 19:15:07,huggingface,26.04
0f5be89a-391b-48a2-9683-7d03051bdcfa,clipgt-4f8168cc-0add-48aa-a44b-206268cd07b9,26.4.96-91b06fb8,sample_set/26.04_release/4f8168cc-0add-48aa-a44b-206268cd07b9/4f8168cc-0add-48aa-a44b-206268cd07b9.usdz,2026-08-05 19:15:07,huggingface,26.04
76de4200-11b9-416d-b5fb-7f5b23522959,clipgt-4fa2f86c-cfff-4cb7-b68c-29109aeef91b,26.4.96-91b06fb8,sample_set/26.04_release/4fa2f86c-cfff-4cb7-b68c-29109aeef91b/4fa2f86c-cfff-4cb7-b68c-29109aeef91b.usdz,2026-08-05 19:15:07,huggingface,26.04
bf4db079-0a96-40c5-b3ac-0b1a1fa89b0d,clipgt-4fdce89c-8dc9-4c3a-95e5-1a6c4da202e2,26.4.96-91b06fb8,sample_set/26.04_release/4fdce89c-8dc9-4c3a-95e5-1a6c4da202e2/4fdce89c-8dc9-4c3a-95e5-1a6c4da202e2.usdz,2026-08-05 19:15:07,huggingface,26.04
b8fc0855-02ca-411a-86af-c57681747a82,clipgt-4fdd073a-3aca-46b7-9b9e-fd58e7ba9657,26.4.96-91b06fb8,sample_set/26.04_release/4fdd073a-3aca-46b7-9b9e-fd58e7ba9657/4fdd073a-3aca-46b7-9b9e-fd58e7ba9657.usdz,2026-08-05 19:15:07,huggingface,26.04
c9379185-a081-40e8-9f51-8c4ce2ad3fce,clipgt-5037c30f-f66c-45d6-b459-b0b465602de5,26.4.96-91b06fb8,sample_set/26.04_release/5037c30f-f66c-45d6-b459-b0b465602de5/5037c30f-f66c-45d6-b459-b0b465602de5.usdz,2026-08-05 19:15:07,huggingface,26.04
5c8e91dd-5a7d-4a51-8dd9-46969d2c9ada,clipgt-504ca69c-d9ae-4214-afd5-ac0e0c289de7,26.4.96-91b06fb8,sample_set/26.04_release/504ca69c-d9ae-4214-afd5-ac0e0c289de7/504ca69c-d9ae-4214-afd5-ac0e0c289de7.usdz,2026-08-05 19:15:07,huggingface,26.04
1fc02af9-664c-44b9-b257-2f0677eb1d92,clipgt-504ee5fd-7588-4ec5-b8f3-2bde1b06c05a,26.4.96-91b06fb8,sample_set/26.04_release/504ee5fd-7588-4ec5-b8f3-2bde1b06c05a/504ee5fd-7588-4ec5-b8f3-2bde1b06c05a.usdz,2026-08-05 19:15:07,huggingface,26.04
3f054fb9-322d-44b5-9d02-5c2787da7a03,clipgt-50541d25-ddd7-46e4-afea-05250006705a,26.4.96-91b06fb8,sample_set/26.04_release/50541d25-ddd7-46e4-afea-05250006705a/50541d25-ddd7-46e4-afea-05250006705a.usdz,2026-08-05 19:15:07,huggingface,26.04
a1a562b3-53b0-4cd1-9db1-b71307b32087,clipgt-50aa86f5-9179-4984-9e4f-d9a678b1e77e,26.4.96-91b06fb8,sample_set/26.04_release/50aa86f5-9179-4984-9e4f-d9a678b1e77e/50aa86f5-9179-4984-9e4f-d9a678b1e77e.usdz,2026-08-05 19:15:07,huggingface,26.04
9fb67359-e273-448f-aac9-da2df667ac3d,clipgt-510831a8-7a8f-4640-bf5b-ba9505880268,26.4.96-91b06fb8,sample_set/26.04_release/510831a8-7a8f-4640-bf5b-ba9505880268/510831a8-7a8f-4640-bf5b-ba9505880268.usdz,2026-08-05 19:15:07,huggingface,26.04
c2016360-e9ef-4da3-b87c-c5949558ba23,clipgt-51242b4d-d47f-495e-943e-569541f15fb9,26.4.96-91b06fb8,sample_set/26.04_release/51242b4d-d47f-495e-943e-569541f15fb9/51242b4d-d47f-495e-943e-569541f15fb9.usdz,2026-08-05 19:15:07,huggingface,26.04
9332c4cf-1306-4bf0-968c-3a11078b1a23,clipgt-51249fb2-3db1-4e78-813a-f6b2af4076d3,26.4.96-91b06fb8,sample_set/26.04_release/51249fb2-3db1-4e78-813a-f6b2af4076d3/51249fb2-3db1-4e78-813a-f6b2af4076d3.usdz,2026-08-05 19:15:07,huggingface,26.04
fe54649c-cc31-4c9b-8796-6022dafeacbe,clipgt-51400458-f276-4c16-902f-484bbf8a05a6,26.4.96-91b06fb8,sample_set/26.04_release/51400458-f276-4c16-902f-484bbf8a05a6/51400458-f276-4c16-902f-484bbf8a05a6.usdz,2026-08-05 19:15:07,huggingface,26.04
22aee33d-93e1-44cf-83e6-34c26e9a962a,clipgt-51904be9-9fd8-427f-96ac-42a66d338314,26.4.96-91b06fb8,sample_set/26.04_release/51904be9-9fd8-427f-96ac-42a66d338314/51904be9-9fd8-427f-96ac-42a66d338314.usdz,2026-08-05 19:15:07,huggingface,26.04
044fd550-0ee2-47d1-8f5b-cbca5607ec23,clipgt-519a1bf9-b9e2-405a-a69c-f2026f4e1058,26.4.96-91b06fb8,sample_set/26.04_release/519a1bf9-b9e2-405a-a69c-f2026f4e1058/519a1bf9-b9e2-405a-a69c-f2026f4e1058.usdz,2026-08-05 19:15:07,huggingface,26.04
d4d929af-ea0c-4ed3-8e6f-1bca4b327db6,clipgt-51dd9863-3749-4ac8-86d8-0bddd140f9c7,26.4.96-91b06fb8,sample_set/26.04_release/51dd9863-3749-4ac8-86d8-0bddd140f9c7/51dd9863-3749-4ac8-86d8-0bddd140f9c7.usdz,2026-08-05 19:15:07,huggingface,26.04
2164473b-fe9e-4605-9490-aeae986f74a1,clipgt-51e7f59e-a539-4c67-9c10-6c236b72487f,26.4.96-91b06fb8,sample_set/26.04_release/51e7f59e-a539-4c67-9c10-6c236b72487f/51e7f59e-a539-4c67-9c10-6c236b72487f.usdz,2026-08-05 19:15:07,huggingface,26.04
d1498c0e-8c02-46d2-8a8e-e6e0737373a7,clipgt-52003cee-c163-41b2-9bc7-7bf4cc46d505,26.4.96-91b06fb8,sample_set/26.04_release/52003cee-c163-41b2-9bc7-7bf4cc46d505/52003cee-c163-41b2-9bc7-7bf4cc46d505.usdz,2026-08-05 19:15:07,huggingface,26.04
4e729742-09c6-42e5-9567-6950a14a7f4e,clipgt-5277b5f7-2469-4371-8c69-93409710f99f,26.4.96-91b06fb8,sample_set/26.04_release/5277b5f7-2469-4371-8c69-93409710f99f/5277b5f7-2469-4371-8c69-93409710f99f.usdz,2026-08-05 19:15:07,huggingface,26.04
cf0e01ab-4896-430e-ad1b-4da220f91cf3,clipgt-5293e562-5d50-4999-9eb6-cbb5cc07f66f,26.4.96-91b06fb8,sample_set/26.04_release/5293e562-5d50-4999-9eb6-cbb5cc07f66f/5293e562-5d50-4999-9eb6-cbb5cc07f66f.usdz,2026-08-05 19:15:07,huggingface,26.04
92111b8d-956b-41ec-8701-8132e91e6f51,clipgt-52b83a93-d951-4f90-b495-6b6fd87adc94,26.4.96-91b06fb8,sample_set/26.04_release/52b83a93-d951-4f90-b495-6b6fd87adc94/52b83a93-d951-4f90-b495-6b6fd87adc94.usdz,2026-08-05 19:15:07,huggingface,26.04
59b73f0a-2910-427a-a9d1-523889abb2a2,clipgt-52bd89ce-db30-4525-9fa1-b0c0dd72f5f4,26.4.96-91b06fb8,sample_set/26.04_release/52bd89ce-db30-4525-9fa1-b0c0dd72f5f4/52bd89ce-db30-4525-9fa1-b0c0dd72f5f4.usdz,2026-08-05 19:15:07,huggingface,26.04
44cb895a-7715-48b1-9f72-3f58b96f6d73,clipgt-530a9510-4cf8-4ab1-9532-cdd3b1725e2b,26.4.96-91b06fb8,sample_set/26.04_release/530a9510-4cf8-4ab1-9532-cdd3b1725e2b/530a9510-4cf8-4ab1-9532-cdd3b1725e2b.usdz,2026-08-05 19:15:07,huggingface,26.04
f795c4be-90a1-41dd-87b2-9354853b9735,clipgt-53115c05-eeae-4e5e-b243-71589b125661,26.4.96-91b06fb8,sample_set/26.04_release/53115c05-eeae-4e5e-b243-71589b125661/53115c05-eeae-4e5e-b243-71589b125661.usdz,2026-08-05 19:15:07,huggingface,26.04
6fc277c0-5eb2-4444-b3b5-d9700f1f478e,clipgt-53134a94-dd75-40c0-8b0f-539bc6b1fcf1,26.4.96-91b06fb8,sample_set/26.04_release/53134a94-dd75-40c0-8b0f-539bc6b1fcf1/53134a94-dd75-40c0-8b0f-539bc6b1fcf1.usdz,2026-08-05 19:15:07,huggingface,26.04
0b730afe-88eb-441d-86f8-4eddcb9a2027,clipgt-5358b7b1-7d0a-477b-b032-4ffb04f3cc20,26.4.96-91b06fb8,sample_set/26.04_release/5358b7b1-7d0a-477b-b032-4ffb04f3cc20/5358b7b1-7d0a-477b-b032-4ffb04f3cc20.usdz,2026-08-05 19:15:07,huggingface,26.04
65883d26-f39d-42c6-9021-60216d1251a5,clipgt-5361354b-f1e7-4839-87d6-8087777f2eca,26.4.96-91b06fb8,sample_set/26.04_release/5361354b-f1e7-4839-87d6-8087777f2eca/5361354b-f1e7-4839-87d6-8087777f2eca.usdz,2026-08-05 19:15:07,huggingface,26.04
982fd40f-e1e7-4759-8eae-ef778b8e2172,clipgt-53a8a5c6-92cb-45b2-92e3-2ad333d68601,26.4.96-91b06fb8,sample_set/26.04_release/53a8a5c6-92cb-45b2-92e3-2ad333d68601/53a8a5c6-92cb-45b2-92e3-2ad333d68601.usdz,2026-08-05 19:15:07,huggingface,26.04
2c70924a-915f-47df-9047-b7d9d11cd58a,clipgt-54289b3b-685f-45a9-828b-8e84ffc452f4,26.4.96-91b06fb8,sample_set/26.04_release/54289b3b-685f-45a9-828b-8e84ffc452f4/54289b3b-685f-45a9-828b-8e84ffc452f4.usdz,2026-08-05 19:15:07,huggingface,26.04
dfb5d459-3f9d-48ef-9f7a-1ff78afbe488,clipgt-546804fb-a638-4d51-9bd3-43b02f7aca52,26.4.96-91b06fb8,sample_set/26.04_release/546804fb-a638-4d51-9bd3-43b02f7aca52/546804fb-a638-4d51-9bd3-43b02f7aca52.usdz,2026-08-05 19:15:07,huggingface,26.04
00d65e1b-1e76-4e3a-93dd-8066029c5d4a,clipgt-5487b8af-4a81-4a99-aeac-35719bbb7cb1,26.4.96-91b06fb8,sample_set/26.04_release/5487b8af-4a81-4a99-aeac-35719bbb7cb1/5487b8af-4a81-4a99-aeac-35719bbb7cb1.usdz,2026-08-05 19:15:07,huggingface,26.04
cd23b34c-533b-4657-bdc0-695c259a7435,clipgt-54bcdd40-b5e3-4bea-94d5-755a4ec83667,26.4.96-91b06fb8,sample_set/26.04_release/54bcdd40-b5e3-4bea-94d5-755a4ec83667/54bcdd40-b5e3-4bea-94d5-755a4ec83667.usdz,2026-08-05 19:15:07,huggingface,26.04
c65fd959-4e6a-4ed9-bad6-5827bbd5a98f,clipgt-550259d6-f152-486e-bd14-09cfbe47ac7e,26.4.96-91b06fb8,sample_set/26.04_release/550259d6-f152-486e-bd14-09cfbe47ac7e/550259d6-f152-486e-bd14-09cfbe47ac7e.usdz,2026-08-05 19:15:07,huggingface,26.04
8316377b-3b15-472d-bd58-c2460542ee91,clipgt-55bb852d-2af0-4c64-9a69-b482da66cfcd,26.4.96-91b06fb8,sample_set/26.04_release/55bb852d-2af0-4c64-9a69-b482da66cfcd/55bb852d-2af0-4c64-9a69-b482da66cfcd.usdz,2026-08-05 19:15:07,huggingface,26.04
9e2f108d-53f1-4183-bd68-5e2cde8e8813,clipgt-55bd2955-6ac8-4c88-a3c8-b9675d08be40,26.4.96-91b06fb8,sample_set/26.04_release/55bd2955-6ac8-4c88-a3c8-b9675d08be40/55bd2955-6ac8-4c88-a3c8-b9675d08be40.usdz,2026-08-05 19:15:07,huggingface,26.04
fa3d3d1a-0102-4483-ac50-e090ba3d82ed,clipgt-55e029f7-66bb-4456-a506-1f86722d758d,26.4.96-91b06fb8,sample_set/26.04_release/55e029f7-66bb-4456-a506-1f86722d758d/55e029f7-66bb-4456-a506-1f86722d758d.usdz,2026-08-05 19:15:07,huggingface,26.04
e983ede1-27c1-4c78-b642-31d6c63ff4e6,clipgt-55ee3188-67db-4e4f-bb34-69fcf3467257,26.4.96-91b06fb8,sample_set/26.04_release/55ee3188-67db-4e4f-bb34-69fcf3467257/55ee3188-67db-4e4f-bb34-69fcf3467257.usdz,2026-08-05 19:15:07,huggingface,26.04
8bc11e87-9ce0-406c-a2a4-688d0a77e002,clipgt-561c5a26-efd2-41f4-ae6d-e60c9c15d13b,26.4.96-91b06fb8,sample_set/26.04_release/561c5a26-efd2-41f4-ae6d-e60c9c15d13b/561c5a26-efd2-41f4-ae6d-e60c9c15d13b.usdz,2026-08-05 19:15:07,huggingface,26.04
5db2dcb6-f7d1-4af5-af90-cf5ad60eb0c5,clipgt-56263647-352f-45b7-95c5-1d077a512b66,26.4.96-91b06fb8,sample_set/26.04_release/56263647-352f-45b7-95c5-1d077a512b66/56263647-352f-45b7-95c5-1d077a512b66.usdz,2026-08-05 19:15:07,huggingface,26.04
845baa76-fe4d-4c9b-bc91-6cfd6254b5eb,clipgt-56353daf-da6b-4425-a328-fddef32b5b70,26.4.96-91b06fb8,sample_set/26.04_release/56353daf-da6b-4425-a328-fddef32b5b70/56353daf-da6b-4425-a328-fddef32b5b70.usdz,2026-08-05 19:15:07,huggingface,26.04
6af58fb5-d796-47b9-a9b6-360e31a84c5f,clipgt-56bf7a4b-7618-4ef0-b666-e8d59bbbf798,26.4.96-91b06fb8,sample_set/26.04_release/56bf7a4b-7618-4ef0-b666-e8d59bbbf798/56bf7a4b-7618-4ef0-b666-e8d59bbbf798.usdz,2026-08-05 19:15:07,huggingface,26.04
d60eccee-1b1e-4827-834a-4c52d9b39f7e,clipgt-56dc10ed-65b5-43ef-867e-367fa33dbf98,26.4.96-91b06fb8,sample_set/26.04_release/56dc10ed-65b5-43ef-867e-367fa33dbf98/56dc10ed-65b5-43ef-867e-367fa33dbf98.usdz,2026-08-05 19:15:07,huggingface,26.04
5d297ab6-5f2f-44fc-be56-c8434bd14743,clipgt-57024ddc-cb15-497c-b63e-14ba0e186b8c,26.4.96-91b06fb8,sample_set/26.04_release/57024ddc-cb15-497c-b63e-14ba0e186b8c/57024ddc-cb15-497c-b63e-14ba0e186b8c.usdz,2026-08-05 19:15:07,huggingface,26.04
2ecc3ff8-d1dd-4c4a-bed9-bf04d06eef74,clipgt-57195348-14ab-4e57-9946-2468ed3005df,26.4.96-91b06fb8,sample_set/26.04_release/57195348-14ab-4e57-9946-2468ed3005df/57195348-14ab-4e57-9946-2468ed3005df.usdz,2026-08-05 19:15:07,huggingface,26.04
95c04eff-294f-447a-afbf-6156b6894fbc,clipgt-577a5904-27d0-4545-8f01-ab589cc197b6,26.4.96-91b06fb8,sample_set/26.04_release/577a5904-27d0-4545-8f01-ab589cc197b6/577a5904-27d0-4545-8f01-ab589cc197b6.usdz,2026-08-05 19:15:07,huggingface,26.04
3d3c74e7-a3d7-480f-b4c0-73d6e46a58f0,clipgt-578cf5b9-73f1-4044-b5f2-ccf26da1c7a9,26.4.96-91b06fb8,sample_set/26.04_release/578cf5b9-73f1-4044-b5f2-ccf26da1c7a9/578cf5b9-73f1-4044-b5f2-ccf26da1c7a9.usdz,2026-08-05 19:15:07,huggingface,26.04
6b301d9d-8c13-4ff7-b6d4-9dda61d3367c,clipgt-5827967a-dcc3-4d3b-9e34-2300241da69e,26.4.96-91b06fb8,sample_set/26.04_release/5827967a-dcc3-4d3b-9e34-2300241da69e/5827967a-dcc3-4d3b-9e34-2300241da69e.usdz,2026-08-05 19:15:07,huggingface,26.04
4fef29dc-a8c6-462e-b23d-8b8d400e52ff,clipgt-58467d6b-de3b-4eb0-9080-8d97b88ba714,26.4.96-91b06fb8,sample_set/26.04_release/58467d6b-de3b-4eb0-9080-8d97b88ba714/58467d6b-de3b-4eb0-9080-8d97b88ba714.usdz,2026-08-05 19:15:07,huggingface,26.04
03c051d8-26b8-47a2-98c4-22af28268227,clipgt-58814d76-1ced-4a15-9fdd-151111a76535,26.4.96-91b06fb8,sample_set/26.04_release/58814d76-1ced-4a15-9fdd-151111a76535/58814d76-1ced-4a15-9fdd-151111a76535.usdz,2026-08-05 19:15:07,huggingface,26.04
ea1e141b-0466-4f1c-aab7-a280c20d2c7c,clipgt-5894f7ff-cd15-49c5-9b6e-5152a8f21092,26.4.96-91b06fb8,sample_set/26.04_release/5894f7ff-cd15-49c5-9b6e-5152a8f21092/5894f7ff-cd15-49c5-9b6e-5152a8f21092.usdz,2026-08-05 19:15:07,huggingface,26.04
c08fdc61-65f4-4b2a-adc5-84c0915a4a34,clipgt-589e8a0d-dbb2-4dae-9e8b-ede945261edb,26.4.96-91b06fb8,sample_set/26.04_release/589e8a0d-dbb2-4dae-9e8b-ede945261edb/589e8a0d-dbb2-4dae-9e8b-ede945261edb.usdz,2026-08-05 19:15:07,huggingface,26.04
9aa50fd3-4de9-4954-b2bf-b69de1c9d416,clipgt-58b5c3ad-5f6a-4e7c-ba0b-c76d52c8f478,26.4.96-91b06fb8,sample_set/26.04_release/58b5c3ad-5f6a-4e7c-ba0b-c76d52c8f478/58b5c3ad-5f6a-4e7c-ba0b-c76d52c8f478.usdz,2026-08-05 19:15:07,huggingface,26.04
87971d78-a519-401e-aacf-30a962d68f93,clipgt-596af0c7-c33f-4160-84d9-5ab525e9675e,26.4.96-91b06fb8,sample_set/26.04_release/596af0c7-c33f-4160-84d9-5ab525e9675e/596af0c7-c33f-4160-84d9-5ab525e9675e.usdz,2026-08-05 19:15:07,huggingface,26.04
a9ad00a7-c010-49dc-80a9-a3e9cc5fa156,clipgt-59cb0598-0726-4427-88f4-e268a2dc998c,26.4.96-91b06fb8,sample_set/26.04_release/59cb0598-0726-4427-88f4-e268a2dc998c/59cb0598-0726-4427-88f4-e268a2dc998c.usdz,2026-08-05 19:15:07,huggingface,26.04
d2a828a6-6b8a-49c0-879e-8152d7f58094,clipgt-59e005fe-3cbc-4425-9085-1afcf3495e18,26.4.96-91b06fb8,sample_set/26.04_release/59e005fe-3cbc-4425-9085-1afcf3495e18/59e005fe-3cbc-4425-9085-1afcf3495e18.usdz,2026-08-05 19:15:07,huggingface,26.04
48374e08-5dad-4d8d-8b23-76b57f23b872,clipgt-59e085d7-9047-4300-8228-33a618db27f1,26.4.96-91b06fb8,sample_set/26.04_release/59e085d7-9047-4300-8228-33a618db27f1/59e085d7-9047-4300-8228-33a618db27f1.usdz,2026-08-05 19:15:07,huggingface,26.04
40839a73-19c7-4a5d-8a81-2fa2f87fa56a,clipgt-5a23ec1c-1c6f-4da6-ae62-c31677896960,26.4.96-91b06fb8,sample_set/26.04_release/5a23ec1c-1c6f-4da6-ae62-c31677896960/5a23ec1c-1c6f-4da6-ae62-c31677896960.usdz,2026-08-05 19:15:07,huggingface,26.04
9025bb86-b36b-4b88-933c-611eb68dd846,clipgt-5a5d3197-8c74-483e-859d-24ac9561c30d,26.4.96-91b06fb8,sample_set/26.04_release/5a5d3197-8c74-483e-859d-24ac9561c30d/5a5d3197-8c74-483e-859d-24ac9561c30d.usdz,2026-08-05 19:15:07,huggingface,26.04
93801b04-5ef5-4e49-9ec1-d86712d34ae5,clipgt-5ab16901-2bc2-4004-a0b2-0bb1071e96cf,26.4.96-91b06fb8,sample_set/26.04_release/5ab16901-2bc2-4004-a0b2-0bb1071e96cf/5ab16901-2bc2-4004-a0b2-0bb1071e96cf.usdz,2026-08-05 19:15:07,huggingface,26.04
26f66da5-b259-48b0-9656-3fd670e3c8ce,clipgt-5b0362c8-046c-4b24-a474-86acabaa34a2,26.4.96-91b06fb8,sample_set/26.04_release/5b0362c8-046c-4b24-a474-86acabaa34a2/5b0362c8-046c-4b24-a474-86acabaa34a2.usdz,2026-08-05 19:15:07,huggingface,26.04
d4c6c9c2-dce9-4d58-b58e-aafb359ef98d,clipgt-5b5f9d86-b5c3-4612-bdc5-c1d877e0ae20,26.4.96-91b06fb8,sample_set/26.04_release/5b5f9d86-b5c3-4612-bdc5-c1d877e0ae20/5b5f9d86-b5c3-4612-bdc5-c1d877e0ae20.usdz,2026-08-05 19:15:07,huggingface,26.04
1a791292-add1-4630-9819-db7b309d90c2,clipgt-5b94e1f5-8164-45f6-9b22-33906595d128,26.4.96-91b06fb8,sample_set/26.04_release/5b94e1f5-8164-45f6-9b22-33906595d128/5b94e1f5-8164-45f6-9b22-33906595d128.usdz,2026-08-05 19:15:07,huggingface,26.04
a2b31927-7987-4cd9-b96c-0d73f7143a91,clipgt-5bf8dbed-f0a8-4fd5-b1ef-8ce7bf495fd1,26.4.96-91b06fb8,sample_set/26.04_release/5bf8dbed-f0a8-4fd5-b1ef-8ce7bf495fd1/5bf8dbed-f0a8-4fd5-b1ef-8ce7bf495fd1.usdz,2026-08-05 19:15:07,huggingface,26.04
1be5c45b-abed-4b5a-b05a-e8e39faeb573,clipgt-5c238c8f-82a4-4275-8b60-f1896e6492fc,26.4.96-91b06fb8,sample_set/26.04_release/5c238c8f-82a4-4275-8b60-f1896e6492fc/5c238c8f-82a4-4275-8b60-f1896e6492fc.usdz,2026-08-05 19:15:07,huggingface,26.04
5c0d2773-8296-4ecf-a3d2-a0962728b4c1,clipgt-5c74a126-b177-4d3f-beb2-5235ca60b8a5,26.4.96-91b06fb8,sample_set/26.04_release/5c74a126-b177-4d3f-beb2-5235ca60b8a5/5c74a126-b177-4d3f-beb2-5235ca60b8a5.usdz,2026-08-05 19:15:07,huggingface,26.04
c7b7193d-6237-481e-a080-1c4d6a93a287,clipgt-5cda81fb-3a63-487e-9af3-fe726971556e,26.4.96-91b06fb8,sample_set/26.04_release/5cda81fb-3a63-487e-9af3-fe726971556e/5cda81fb-3a63-487e-9af3-fe726971556e.usdz,2026-08-05 19:15:07,huggingface,26.04
e218f3f8-5664-4a13-9ab9-176edad9bf69,clipgt-5cdc4c2f-7c2e-45bf-9800-da290dec829e,26.4.96-91b06fb8,sample_set/26.04_release/5cdc4c2f-7c2e-45bf-9800-da290dec829e/5cdc4c2f-7c2e-45bf-9800-da290dec829e.usdz,2026-08-05 19:15:07,huggingface,26.04
79a2242a-1950-4cde-877b-158f22016e25,clipgt-5d5e6eb0-7a74-4903-8185-d0adcf8a0282,26.4.96-91b06fb8,sample_set/26.04_release/5d5e6eb0-7a74-4903-8185-d0adcf8a0282/5d5e6eb0-7a74-4903-8185-d0adcf8a0282.usdz,2026-08-05 19:15:07,huggingface,26.04
d8688fe0-c867-4bc2-b32d-c763f029e732,clipgt-5d929157-9b8c-4fe2-a1a9-67672827fc64,26.4.96-91b06fb8,sample_set/26.04_release/5d929157-9b8c-4fe2-a1a9-67672827fc64/5d929157-9b8c-4fe2-a1a9-67672827fc64.usdz,2026-08-05 19:15:07,huggingface,26.04
d0d5b2bb-be72-4ef6-be74-a3d373048390,clipgt-5da7524e-66ce-4f61-a98a-151783bcdd8c,26.4.96-91b06fb8,sample_set/26.04_release/5da7524e-66ce-4f61-a98a-151783bcdd8c/5da7524e-66ce-4f61-a98a-151783bcdd8c.usdz,2026-08-05 19:15:07,huggingface,26.04
efe3fb00-564d-47c7-8322-3f6baba70eb1,clipgt-5ddb96bd-7221-4107-8987-29b9928c58c7,26.4.96-91b06fb8,sample_set/26.04_release/5ddb96bd-7221-4107-8987-29b9928c58c7/5ddb96bd-7221-4107-8987-29b9928c58c7.usdz,2026-08-05 19:15:07,huggingface,26.04
aba524ca-66d7-4cf5-8d6b-b330f7c40d71,clipgt-5debfbf6-12f4-4926-a293-a8517e917e31,26.4.96-91b06fb8,sample_set/26.04_release/5debfbf6-12f4-4926-a293-a8517e917e31/5debfbf6-12f4-4926-a293-a8517e917e31.usdz,2026-08-05 19:15:07,huggingface,26.04
8a323673-a294-4605-bea3-c32d146bbf21,clipgt-5e265710-1a9b-45b3-8c51-1b37a3b1bde7,26.4.96-91b06fb8,sample_set/26.04_release/5e265710-1a9b-45b3-8c51-1b37a3b1bde7/5e265710-1a9b-45b3-8c51-1b37a3b1bde7.usdz,2026-08-05 19:15:07,huggingface,26.04
3d2ab4d2-aa29-4a14-aeb8-b59db59398ab,clipgt-5e7775f9-b58f-425a-b8fb-31c41317c991,26.4.96-91b06fb8,sample_set/26.04_release/5e7775f9-b58f-425a-b8fb-31c41317c991/5e7775f9-b58f-425a-b8fb-31c41317c991.usdz,2026-08-05 19:15:07,huggingface,26.04
03da10cf-92f6-4e46-8afb-55dea5d39c1c,clipgt-5e99cac1-edb5-4e95-b70d-c9da412e0c24,26.4.96-91b06fb8,sample_set/26.04_release/5e99cac1-edb5-4e95-b70d-c9da412e0c24/5e99cac1-edb5-4e95-b70d-c9da412e0c24.usdz,2026-08-05 19:15:07,huggingface,26.04
744bed9b-2e8e-4113-aa8e-fb4016909faf,clipgt-5ec7792d-dd2f-441b-b0c6-7edc7e80a58d,26.4.96-91b06fb8,sample_set/26.04_release/5ec7792d-dd2f-441b-b0c6-7edc7e80a58d/5ec7792d-dd2f-441b-b0c6-7edc7e80a58d.usdz,2026-08-05 19:15:07,huggingface,26.04
469e4843-3f2a-45f9-8798-cb050ebd31bd,clipgt-600a8cc2-c4e4-454b-b7cc-aa1b199760f8,26.4.96-91b06fb8,sample_set/26.04_release/600a8cc2-c4e4-454b-b7cc-aa1b199760f8/600a8cc2-c4e4-454b-b7cc-aa1b199760f8.usdz,2026-08-05 19:15:07,huggingface,26.04
6e50ebe7-30c7-451c-9772-58a0fb61d8d6,clipgt-604b2b18-04d2-48c4-a4c3-c3a2ecee5926,26.4.96-91b06fb8,sample_set/26.04_release/604b2b18-04d2-48c4-a4c3-c3a2ecee5926/604b2b18-04d2-48c4-a4c3-c3a2ecee5926.usdz,2026-08-05 19:15:07,huggingface,26.04
0e528cbf-438c-4925-af65-33dfe063c243,clipgt-60cc35db-1c6f-4aef-b86f-ffca69fbc3cb,26.4.96-91b06fb8,sample_set/26.04_release/60cc35db-1c6f-4aef-b86f-ffca69fbc3cb/60cc35db-1c6f-4aef-b86f-ffca69fbc3cb.usdz,2026-08-05 19:15:07,huggingface,26.04
8e524198-2a9f-4989-bd3a-92fa8f2e180e,clipgt-6140cba2-0f88-4cf8-b58e-7d481f33ad27,26.4.96-91b06fb8,sample_set/26.04_release/6140cba2-0f88-4cf8-b58e-7d481f33ad27/6140cba2-0f88-4cf8-b58e-7d481f33ad27.usdz,2026-08-05 19:15:07,huggingface,26.04
84e03f8a-7ea8-484e-a97b-3451b6865853,clipgt-619ce63d-d7ef-44ab-9ba4-3bf75bd472ea,26.4.96-91b06fb8,sample_set/26.04_release/619ce63d-d7ef-44ab-9ba4-3bf75bd472ea/619ce63d-d7ef-44ab-9ba4-3bf75bd472ea.usdz,2026-08-05 19:15:07,huggingface,26.04
ce51b1d4-c0de-4ad9-bc72-6e071d0becf5,clipgt-61e73e86-05de-43af-b992-1fec947ee626,26.4.96-91b06fb8,sample_set/26.04_release/61e73e86-05de-43af-b992-1fec947ee626/61e73e86-05de-43af-b992-1fec947ee626.usdz,2026-08-05 19:15:07,huggingface,26.04
84884d7a-bf00-4cd9-a9ff-f744b2ef15e8,clipgt-623bbe74-d4f7-45f7-881d-9dc0deb1c869,26.4.96-91b06fb8,sample_set/26.04_release/623bbe74-d4f7-45f7-881d-9dc0deb1c869/623bbe74-d4f7-45f7-881d-9dc0deb1c869.usdz,2026-08-05 19:15:07,huggingface,26.04
f15baf2f-617c-40b2-b0fb-18dda9a53f96,clipgt-623d5516-5e45-44f8-9a49-841f5cbc2117,26.4.96-91b06fb8,sample_set/26.04_release/623d5516-5e45-44f8-9a49-841f5cbc2117/623d5516-5e45-44f8-9a49-841f5cbc2117.usdz,2026-08-05 19:15:07,huggingface,26.04
42979a12-0643-4b08-874e-d362d0ee07eb,clipgt-624265f9-9c16-49c0-ab8b-9660cd740c34,26.4.96-91b06fb8,sample_set/26.04_release/624265f9-9c16-49c0-ab8b-9660cd740c34/624265f9-9c16-49c0-ab8b-9660cd740c34.usdz,2026-08-05 19:15:07,huggingface,26.04
f5b6a1ea-a8d3-4575-a5ef-7d0ffd1a47ea,clipgt-625ee6ce-0838-4024-b262-44d3352ff279,26.4.96-91b06fb8,sample_set/26.04_release/625ee6ce-0838-4024-b262-44d3352ff279/625ee6ce-0838-4024-b262-44d3352ff279.usdz,2026-08-05 19:15:07,huggingface,26.04
f9b487e5-a0a5-4d85-829b-8dce997bfc26,clipgt-626d1d1e-013f-477f-b99c-0d56fc9f89e8,26.4.96-91b06fb8,sample_set/26.04_release/626d1d1e-013f-477f-b99c-0d56fc9f89e8/626d1d1e-013f-477f-b99c-0d56fc9f89e8.usdz,2026-08-05 19:15:07,huggingface,26.04
617a3cb0-737e-4e77-8b6c-a3f2f42ce3a1,clipgt-627ea927-602a-4f2c-96b1-e64df477bf9a,26.4.96-91b06fb8,sample_set/26.04_release/627ea927-602a-4f2c-96b1-e64df477bf9a/627ea927-602a-4f2c-96b1-e64df477bf9a.usdz,2026-08-05 19:15:07,huggingface,26.04
3b2464a7-dae7-403a-9261-5ec513db2d0d,clipgt-62a6072a-6fb3-4053-89a3-a2744c1be219,26.4.96-91b06fb8,sample_set/26.04_release/62a6072a-6fb3-4053-89a3-a2744c1be219/62a6072a-6fb3-4053-89a3-a2744c1be219.usdz,2026-08-05 19:15:07,huggingface,26.04
552f8bd0-eb5b-4f27-8830-804539662aa1,clipgt-62cfe9d3-df92-4395-9faf-897ee20ef839,26.4.96-91b06fb8,sample_set/26.04_release/62cfe9d3-df92-4395-9faf-897ee20ef839/62cfe9d3-df92-4395-9faf-897ee20ef839.usdz,2026-08-05 19:15:07,huggingface,26.04
8ab7bb71-0797-4b62-9e1d-22c73276ac8c,clipgt-62d7d1ea-522a-4cc1-966c-3cb751e39d1e,26.4.96-91b06fb8,sample_set/26.04_release/62d7d1ea-522a-4cc1-966c-3cb751e39d1e/62d7d1ea-522a-4cc1-966c-3cb751e39d1e.usdz,2026-08-05 19:15:07,huggingface,26.04
876da1de-5cd6-4220-a60f-9e25d4f2c3d6,clipgt-62fe5e69-b0f8-446c-bd4b-1e5b19f1981e,26.4.96-91b06fb8,sample_set/26.04_release/62fe5e69-b0f8-446c-bd4b-1e5b19f1981e/62fe5e69-b0f8-446c-bd4b-1e5b19f1981e.usdz,2026-08-05 19:15:07,huggingface,26.04
d8a8d04e-b331-4345-9b87-71d35cca6689,clipgt-630a2f71-b5de-4661-be26-9592bbe8f727,26.4.96-91b06fb8,sample_set/26.04_release/630a2f71-b5de-4661-be26-9592bbe8f727/630a2f71-b5de-4661-be26-9592bbe8f727.usdz,2026-08-05 19:15:07,huggingface,26.04
dd527644-3a51-4efa-9e6e-1b4f2123574d,clipgt-63653da3-ce51-4654-9c86-7edaef8772e5,26.4.96-91b06fb8,sample_set/26.04_release/63653da3-ce51-4654-9c86-7edaef8772e5/63653da3-ce51-4654-9c86-7edaef8772e5.usdz,2026-08-05 19:15:07,huggingface,26.04
aa2f715e-a755-434b-b9e7-59c682d704c2,clipgt-637fd51a-7f9f-4f13-bc3c-1fd1540c4a50,26.4.96-91b06fb8,sample_set/26.04_release/637fd51a-7f9f-4f13-bc3c-1fd1540c4a50/637fd51a-7f9f-4f13-bc3c-1fd1540c4a50.usdz,2026-08-05 19:15:07,huggingface,26.04
5cc9ab39-95b3-4a36-9fc7-8c5bfbf1090a,clipgt-63ac00e5-2b62-4b85-acd5-b1594313ffc9,26.4.96-91b06fb8,sample_set/26.04_release/63ac00e5-2b62-4b85-acd5-b1594313ffc9/63ac00e5-2b62-4b85-acd5-b1594313ffc9.usdz,2026-08-05 19:15:07,huggingface,26.04
d7521176-e900-4471-8bc6-1b095319f263,clipgt-6434700c-d35c-4753-baea-445ce7f390a5,26.4.96-91b06fb8,sample_set/26.04_release/6434700c-d35c-4753-baea-445ce7f390a5/6434700c-d35c-4753-baea-445ce7f390a5.usdz,2026-08-05 19:15:07,huggingface,26.04
6f6a254c-56f3-4658-8df9-3f1e69df8414,clipgt-646a328d-b6c4-4e3f-b7bb-0509bed28fa7,26.4.96-91b06fb8,sample_set/26.04_release/646a328d-b6c4-4e3f-b7bb-0509bed28fa7/646a328d-b6c4-4e3f-b7bb-0509bed28fa7.usdz,2026-08-05 19:15:07,huggingface,26.04
a4a97bdd-6442-433d-a101-92ca336733f4,clipgt-646e6219-5732-450a-9f77-c269b3858e78,26.4.96-91b06fb8,sample_set/26.04_release/646e6219-5732-450a-9f77-c269b3858e78/646e6219-5732-450a-9f77-c269b3858e78.usdz,2026-08-05 19:15:07,huggingface,26.04
df53e2a3-fdec-4937-988c-6f541594990b,clipgt-64cfbdc4-e2c1-4969-ad12-816c4e4768e1,26.4.96-91b06fb8,sample_set/26.04_release/64cfbdc4-e2c1-4969-ad12-816c4e4768e1/64cfbdc4-e2c1-4969-ad12-816c4e4768e1.usdz,2026-08-05 19:15:07,huggingface,26.04
f4e17097-f459-453b-8c79-b97f8836b2b3,clipgt-64ed2c79-3b20-46e7-8d88-f2da92936de8,26.4.96-91b06fb8,sample_set/26.04_release/64ed2c79-3b20-46e7-8d88-f2da92936de8/64ed2c79-3b20-46e7-8d88-f2da92936de8.usdz,2026-08-05 19:15:07,huggingface,26.04
cb7d18ed-9f66-4460-aa15-f5f97359d224,clipgt-651e79cd-8fd7-4c42-96a0-cb4be9be4ac1,26.4.96-91b06fb8,sample_set/26.04_release/651e79cd-8fd7-4c42-96a0-cb4be9be4ac1/651e79cd-8fd7-4c42-96a0-cb4be9be4ac1.usdz,2026-08-05 19:15:07,huggingface,26.04
e69254e2-cf0a-4a9e-bed1-d85675a42cf7,clipgt-655544ed-b8a1-4c27-aab0-1435898fbaa8,26.4.96-91b06fb8,sample_set/26.04_release/655544ed-b8a1-4c27-aab0-1435898fbaa8/655544ed-b8a1-4c27-aab0-1435898fbaa8.usdz,2026-08-05 19:15:07,huggingface,26.04
9294fe77-bcff-43a8-9670-ad2beb96bed3,clipgt-655a0c29-017c-4e31-8f6b-e140d9587369,26.4.96-91b06fb8,sample_set/26.04_release/655a0c29-017c-4e31-8f6b-e140d9587369/655a0c29-017c-4e31-8f6b-e140d9587369.usdz,2026-08-05 19:15:07,huggingface,26.04
4aff5c94-c013-40c3-9ffd-deeb8916e68b,clipgt-6575eced-9073-43d2-84bf-2a40d080e812,26.4.96-91b06fb8,sample_set/26.04_release/6575eced-9073-43d2-84bf-2a40d080e812/6575eced-9073-43d2-84bf-2a40d080e812.usdz,2026-08-05 19:15:07,huggingface,26.04
882d16ea-539e-4bc3-9da7-1c8de429c458,clipgt-658cc9f4-955b-458c-9531-07c2a6c0c847,26.4.96-91b06fb8,sample_set/26.04_release/658cc9f4-955b-458c-9531-07c2a6c0c847/658cc9f4-955b-458c-9531-07c2a6c0c847.usdz,2026-08-05 19:15:07,huggingface,26.04
c78b426b-813e-40fc-92cb-e62f02d796ad,clipgt-659ed0bf-ddce-4bc8-b6fc-5318ca5cbaf7,26.4.96-91b06fb8,sample_set/26.04_release/659ed0bf-ddce-4bc8-b6fc-5318ca5cbaf7/659ed0bf-ddce-4bc8-b6fc-5318ca5cbaf7.usdz,2026-08-05 19:15:07,huggingface,26.04
4af57ec7-d4dd-40c6-9ec7-5bc881a214b1,clipgt-65bb845f-a3ef-4490-a661-ff7ceb4f825a,26.4.96-91b06fb8,sample_set/26.04_release/65bb845f-a3ef-4490-a661-ff7ceb4f825a/65bb845f-a3ef-4490-a661-ff7ceb4f825a.usdz,2026-08-05 19:15:07,huggingface,26.04
d91edf51-1ca0-4a0f-9cbd-a00a046d41e8,clipgt-65c66b19-c723-4d6a-a3f1-06eeb60f525c,26.4.96-91b06fb8,sample_set/26.04_release/65c66b19-c723-4d6a-a3f1-06eeb60f525c/65c66b19-c723-4d6a-a3f1-06eeb60f525c.usdz,2026-08-05 19:15:07,huggingface,26.04
2366f7ac-7a12-4426-bc66-23c1f9aeaac4,clipgt-6601fe71-5a78-4881-ba7e-eee44cdf65d2,26.4.96-91b06fb8,sample_set/26.04_release/6601fe71-5a78-4881-ba7e-eee44cdf65d2/6601fe71-5a78-4881-ba7e-eee44cdf65d2.usdz,2026-08-05 19:15:07,huggingface,26.04
3749686f-4733-48ec-9ab6-1396caaac7d1,clipgt-666e32ef-8af7-408a-bb25-f5b107f53a45,26.4.96-91b06fb8,sample_set/26.04_release/666e32ef-8af7-408a-bb25-f5b107f53a45/666e32ef-8af7-408a-bb25-f5b107f53a45.usdz,2026-08-05 19:15:07,huggingface,26.04
1b5e4691-30b6-49cf-93bc-f7f0640486b3,clipgt-66acf18d-ae1f-49d9-b0d9-88b8f85a044a,26.4.96-91b06fb8,sample_set/26.04_release/66acf18d-ae1f-49d9-b0d9-88b8f85a044a/66acf18d-ae1f-49d9-b0d9-88b8f85a044a.usdz,2026-08-05 19:15:07,huggingface,26.04
f2e365b1-6f73-4d39-838c-cf0c364403f0,clipgt-66b15fbe-cae1-4e82-a592-2ea55b56dd93,26.4.96-91b06fb8,sample_set/26.04_release/66b15fbe-cae1-4e82-a592-2ea55b56dd93/66b15fbe-cae1-4e82-a592-2ea55b56dd93.usdz,2026-08-05 19:15:07,huggingface,26.04
5f1496a5-f55b-4876-9cf2-8cb3814944be,clipgt-67466fc2-53a3-4654-9c36-fe9e850bcc70,26.4.96-91b06fb8,sample_set/26.04_release/67466fc2-53a3-4654-9c36-fe9e850bcc70/67466fc2-53a3-4654-9c36-fe9e850bcc70.usdz,2026-08-05 19:15:07,huggingface,26.04
033eab53-3b60-4f55-b2b3-08b855bee9ca,clipgt-6768cfa4-1a88-4872-8fd0-1669d366a39b,26.4.96-91b06fb8,sample_set/26.04_release/6768cfa4-1a88-4872-8fd0-1669d366a39b/6768cfa4-1a88-4872-8fd0-1669d366a39b.usdz,2026-08-05 19:15:07,huggingface,26.04
fb4f7f69-a164-420f-8892-5947b9b16ee4,clipgt-67aa7417-6741-4191-8c6d-a1a24e145bb3,26.4.96-91b06fb8,sample_set/26.04_release/67aa7417-6741-4191-8c6d-a1a24e145bb3/67aa7417-6741-4191-8c6d-a1a24e145bb3.usdz,2026-08-05 19:15:07,huggingface,26.04
9e0361cc-ec62-427d-a6df-f1519eed4541,clipgt-67acaa2f-b2c9-4229-91a1-c8d9128431be,26.4.96-91b06fb8,sample_set/26.04_release/67acaa2f-b2c9-4229-91a1-c8d9128431be/67acaa2f-b2c9-4229-91a1-c8d9128431be.usdz,2026-08-05 19:15:07,huggingface,26.04
66efdd64-afe3-48df-bc6f-6dacd44ffb67,clipgt-67be5782-eadb-4a1e-8319-d48b6cce7f04,26.4.96-91b06fb8,sample_set/26.04_release/67be5782-eadb-4a1e-8319-d48b6cce7f04/67be5782-eadb-4a1e-8319-d48b6cce7f04.usdz,2026-08-05 19:15:07,huggingface,26.04
62756061-b696-42b9-8c44-a68f13ae9fb5,clipgt-67e25d4b-5aa3-4960-8a0c-002ec80a7bd8,26.4.96-91b06fb8,sample_set/26.04_release/67e25d4b-5aa3-4960-8a0c-002ec80a7bd8/67e25d4b-5aa3-4960-8a0c-002ec80a7bd8.usdz,2026-08-05 19:15:07,huggingface,26.04
92789a67-380f-467c-8166-76b7135e3523,clipgt-67e7f1e1-ea41-4e14-85e9-2efa231fbace,26.4.96-91b06fb8,sample_set/26.04_release/67e7f1e1-ea41-4e14-85e9-2efa231fbace/67e7f1e1-ea41-4e14-85e9-2efa231fbace.usdz,2026-08-05 19:15:07,huggingface,26.04
1ff38e25-6048-4189-9a67-de161172b201,clipgt-6819efbc-d0f5-4498-a997-1ca0355c87fd,26.4.96-91b06fb8,sample_set/26.04_release/6819efbc-d0f5-4498-a997-1ca0355c87fd/6819efbc-d0f5-4498-a997-1ca0355c87fd.usdz,2026-08-05 19:15:07,huggingface,26.04
933a7301-805f-40d8-a467-4232345a1d3c,clipgt-682d1fe7-7c6a-4c03-89f2-77be978c5cd8,26.4.96-91b06fb8,sample_set/26.04_release/682d1fe7-7c6a-4c03-89f2-77be978c5cd8/682d1fe7-7c6a-4c03-89f2-77be978c5cd8.usdz,2026-08-05 19:15:07,huggingface,26.04
3e075c30-6480-4acb-93f4-9368c82e7886,clipgt-683a47b6-a288-4745-9e45-4e66a5ac0397,26.4.96-91b06fb8,sample_set/26.04_release/683a47b6-a288-4745-9e45-4e66a5ac0397/683a47b6-a288-4745-9e45-4e66a5ac0397.usdz,2026-08-05 19:15:07,huggingface,26.04
eb080341-0818-403d-9b27-79e1f41ab9bc,clipgt-68706c2e-57bc-4b7e-bd8b-0f4ee6fd6f1a,26.4.96-91b06fb8,sample_set/26.04_release/68706c2e-57bc-4b7e-bd8b-0f4ee6fd6f1a/68706c2e-57bc-4b7e-bd8b-0f4ee6fd6f1a.usdz,2026-08-05 19:15:07,huggingface,26.04
00f0e81f-c5f1-4ad1-9853-cd8ec0ce4a9f,clipgt-689889c5-95b0-42ce-a1c9-f97a4388cb28,26.4.96-91b06fb8,sample_set/26.04_release/689889c5-95b0-42ce-a1c9-f97a4388cb28/689889c5-95b0-42ce-a1c9-f97a4388cb28.usdz,2026-08-05 19:15:07,huggingface,26.04
1a59551a-43a2-42df-b18f-5161ca183f73,clipgt-68a89a54-8076-4c76-988b-33d45ee03b48,26.4.96-91b06fb8,sample_set/26.04_release/68a89a54-8076-4c76-988b-33d45ee03b48/68a89a54-8076-4c76-988b-33d45ee03b48.usdz,2026-08-05 19:15:07,huggingface,26.04
5700dc32-6fb7-4087-b4fb-cc9f4d6f20bb,clipgt-68abdefe-bd54-4b5e-95c6-a2e2eba6f51e,26.4.96-91b06fb8,sample_set/26.04_release/68abdefe-bd54-4b5e-95c6-a2e2eba6f51e/68abdefe-bd54-4b5e-95c6-a2e2eba6f51e.usdz,2026-08-05 19:15:07,huggingface,26.04
643555ea-5290-40a8-b3a2-7cd053304bc3,clipgt-68e80e25-fba2-45d2-9347-791842ec061a,26.4.96-91b06fb8,sample_set/26.04_release/68e80e25-fba2-45d2-9347-791842ec061a/68e80e25-fba2-45d2-9347-791842ec061a.usdz,2026-08-05 19:15:07,huggingface,26.04
bc0e4341-7c08-42d5-9b70-a59a74cdf844,clipgt-69b68ddf-e7f4-4cde-baf7-b4416d367385,26.4.96-91b06fb8,sample_set/26.04_release/69b68ddf-e7f4-4cde-baf7-b4416d367385/69b68ddf-e7f4-4cde-baf7-b4416d367385.usdz,2026-08-05 19:15:07,huggingface,26.04
88dd5710-c953-4241-aee2-5163b0fe4032,clipgt-69dd5202-7f15-4842-82f4-82a16f5a01d5,26.4.96-91b06fb8,sample_set/26.04_release/69dd5202-7f15-4842-82f4-82a16f5a01d5/69dd5202-7f15-4842-82f4-82a16f5a01d5.usdz,2026-08-05 19:15:07,huggingface,26.04
6bbcb234-d194-4b49-9428-0a1a6ad94cdb,clipgt-69efe005-e461-4758-b1cf-ce685de7888f,26.4.96-91b06fb8,sample_set/26.04_release/69efe005-e461-4758-b1cf-ce685de7888f/69efe005-e461-4758-b1cf-ce685de7888f.usdz,2026-08-05 19:15:07,huggingface,26.04
ebdf186a-cd10-47e5-856c-954216482b51,clipgt-69fc21e8-6faf-487b-806f-1d24654805ce,26.4.96-91b06fb8,sample_set/26.04_release/69fc21e8-6faf-487b-806f-1d24654805ce/69fc21e8-6faf-487b-806f-1d24654805ce.usdz,2026-08-05 19:15:07,huggingface,26.04
fd9a2877-667c-4804-9d3f-36f727b77854,clipgt-6a1fa487-9df3-4e05-bb71-b06cf3e7f8a1,26.4.96-91b06fb8,sample_set/26.04_release/6a1fa487-9df3-4e05-bb71-b06cf3e7f8a1/6a1fa487-9df3-4e05-bb71-b06cf3e7f8a1.usdz,2026-08-05 19:15:07,huggingface,26.04
a973215a-73c6-43f9-9404-ea1b9876f49a,clipgt-6ac28ce5-ca21-4610-9f25-ddba46d91d51,26.4.96-91b06fb8,sample_set/26.04_release/6ac28ce5-ca21-4610-9f25-ddba46d91d51/6ac28ce5-ca21-4610-9f25-ddba46d91d51.usdz,2026-08-05 19:15:07,huggingface,26.04
b9f16e43-1cac-484c-8c9b-3fba7188cc82,clipgt-6ac8beb2-067d-4677-9b34-19fe7e67e852,26.4.96-91b06fb8,sample_set/26.04_release/6ac8beb2-067d-4677-9b34-19fe7e67e852/6ac8beb2-067d-4677-9b34-19fe7e67e852.usdz,2026-08-05 19:15:07,huggingface,26.04
bd874aed-11af-4be5-9996-9616c975c9fe,clipgt-6b4ed79b-f9f3-4c1f-aa57-2875a72c2a7d,26.4.96-91b06fb8,sample_set/26.04_release/6b4ed79b-f9f3-4c1f-aa57-2875a72c2a7d/6b4ed79b-f9f3-4c1f-aa57-2875a72c2a7d.usdz,2026-08-05 19:15:07,huggingface,26.04
c6a56035-bcca-445a-b87b-1e0020bdfcad,clipgt-6b986b30-0b06-4747-a29a-811a7a067cd2,26.4.96-91b06fb8,sample_set/26.04_release/6b986b30-0b06-4747-a29a-811a7a067cd2/6b986b30-0b06-4747-a29a-811a7a067cd2.usdz,2026-08-05 19:15:07,huggingface,26.04
b0e8b4f3-577a-4a5f-9b1f-cfc453ad94db,clipgt-6bffbe09-1e0d-4ac3-833c-ca6178346e76,26.4.96-91b06fb8,sample_set/26.04_release/6bffbe09-1e0d-4ac3-833c-ca6178346e76/6bffbe09-1e0d-4ac3-833c-ca6178346e76.usdz,2026-08-05 19:15:07,huggingface,26.04
3a3e1419-9c9a-4239-9b2c-6e86c06778b9,clipgt-6c0a56c4-6bf3-4a15-97a2-e0479680998a,26.4.96-91b06fb8,sample_set/26.04_release/6c0a56c4-6bf3-4a15-97a2-e0479680998a/6c0a56c4-6bf3-4a15-97a2-e0479680998a.usdz,2026-08-05 19:15:07,huggingface,26.04
ea54b120-e307-45f9-9ee3-a1ceec33a06c,clipgt-6c5add5c-f597-499d-b1be-07017d77d69a,26.4.96-91b06fb8,sample_set/26.04_release/6c5add5c-f597-499d-b1be-07017d77d69a/6c5add5c-f597-499d-b1be-07017d77d69a.usdz,2026-08-05 19:15:07,huggingface,26.04
d8be9457-96c8-4087-86f6-2e479809d97b,clipgt-6ce9587c-acf1-4b80-824f-d198213caeab,26.4.96-91b06fb8,sample_set/26.04_release/6ce9587c-acf1-4b80-824f-d198213caeab/6ce9587c-acf1-4b80-824f-d198213caeab.usdz,2026-08-05 19:15:07,huggingface,26.04
25862a4f-20ff-4982-b073-cbe4cf1991b8,clipgt-6ceb65e2-bd2d-4294-a244-3e48fdfb05ce,26.4.96-91b06fb8,sample_set/26.04_release/6ceb65e2-bd2d-4294-a244-3e48fdfb05ce/6ceb65e2-bd2d-4294-a244-3e48fdfb05ce.usdz,2026-08-05 19:15:07,huggingface,26.04
221f3c69-184b-4185-8e79-935733c08345,clipgt-6d42246a-5be0-4160-a7da-003a1528496b,26.4.96-91b06fb8,sample_set/26.04_release/6d42246a-5be0-4160-a7da-003a1528496b/6d42246a-5be0-4160-a7da-003a1528496b.usdz,2026-08-05 19:15:07,huggingface,26.04
fc81d26d-e5cf-44fa-aaae-fbad5414c36c,clipgt-6d7fa4c3-3b8b-471b-a816-38ee281aee5e,26.4.96-91b06fb8,sample_set/26.04_release/6d7fa4c3-3b8b-471b-a816-38ee281aee5e/6d7fa4c3-3b8b-471b-a816-38ee281aee5e.usdz,2026-08-05 19:15:07,huggingface,26.04
63a1bd3d-309f-4190-81f5-ea0c13fa9313,clipgt-6d986fb9-6694-4570-910b-d8bf4ffa8550,26.4.96-91b06fb8,sample_set/26.04_release/6d986fb9-6694-4570-910b-d8bf4ffa8550/6d986fb9-6694-4570-910b-d8bf4ffa8550.usdz,2026-08-05 19:15:07,huggingface,26.04
11b4165c-ff57-42cb-82f0-4c7495791771,clipgt-6dcd2117-4204-4bc4-88f7-4373636a830d,26.4.96-91b06fb8,sample_set/26.04_release/6dcd2117-4204-4bc4-88f7-4373636a830d/6dcd2117-4204-4bc4-88f7-4373636a830d.usdz,2026-08-05 19:15:07,huggingface,26.04
985b6969-6170-4e82-b01e-f4ceaae4204c,clipgt-6dd219de-772b-4c1b-bcdb-14c9089bf8ba,26.4.96-91b06fb8,sample_set/26.04_release/6dd219de-772b-4c1b-bcdb-14c9089bf8ba/6dd219de-772b-4c1b-bcdb-14c9089bf8ba.usdz,2026-08-05 19:15:07,huggingface,26.04
d7b3c224-cd1f-4b27-9957-64886b003f4f,clipgt-6dd87423-39c7-4247-89df-35da5726f464,26.4.96-91b06fb8,sample_set/26.04_release/6dd87423-39c7-4247-89df-35da5726f464/6dd87423-39c7-4247-89df-35da5726f464.usdz,2026-08-05 19:15:07,huggingface,26.04
b500ef9f-3f48-49df-b88c-19a97d8b0bf3,clipgt-6e45ad8a-1c94-4466-bd54-25c1fe9c0858,26.4.96-91b06fb8,sample_set/26.04_release/6e45ad8a-1c94-4466-bd54-25c1fe9c0858/6e45ad8a-1c94-4466-bd54-25c1fe9c0858.usdz,2026-08-05 19:15:07,huggingface,26.04
14c853df-eb29-452c-9800-b4ab356ecf04,clipgt-6e9750c2-2884-4b93-809d-4d7c77adf2a6,26.4.96-91b06fb8,sample_set/26.04_release/6e9750c2-2884-4b93-809d-4d7c77adf2a6/6e9750c2-2884-4b93-809d-4d7c77adf2a6.usdz,2026-08-05 19:15:07,huggingface,26.04
fd8b70b6-6b5e-4112-8e2b-314795a32c7c,clipgt-6eaeeb45-84cc-462d-90eb-901fb69f368a,26.4.96-91b06fb8,sample_set/26.04_release/6eaeeb45-84cc-462d-90eb-901fb69f368a/6eaeeb45-84cc-462d-90eb-901fb69f368a.usdz,2026-08-05 19:15:07,huggingface,26.04
daa35dc5-b70e-4be1-bcf0-42e3e711ad37,clipgt-6eb099c6-e0d0-4258-a47c-64d730f72ce8,26.4.96-91b06fb8,sample_set/26.04_release/6eb099c6-e0d0-4258-a47c-64d730f72ce8/6eb099c6-e0d0-4258-a47c-64d730f72ce8.usdz,2026-08-05 19:15:07,huggingface,26.04
c5660fb3-2bbf-423e-a4cc-1552bf5f9c73,clipgt-6ebe4172-4c2f-46f4-960b-3bac0e5d0a9f,26.4.96-91b06fb8,sample_set/26.04_release/6ebe4172-4c2f-46f4-960b-3bac0e5d0a9f/6ebe4172-4c2f-46f4-960b-3bac0e5d0a9f.usdz,2026-08-05 19:15:07,huggingface,26.04
9bd82d63-d429-429e-9472-1d6e2e1f8e02,clipgt-6ecf04c0-e3fb-439c-bae4-2e2393be430d,26.4.96-91b06fb8,sample_set/26.04_release/6ecf04c0-e3fb-439c-bae4-2e2393be430d/6ecf04c0-e3fb-439c-bae4-2e2393be430d.usdz,2026-08-05 19:15:07,huggingface,26.04
afb39109-99eb-4cef-8f9f-5ef62fd94996,clipgt-6f2fb06e-59df-4ad1-8854-594288096989,26.4.96-91b06fb8,sample_set/26.04_release/6f2fb06e-59df-4ad1-8854-594288096989/6f2fb06e-59df-4ad1-8854-594288096989.usdz,2026-08-05 19:15:07,huggingface,26.04
18fd54b4-ce63-455e-8343-a317b3257e0d,clipgt-6f57aa31-71c8-4226-8d69-029016b33405,26.4.96-91b06fb8,sample_set/26.04_release/6f57aa31-71c8-4226-8d69-029016b33405/6f57aa31-71c8-4226-8d69-029016b33405.usdz,2026-08-05 19:15:07,huggingface,26.04
66da8e44-1f52-4259-a8e5-e06cadfbefa2,clipgt-6f753444-df7b-4015-ae38-ee691d6e8be4,26.4.96-91b06fb8,sample_set/26.04_release/6f753444-df7b-4015-ae38-ee691d6e8be4/6f753444-df7b-4015-ae38-ee691d6e8be4.usdz,2026-08-05 19:15:07,huggingface,26.04
3485490a-fa21-4052-a782-fd4845d4757b,clipgt-6fc87bb8-794b-4884-a1f8-50193c9b6357,26.4.96-91b06fb8,sample_set/26.04_release/6fc87bb8-794b-4884-a1f8-50193c9b6357/6fc87bb8-794b-4884-a1f8-50193c9b6357.usdz,2026-08-05 19:15:07,huggingface,26.04
8980d9e1-462a-4495-abbe-2014438290e9,clipgt-6fd8cf30-6ccf-4dad-9dee-14df4a9ba97a,26.4.96-91b06fb8,sample_set/26.04_release/6fd8cf30-6ccf-4dad-9dee-14df4a9ba97a/6fd8cf30-6ccf-4dad-9dee-14df4a9ba97a.usdz,2026-08-05 19:15:07,huggingface,26.04
8df42fdd-f5a4-4274-92bb-49cbb34f5e85,clipgt-706f3a65-b118-4745-862f-50936cc68463,26.4.96-91b06fb8,sample_set/26.04_release/706f3a65-b118-4745-862f-50936cc68463/706f3a65-b118-4745-862f-50936cc68463.usdz,2026-08-05 19:15:07,huggingface,26.04
ff21ec8e-085b-4771-a2ca-103937c551b0,clipgt-70d557de-49a0-4385-990e-367d72d5eb3f,26.4.96-91b06fb8,sample_set/26.04_release/70d557de-49a0-4385-990e-367d72d5eb3f/70d557de-49a0-4385-990e-367d72d5eb3f.usdz,2026-08-05 19:15:07,huggingface,26.04
f83ccc2a-d42d-4d8f-8569-670b6f324bbe,clipgt-70fdeed8-93d6-41e5-93aa-36746d3e454d,26.4.96-91b06fb8,sample_set/26.04_release/70fdeed8-93d6-41e5-93aa-36746d3e454d/70fdeed8-93d6-41e5-93aa-36746d3e454d.usdz,2026-08-05 19:15:07,huggingface,26.04
63b19c5b-d39f-42fa-a9a5-ca21b76dce15,clipgt-712f7dd5-0982-4cd0-b532-75127ce45d0f,26.4.96-91b06fb8,sample_set/26.04_release/712f7dd5-0982-4cd0-b532-75127ce45d0f/712f7dd5-0982-4cd0-b532-75127ce45d0f.usdz,2026-08-05 19:15:07,huggingface,26.04
d730cefd-aaa0-4f19-9484-7e84cea0a2dd,clipgt-7137a5ee-1760-49b4-9585-82e137705fe6,26.4.96-91b06fb8,sample_set/26.04_release/7137a5ee-1760-49b4-9585-82e137705fe6/7137a5ee-1760-49b4-9585-82e137705fe6.usdz,2026-08-05 19:15:07,huggingface,26.04
3a4f81af-46a3-4212-bea0-0d94384f3990,clipgt-71550ab1-3b47-456c-9102-f50e9a7841e1,26.4.96-91b06fb8,sample_set/26.04_release/71550ab1-3b47-456c-9102-f50e9a7841e1/71550ab1-3b47-456c-9102-f50e9a7841e1.usdz,2026-08-05 19:15:07,huggingface,26.04
7ae66ded-5526-435d-a837-6770f3fdd8e7,clipgt-728e01db-8443-4107-b9d8-7545902a5ca4,26.4.96-91b06fb8,sample_set/26.04_release/728e01db-8443-4107-b9d8-7545902a5ca4/728e01db-8443-4107-b9d8-7545902a5ca4.usdz,2026-08-05 19:15:07,huggingface,26.04
4a1e5303-b4f0-4478-bd51-e6556e370909,clipgt-72ac5d7c-4420-4d75-905c-815e9d23bc2a,26.4.96-91b06fb8,sample_set/26.04_release/72ac5d7c-4420-4d75-905c-815e9d23bc2a/72ac5d7c-4420-4d75-905c-815e9d23bc2a.usdz,2026-08-05 19:15:07,huggingface,26.04
eac5bb9d-0ca3-437b-8d33-334bb05115cc,clipgt-72c981ea-6ad7-4b10-b117-ea4d847b5d6d,26.4.96-91b06fb8,sample_set/26.04_release/72c981ea-6ad7-4b10-b117-ea4d847b5d6d/72c981ea-6ad7-4b10-b117-ea4d847b5d6d.usdz,2026-08-05 19:15:07,huggingface,26.04
54475d3e-8991-4916-bda5-70a49c3ad6e1,clipgt-72cb4b63-16d1-4004-b82a-b1cba0c7c148,26.4.96-91b06fb8,sample_set/26.04_release/72cb4b63-16d1-4004-b82a-b1cba0c7c148/72cb4b63-16d1-4004-b82a-b1cba0c7c148.usdz,2026-08-05 19:15:07,huggingface,26.04
579a07ad-5cc1-402c-bfcc-1de64061c056,clipgt-72cd81f9-2d95-42b9-8a4a-6ba7d7800b5e,26.4.96-91b06fb8,sample_set/26.04_release/72cd81f9-2d95-42b9-8a4a-6ba7d7800b5e/72cd81f9-2d95-42b9-8a4a-6ba7d7800b5e.usdz,2026-08-05 19:15:07,huggingface,26.04
61d14fa4-b68d-4942-9a92-172fe1cd92a6,clipgt-73356b2a-e06f-43f8-9a5c-64e8b65a5923,26.4.96-91b06fb8,sample_set/26.04_release/73356b2a-e06f-43f8-9a5c-64e8b65a5923/73356b2a-e06f-43f8-9a5c-64e8b65a5923.usdz,2026-08-05 19:15:07,huggingface,26.04
4e335c30-06be-474b-8b41-b8df095511ec,clipgt-7381c9fa-1857-430f-aee9-22c59685656e,26.4.96-91b06fb8,sample_set/26.04_release/7381c9fa-1857-430f-aee9-22c59685656e/7381c9fa-1857-430f-aee9-22c59685656e.usdz,2026-08-05 19:15:07,huggingface,26.04
65359a0b-91b6-4f22-85f4-cbba791dd807,clipgt-738c453d-7196-44ef-ab43-75c719834c15,26.4.96-91b06fb8,sample_set/26.04_release/738c453d-7196-44ef-ab43-75c719834c15/738c453d-7196-44ef-ab43-75c719834c15.usdz,2026-08-05 19:15:07,huggingface,26.04
4d25b9c1-9e78-4e3f-bae1-972bfa76cf7f,clipgt-738f3e44-120e-4a27-be44-b114795ab3cb,26.4.96-91b06fb8,sample_set/26.04_release/738f3e44-120e-4a27-be44-b114795ab3cb/738f3e44-120e-4a27-be44-b114795ab3cb.usdz,2026-08-05 19:15:07,huggingface,26.04
670b212c-9c1b-480f-9b08-1099ca2e32b5,clipgt-743997a7-f90e-44cc-873a-2b4f38496ea7,26.4.96-91b06fb8,sample_set/26.04_release/743997a7-f90e-44cc-873a-2b4f38496ea7/743997a7-f90e-44cc-873a-2b4f38496ea7.usdz,2026-08-05 19:15:07,huggingface,26.04
28c41988-7f9e-4b11-a04c-b67c59e78a1e,clipgt-7475c381-6a59-4404-99d9-e74c0ed54d0f,26.4.96-91b06fb8,sample_set/26.04_release/7475c381-6a59-4404-99d9-e74c0ed54d0f/7475c381-6a59-4404-99d9-e74c0ed54d0f.usdz,2026-08-05 19:15:07,huggingface,26.04
0317921f-c7b2-4a7f-a28d-27d312aad031,clipgt-7481112b-92cc-47f8-991a-b01a46dcc947,26.4.96-91b06fb8,sample_set/26.04_release/7481112b-92cc-47f8-991a-b01a46dcc947/7481112b-92cc-47f8-991a-b01a46dcc947.usdz,2026-08-05 19:15:07,huggingface,26.04
89bf0e2b-5ba5-460c-8f8a-93e6486184ae,clipgt-74a670cd-ee9c-4344-be08-119a7fe25c38,26.4.96-91b06fb8,sample_set/26.04_release/74a670cd-ee9c-4344-be08-119a7fe25c38/74a670cd-ee9c-4344-be08-119a7fe25c38.usdz,2026-08-05 19:15:07,huggingface,26.04
63f0425b-ec5e-4743-a47a-f163073d8f90,clipgt-759cd77d-2a93-40f8-a1c1-1c20684470f8,26.4.96-91b06fb8,sample_set/26.04_release/759cd77d-2a93-40f8-a1c1-1c20684470f8/759cd77d-2a93-40f8-a1c1-1c20684470f8.usdz,2026-08-05 19:15:07,huggingface,26.04
acde9b2c-4faa-4f0e-8edf-bc8d2467cc2e,clipgt-75ad7430-58e4-4a6f-bc92-0b545db3aff6,26.4.96-91b06fb8,sample_set/26.04_release/75ad7430-58e4-4a6f-bc92-0b545db3aff6/75ad7430-58e4-4a6f-bc92-0b545db3aff6.usdz,2026-08-05 19:15:07,huggingface,26.04
43dae42b-19db-4405-a2e5-c9b4b6e09386,clipgt-76045d81-bc69-4208-8c7e-de805f00f7fb,26.4.96-91b06fb8,sample_set/26.04_release/76045d81-bc69-4208-8c7e-de805f00f7fb/76045d81-bc69-4208-8c7e-de805f00f7fb.usdz,2026-08-05 19:15:07,huggingface,26.04
bb2f3754-ace9-4116-a281-59d212ec8b2a,clipgt-76353421-34fc-457e-b3b7-56e5989a38a0,26.4.96-91b06fb8,sample_set/26.04_release/76353421-34fc-457e-b3b7-56e5989a38a0/76353421-34fc-457e-b3b7-56e5989a38a0.usdz,2026-08-05 19:15:07,huggingface,26.04
376c61c8-517e-49b5-9055-d89c70bc4f30,clipgt-7652eb53-0bc4-4f3e-8fd2-d24e84b7485c,26.4.96-91b06fb8,sample_set/26.04_release/7652eb53-0bc4-4f3e-8fd2-d24e84b7485c/7652eb53-0bc4-4f3e-8fd2-d24e84b7485c.usdz,2026-08-05 19:15:07,huggingface,26.04
bb47489c-601e-4363-9d5c-1f93d7e9e289,clipgt-7685e516-96ca-4656-a545-7e08b9a7c60b,26.4.96-91b06fb8,sample_set/26.04_release/7685e516-96ca-4656-a545-7e08b9a7c60b/7685e516-96ca-4656-a545-7e08b9a7c60b.usdz,2026-08-05 19:15:07,huggingface,26.04
f1063cd3-c3fa-4e8b-bf30-c410559e04b9,clipgt-769e6724-8826-48fb-8c44-5e40ff19540b,26.4.96-91b06fb8,sample_set/26.04_release/769e6724-8826-48fb-8c44-5e40ff19540b/769e6724-8826-48fb-8c44-5e40ff19540b.usdz,2026-08-05 19:15:07,huggingface,26.04
8915aac0-9b16-4589-8fa4-ef6883a519c3,clipgt-76bb09d6-53a5-45dd-94e8-7633737400c7,26.4.96-91b06fb8,sample_set/26.04_release/76bb09d6-53a5-45dd-94e8-7633737400c7/76bb09d6-53a5-45dd-94e8-7633737400c7.usdz,2026-08-05 19:15:07,huggingface,26.04
37d575e8-b53c-4ae1-be2c-f32cd21da6ba,clipgt-76bc2969-e4a8-4882-ac08-c9eaa0ea66ae,26.4.96-91b06fb8,sample_set/26.04_release/76bc2969-e4a8-4882-ac08-c9eaa0ea66ae/76bc2969-e4a8-4882-ac08-c9eaa0ea66ae.usdz,2026-08-05 19:15:07,huggingface,26.04
f9779a69-2832-4970-b2a1-6e69dc0acff6,clipgt-76f7e025-e86a-47d9-ba21-f5aa5834322c,26.4.96-91b06fb8,sample_set/26.04_release/76f7e025-e86a-47d9-ba21-f5aa5834322c/76f7e025-e86a-47d9-ba21-f5aa5834322c.usdz,2026-08-05 19:15:07,huggingface,26.04
a9028975-ed83-4016-88de-13a5fe9cbd43,clipgt-7730a792-87ce-43b8-aae1-eb02b3ae56dc,26.4.96-91b06fb8,sample_set/26.04_release/7730a792-87ce-43b8-aae1-eb02b3ae56dc/7730a792-87ce-43b8-aae1-eb02b3ae56dc.usdz,2026-08-05 19:15:07,huggingface,26.04
c3d0fd66-30df-4197-8e19-d1e5e590b48e,clipgt-774f756b-9f5e-4305-b014-3fc5f80cc7c3,26.4.96-91b06fb8,sample_set/26.04_release/774f756b-9f5e-4305-b014-3fc5f80cc7c3/774f756b-9f5e-4305-b014-3fc5f80cc7c3.usdz,2026-08-05 19:15:07,huggingface,26.04
0cb2b1e4-5d65-4df5-bdc2-a7c921138e8d,clipgt-778a7121-b3c7-4943-b327-9ad4f965eb7e,26.4.96-91b06fb8,sample_set/26.04_release/778a7121-b3c7-4943-b327-9ad4f965eb7e/778a7121-b3c7-4943-b327-9ad4f965eb7e.usdz,2026-08-05 19:15:07,huggingface,26.04
c8aa4daa-8c26-499d-8ab8-6a57d58a5b4a,clipgt-77a9ad17-793b-47e3-bb68-de122122dca8,26.4.96-91b06fb8,sample_set/26.04_release/77a9ad17-793b-47e3-bb68-de122122dca8/77a9ad17-793b-47e3-bb68-de122122dca8.usdz,2026-08-05 19:15:07,huggingface,26.04
ffdcfe48-9923-4e1b-8786-36c31637e530,clipgt-77cbeab5-c0cc-44bd-a895-d45462130d2b,26.4.96-91b06fb8,sample_set/26.04_release/77cbeab5-c0cc-44bd-a895-d45462130d2b/77cbeab5-c0cc-44bd-a895-d45462130d2b.usdz,2026-08-05 19:15:07,huggingface,26.04
c72d6348-11d9-4011-a341-011b615b2db0,clipgt-77d5887d-637a-40c6-803e-a498d10cb2de,26.4.96-91b06fb8,sample_set/26.04_release/77d5887d-637a-40c6-803e-a498d10cb2de/77d5887d-637a-40c6-803e-a498d10cb2de.usdz,2026-08-05 19:15:07,huggingface,26.04
d91d1d00-7074-400f-acfe-5cc4566d68e3,clipgt-77fdd75c-f770-415e-80cc-1ba9c52c4004,26.4.96-91b06fb8,sample_set/26.04_release/77fdd75c-f770-415e-80cc-1ba9c52c4004/77fdd75c-f770-415e-80cc-1ba9c52c4004.usdz,2026-08-05 19:15:07,huggingface,26.04
44267546-a8d6-4e6e-bddb-c49d589a9ef6,clipgt-780ece49-d8cd-421c-93e4-b2bce57d27a0,26.4.96-91b06fb8,sample_set/26.04_release/780ece49-d8cd-421c-93e4-b2bce57d27a0/780ece49-d8cd-421c-93e4-b2bce57d27a0.usdz,2026-08-05 19:15:07,huggingface,26.04
1c92e23e-c7d9-4d70-8801-b06334831eda,clipgt-788c4ad9-54b1-45fe-9b41-9e7dff82b0cd,26.4.96-91b06fb8,sample_set/26.04_release/788c4ad9-54b1-45fe-9b41-9e7dff82b0cd/788c4ad9-54b1-45fe-9b41-9e7dff82b0cd.usdz,2026-08-05 19:15:07,huggingface,26.04
ac7e757e-a114-45e9-83a2-169ffd642736,clipgt-78c4ceb6-d3c3-4653-9316-55f8cf3203d5,26.4.96-91b06fb8,sample_set/26.04_release/78c4ceb6-d3c3-4653-9316-55f8cf3203d5/78c4ceb6-d3c3-4653-9316-55f8cf3203d5.usdz,2026-08-05 19:15:07,huggingface,26.04
f35fb59c-41f3-46f4-98bf-e53900314704,clipgt-78decb2a-0d84-4cf1-bc1a-62bade0938be,26.4.96-91b06fb8,sample_set/26.04_release/78decb2a-0d84-4cf1-bc1a-62bade0938be/78decb2a-0d84-4cf1-bc1a-62bade0938be.usdz,2026-08-05 19:15:07,huggingface,26.04
44c4985d-8603-4831-9855-e0d81298173d,clipgt-78df3a2c-80ad-4476-8d12-202099660490,26.4.96-91b06fb8,sample_set/26.04_release/78df3a2c-80ad-4476-8d12-202099660490/78df3a2c-80ad-4476-8d12-202099660490.usdz,2026-08-05 19:15:07,huggingface,26.04
7f5d165c-8969-4e90-a9d5-0dd32afe09fa,clipgt-792df0c2-570d-483b-b900-5aa938308152,26.4.96-91b06fb8,sample_set/26.04_release/792df0c2-570d-483b-b900-5aa938308152/792df0c2-570d-483b-b900-5aa938308152.usdz,2026-08-05 19:15:07,huggingface,26.04
dc1873f6-1fd6-4d02-a1ff-38b34dccb404,clipgt-7963a932-3a44-4f10-a3f9-b27a40d85329,26.4.96-91b06fb8,sample_set/26.04_release/7963a932-3a44-4f10-a3f9-b27a40d85329/7963a932-3a44-4f10-a3f9-b27a40d85329.usdz,2026-08-05 19:15:07,huggingface,26.04
4024ace5-5afe-49ca-9d07-d9725f780201,clipgt-79919eb2-72c2-440a-94ea-24754fcad0fd,26.4.96-91b06fb8,sample_set/26.04_release/79919eb2-72c2-440a-94ea-24754fcad0fd/79919eb2-72c2-440a-94ea-24754fcad0fd.usdz,2026-08-05 19:15:07,huggingface,26.04
d177c5cc-cfde-4802-a4d8-4527ee00b444,clipgt-7a1bbffe-e7b9-4a4e-b96c-f9f7c3e3655d,26.4.96-91b06fb8,sample_set/26.04_release/7a1bbffe-e7b9-4a4e-b96c-f9f7c3e3655d/7a1bbffe-e7b9-4a4e-b96c-f9f7c3e3655d.usdz,2026-08-05 19:15:07,huggingface,26.04
71beb364-faa4-40d6-84df-1a383c0a4d2d,clipgt-7a388039-5b34-49b8-a093-60f9b5687aa2,26.4.96-91b06fb8,sample_set/26.04_release/7a388039-5b34-49b8-a093-60f9b5687aa2/7a388039-5b34-49b8-a093-60f9b5687aa2.usdz,2026-08-05 19:15:07,huggingface,26.04
edcb944d-09dc-4238-a07e-52dd973e3c4a,clipgt-7a8d8d03-c3aa-4719-9d61-1e9545bc81f5,26.4.96-91b06fb8,sample_set/26.04_release/7a8d8d03-c3aa-4719-9d61-1e9545bc81f5/7a8d8d03-c3aa-4719-9d61-1e9545bc81f5.usdz,2026-08-05 19:15:07,huggingface,26.04
7a596c98-3844-4512-a457-8b2c1feccf11,clipgt-7af57594-a144-435c-b438-ea9cac7f6301,26.4.96-91b06fb8,sample_set/26.04_release/7af57594-a144-435c-b438-ea9cac7f6301/7af57594-a144-435c-b438-ea9cac7f6301.usdz,2026-08-05 19:15:07,huggingface,26.04
03befae0-3799-455b-a57f-052729cc2fd9,clipgt-7b418416-8860-46d5-b7fc-687c7d078c4b,26.4.96-91b06fb8,sample_set/26.04_release/7b418416-8860-46d5-b7fc-687c7d078c4b/7b418416-8860-46d5-b7fc-687c7d078c4b.usdz,2026-08-05 19:15:07,huggingface,26.04
f04536cf-4201-427b-ad0f-b9b65c6923d4,clipgt-7b5c9fd6-3bbb-4843-b9bd-5429ea0c2c39,26.4.96-91b06fb8,sample_set/26.04_release/7b5c9fd6-3bbb-4843-b9bd-5429ea0c2c39/7b5c9fd6-3bbb-4843-b9bd-5429ea0c2c39.usdz,2026-08-05 19:15:07,huggingface,26.04
06e46927-1bd3-4877-ab73-7bb4b659d172,clipgt-7bb27818-10a1-4692-9867-dee640e00277,26.4.96-91b06fb8,sample_set/26.04_release/7bb27818-10a1-4692-9867-dee640e00277/7bb27818-10a1-4692-9867-dee640e00277.usdz,2026-08-05 19:15:07,huggingface,26.04
c66deaa6-654f-407e-bc34-ebdf3004ce97,clipgt-7bb5216b-4d92-466a-bdc6-b6d2f2c34348,26.4.96-91b06fb8,sample_set/26.04_release/7bb5216b-4d92-466a-bdc6-b6d2f2c34348/7bb5216b-4d92-466a-bdc6-b6d2f2c34348.usdz,2026-08-05 19:15:07,huggingface,26.04
b5fa1b1f-67dd-48db-9c84-41d7b369825c,clipgt-7bc74f9f-3732-4d08-9e13-3f78da39594e,26.4.96-91b06fb8,sample_set/26.04_release/7bc74f9f-3732-4d08-9e13-3f78da39594e/7bc74f9f-3732-4d08-9e13-3f78da39594e.usdz,2026-08-05 19:15:07,huggingface,26.04
f21c0be0-db7f-4b93-8430-bad918ff4cf8,clipgt-7be39bcb-7909-4944-a468-1e85bbb8465b,26.4.96-91b06fb8,sample_set/26.04_release/7be39bcb-7909-4944-a468-1e85bbb8465b/7be39bcb-7909-4944-a468-1e85bbb8465b.usdz,2026-08-05 19:15:07,huggingface,26.04
ee8c9464-6427-42eb-8d79-7e180f6dbe9d,clipgt-7c223679-68fe-41f4-87ee-fad337ca4752,26.4.96-91b06fb8,sample_set/26.04_release/7c223679-68fe-41f4-87ee-fad337ca4752/7c223679-68fe-41f4-87ee-fad337ca4752.usdz,2026-08-05 19:15:07,huggingface,26.04
2392dcfb-a6d6-4deb-87fc-212c90d31689,clipgt-7c2cf6cd-e19f-4309-991c-1122ebd4e642,26.4.96-91b06fb8,sample_set/26.04_release/7c2cf6cd-e19f-4309-991c-1122ebd4e642/7c2cf6cd-e19f-4309-991c-1122ebd4e642.usdz,2026-08-05 19:15:07,huggingface,26.04
1963c115-ad87-4735-b953-de575430c9c8,clipgt-7c31c021-4616-49db-8baa-e9128a25933e,26.4.96-91b06fb8,sample_set/26.04_release/7c31c021-4616-49db-8baa-e9128a25933e/7c31c021-4616-49db-8baa-e9128a25933e.usdz,2026-08-05 19:15:07,huggingface,26.04
ff830611-8c41-4d31-ac07-f9b63fe6a311,clipgt-7c346fd5-4223-40da-8785-c49fe69f06a1,26.4.96-91b06fb8,sample_set/26.04_release/7c346fd5-4223-40da-8785-c49fe69f06a1/7c346fd5-4223-40da-8785-c49fe69f06a1.usdz,2026-08-05 19:15:07,huggingface,26.04
ee2529bf-7c79-4241-8d05-7a24f2811507,clipgt-7c6529f6-c6cf-465d-affe-b2bb30f3716d,26.4.96-91b06fb8,sample_set/26.04_release/7c6529f6-c6cf-465d-affe-b2bb30f3716d/7c6529f6-c6cf-465d-affe-b2bb30f3716d.usdz,2026-08-05 19:15:07,huggingface,26.04
f9e8dbb6-1592-40e5-9fc0-48d747a813a9,clipgt-7c72937c-c620-4776-9555-d57222c0081f,26.4.96-91b06fb8,sample_set/26.04_release/7c72937c-c620-4776-9555-d57222c0081f/7c72937c-c620-4776-9555-d57222c0081f.usdz,2026-08-05 19:15:07,huggingface,26.04
bb21fc2e-4823-419d-9f22-b41440c3453a,clipgt-7cba46df-8fb1-4d73-a8f2-9d3a1db75718,26.4.96-91b06fb8,sample_set/26.04_release/7cba46df-8fb1-4d73-a8f2-9d3a1db75718/7cba46df-8fb1-4d73-a8f2-9d3a1db75718.usdz,2026-08-05 19:15:07,huggingface,26.04
6ad26bbc-e0fa-453a-b529-3cee16abffcf,clipgt-7cdaa72f-1603-4cd2-a87f-dd27e14a8f3b,26.4.96-91b06fb8,sample_set/26.04_release/7cdaa72f-1603-4cd2-a87f-dd27e14a8f3b/7cdaa72f-1603-4cd2-a87f-dd27e14a8f3b.usdz,2026-08-05 19:15:07,huggingface,26.04
8928d6a3-d7ca-4b3b-842e-3f165ccc5feb,clipgt-7d16a9a9-e4c6-4cc1-be75-507c64b0bb90,26.4.96-91b06fb8,sample_set/26.04_release/7d16a9a9-e4c6-4cc1-be75-507c64b0bb90/7d16a9a9-e4c6-4cc1-be75-507c64b0bb90.usdz,2026-08-05 19:15:07,huggingface,26.04
764552cb-3b33-4356-86db-684025c07361,clipgt-7d257301-a9d1-433b-8f08-85023a4d0fac,26.4.96-91b06fb8,sample_set/26.04_release/7d257301-a9d1-433b-8f08-85023a4d0fac/7d257301-a9d1-433b-8f08-85023a4d0fac.usdz,2026-08-05 19:15:07,huggingface,26.04
c83e1605-adec-468f-ab54-4bba485efe98,clipgt-7daa7410-5f82-43ed-b79f-c9e4a3997563,26.4.96-91b06fb8,sample_set/26.04_release/7daa7410-5f82-43ed-b79f-c9e4a3997563/7daa7410-5f82-43ed-b79f-c9e4a3997563.usdz,2026-08-05 19:15:07,huggingface,26.04
e7c848f1-b8c8-4ac7-987f-1d9ac191a924,clipgt-7db87a26-d589-4212-85b9-dcd4c565f41d,26.4.96-91b06fb8,sample_set/26.04_release/7db87a26-d589-4212-85b9-dcd4c565f41d/7db87a26-d589-4212-85b9-dcd4c565f41d.usdz,2026-08-05 19:15:07,huggingface,26.04
5885b85d-1754-492e-8700-7ed389a711e4,clipgt-7dc64687-ce97-44f3-a5cd-ad99ee3bf0a9,26.4.96-91b06fb8,sample_set/26.04_release/7dc64687-ce97-44f3-a5cd-ad99ee3bf0a9/7dc64687-ce97-44f3-a5cd-ad99ee3bf0a9.usdz,2026-08-05 19:15:07,huggingface,26.04
d4864867-8b8c-4183-963d-6692a2634283,clipgt-7ddc6709-99d5-49be-9f8e-5e243e025111,26.4.96-91b06fb8,sample_set/26.04_release/7ddc6709-99d5-49be-9f8e-5e243e025111/7ddc6709-99d5-49be-9f8e-5e243e025111.usdz,2026-08-05 19:15:07,huggingface,26.04
27cd4a75-2af7-4149-9db9-d5f9473b62df,clipgt-7df3ad1a-d712-4dda-9e6a-c670e58ce4e6,26.4.96-91b06fb8,sample_set/26.04_release/7df3ad1a-d712-4dda-9e6a-c670e58ce4e6/7df3ad1a-d712-4dda-9e6a-c670e58ce4e6.usdz,2026-08-05 19:15:07,huggingface,26.04
b9798bb4-6b90-4db9-a995-3591dac7f880,clipgt-7dfc8de4-5e30-451a-9ba6-30ad751bf791,26.4.96-91b06fb8,sample_set/26.04_release/7dfc8de4-5e30-451a-9ba6-30ad751bf791/7dfc8de4-5e30-451a-9ba6-30ad751bf791.usdz,2026-08-05 19:15:07,huggingface,26.04
fd783397-7b41-4a75-a84b-a0921a52c19d,clipgt-7e27eb97-a5db-45f1-bac2-3a62089c1183,26.4.96-91b06fb8,sample_set/26.04_release/7e27eb97-a5db-45f1-bac2-3a62089c1183/7e27eb97-a5db-45f1-bac2-3a62089c1183.usdz,2026-08-05 19:15:07,huggingface,26.04
b793db51-29e2-4776-98f1-d651c5120e30,clipgt-7ee3f88d-0da8-4e7f-a0a2-e2798392cb34,26.4.96-91b06fb8,sample_set/26.04_release/7ee3f88d-0da8-4e7f-a0a2-e2798392cb34/7ee3f88d-0da8-4e7f-a0a2-e2798392cb34.usdz,2026-08-05 19:15:07,huggingface,26.04
38fa7927-b9e2-4c1f-983f-98b0970307b4,clipgt-7f34da5c-9ef6-44a9-a5bd-194adbbd3b31,26.4.96-91b06fb8,sample_set/26.04_release/7f34da5c-9ef6-44a9-a5bd-194adbbd3b31/7f34da5c-9ef6-44a9-a5bd-194adbbd3b31.usdz,2026-08-05 19:15:07,huggingface,26.04
acd38483-df19-4eb0-80b1-298c95da6ed0,clipgt-7fb3b33e-85d4-4d3e-b999-5eee301c2308,26.4.96-91b06fb8,sample_set/26.04_release/7fb3b33e-85d4-4d3e-b999-5eee301c2308/7fb3b33e-85d4-4d3e-b999-5eee301c2308.usdz,2026-08-05 19:15:07,huggingface,26.04
b18e406f-b37a-482f-8d03-1ed9e6046a21,clipgt-7fd4d554-b155-45c6-a46a-646486029d85,26.4.96-91b06fb8,sample_set/26.04_release/7fd4d554-b155-45c6-a46a-646486029d85/7fd4d554-b155-45c6-a46a-646486029d85.usdz,2026-08-05 19:15:07,huggingface,26.04
fe27388f-4b07-4c32-81d3-7cac4dee221a,clipgt-7fe7c6e2-390a-47a7-a986-693da0880574,26.4.96-91b06fb8,sample_set/26.04_release/7fe7c6e2-390a-47a7-a986-693da0880574/7fe7c6e2-390a-47a7-a986-693da0880574.usdz,2026-08-05 19:15:07,huggingface,26.04
6c9e2d1a-217d-4dcc-b692-9fb7e1b3708d,clipgt-8022db31-29b1-41ce-af35-79fc2e240d0c,26.4.96-91b06fb8,sample_set/26.04_release/8022db31-29b1-41ce-af35-79fc2e240d0c/8022db31-29b1-41ce-af35-79fc2e240d0c.usdz,2026-08-05 19:15:07,huggingface,26.04
8003cf1f-a7bf-42fa-8e27-d1046193ca2f,clipgt-80c97721-b259-444c-89ca-5f6a2a486742,26.4.96-91b06fb8,sample_set/26.04_release/80c97721-b259-444c-89ca-5f6a2a486742/80c97721-b259-444c-89ca-5f6a2a486742.usdz,2026-08-05 19:15:07,huggingface,26.04
e56193e5-f5d9-40c9-96af-e64e16bf421b,clipgt-810fb719-b3c1-47dd-9c78-80d606a76ebf,26.4.96-91b06fb8,sample_set/26.04_release/810fb719-b3c1-47dd-9c78-80d606a76ebf/810fb719-b3c1-47dd-9c78-80d606a76ebf.usdz,2026-08-05 19:15:07,huggingface,26.04
d4ead326-0656-4428-a7ea-b421eade5363,clipgt-810fd111-9269-494e-8de2-91d82b31fd87,26.4.96-91b06fb8,sample_set/26.04_release/810fd111-9269-494e-8de2-91d82b31fd87/810fd111-9269-494e-8de2-91d82b31fd87.usdz,2026-08-05 19:15:07,huggingface,26.04
7d961e5c-fe3f-41b7-a15a-0070f2804f10,clipgt-8120803d-0cca-49c5-afc7-c87529d87ce7,26.4.96-91b06fb8,sample_set/26.04_release/8120803d-0cca-49c5-afc7-c87529d87ce7/8120803d-0cca-49c5-afc7-c87529d87ce7.usdz,2026-08-05 19:15:07,huggingface,26.04
f764e59c-e202-4e9b-afd6-4a29f4f4befa,clipgt-813e0bc6-9881-46f3-b120-c4123a2f556a,26.4.96-91b06fb8,sample_set/26.04_release/813e0bc6-9881-46f3-b120-c4123a2f556a/813e0bc6-9881-46f3-b120-c4123a2f556a.usdz,2026-08-05 19:15:07,huggingface,26.04
ff7ea45b-7285-4102-ac1f-6c14bda64d03,clipgt-817c63d5-916f-4100-a503-c2767bcd05b6,26.4.96-91b06fb8,sample_set/26.04_release/817c63d5-916f-4100-a503-c2767bcd05b6/817c63d5-916f-4100-a503-c2767bcd05b6.usdz,2026-08-05 19:15:07,huggingface,26.04
bc764993-f881-4f2a-915f-cda16e1d5bb5,clipgt-81a1d7cc-9af5-4c01-8b67-9ce038bf03a0,26.4.96-91b06fb8,sample_set/26.04_release/81a1d7cc-9af5-4c01-8b67-9ce038bf03a0/81a1d7cc-9af5-4c01-8b67-9ce038bf03a0.usdz,2026-08-05 19:15:07,huggingface,26.04
a8fdce98-45c5-4d10-9990-058ae8a7ab17,clipgt-81ab871a-3e46-47b3-8dfa-130917fd93df,26.4.96-91b06fb8,sample_set/26.04_release/81ab871a-3e46-47b3-8dfa-130917fd93df/81ab871a-3e46-47b3-8dfa-130917fd93df.usdz,2026-08-05 19:15:07,huggingface,26.04
5f986ba8-196d-4ad1-8d3e-1d012f4e62cc,clipgt-81cbd9fd-6f78-486f-8408-8b64478e2932,26.4.96-91b06fb8,sample_set/26.04_release/81cbd9fd-6f78-486f-8408-8b64478e2932/81cbd9fd-6f78-486f-8408-8b64478e2932.usdz,2026-08-05 19:15:07,huggingface,26.04
6ebb0b0b-5bf3-4cbd-8cf0-b11c73160879,clipgt-81ce115e-0c2a-4c27-9e1a-6d6716cf0ee1,26.4.96-91b06fb8,sample_set/26.04_release/81ce115e-0c2a-4c27-9e1a-6d6716cf0ee1/81ce115e-0c2a-4c27-9e1a-6d6716cf0ee1.usdz,2026-08-05 19:15:07,huggingface,26.04
49e9ffd9-3f46-419e-9e0d-8fc8418c6bbb,clipgt-81dc4ece-fa69-40dc-bffc-1f8606e8b3a2,26.4.96-91b06fb8,sample_set/26.04_release/81dc4ece-fa69-40dc-bffc-1f8606e8b3a2/81dc4ece-fa69-40dc-bffc-1f8606e8b3a2.usdz,2026-08-05 19:15:07,huggingface,26.04
746f635d-c389-4b6f-9e57-3a6feeaeef11,clipgt-81f9169c-5db3-45a2-a029-d8f5025907d5,26.4.96-91b06fb8,sample_set/26.04_release/81f9169c-5db3-45a2-a029-d8f5025907d5/81f9169c-5db3-45a2-a029-d8f5025907d5.usdz,2026-08-05 19:15:07,huggingface,26.04
7a4298cf-ed51-4b63-98f9-b0311c4db1ad,clipgt-82471d1e-c1d1-45c0-80a5-5f36e242913d,26.4.96-91b06fb8,sample_set/26.04_release/82471d1e-c1d1-45c0-80a5-5f36e242913d/82471d1e-c1d1-45c0-80a5-5f36e242913d.usdz,2026-08-05 19:15:07,huggingface,26.04
638dc641-a0ae-4192-b0d4-cc6b0e6f0591,clipgt-8266c272-9c74-472b-8ccb-fffe911a6e78,26.4.96-91b06fb8,sample_set/26.04_release/8266c272-9c74-472b-8ccb-fffe911a6e78/8266c272-9c74-472b-8ccb-fffe911a6e78.usdz,2026-08-05 19:15:07,huggingface,26.04
da7312c1-8a5b-4aed-acee-ce814f516cc6,clipgt-829c55af-6301-4552-a476-dc6b80e5ee7e,26.4.96-91b06fb8,sample_set/26.04_release/829c55af-6301-4552-a476-dc6b80e5ee7e/829c55af-6301-4552-a476-dc6b80e5ee7e.usdz,2026-08-05 19:15:07,huggingface,26.04
748fffb4-e2e3-48f4-a004-d41f8799d364,clipgt-82e4a2c3-e9ef-4e63-815d-50dc92ad67b8,26.4.96-91b06fb8,sample_set/26.04_release/82e4a2c3-e9ef-4e63-815d-50dc92ad67b8/82e4a2c3-e9ef-4e63-815d-50dc92ad67b8.usdz,2026-08-05 19:15:07,huggingface,26.04
960544ae-68d9-41e2-9685-b84ac056cc5c,clipgt-82f67f40-acba-4083-991b-f63355300952,26.4.96-91b06fb8,sample_set/26.04_release/82f67f40-acba-4083-991b-f63355300952/82f67f40-acba-4083-991b-f63355300952.usdz,2026-08-05 19:15:07,huggingface,26.04
20c00436-ffe5-4b16-9dc8-89f8f7b698e2,clipgt-83361019-2822-4c0e-9a99-7f316c6f6f31,26.4.96-91b06fb8,sample_set/26.04_release/83361019-2822-4c0e-9a99-7f316c6f6f31/83361019-2822-4c0e-9a99-7f316c6f6f31.usdz,2026-08-05 19:15:07,huggingface,26.04
a645f2da-39ab-4149-8185-c460109ecf02,clipgt-835f8288-3884-41b4-9f6a-25539170c537,26.4.96-91b06fb8,sample_set/26.04_release/835f8288-3884-41b4-9f6a-25539170c537/835f8288-3884-41b4-9f6a-25539170c537.usdz,2026-08-05 19:15:07,huggingface,26.04
48bcbad1-1e66-4450-b949-d3b2f514c1b9,clipgt-837514d4-8fe4-4e43-8b9a-a079d7e3f1b5,26.4.96-91b06fb8,sample_set/26.04_release/837514d4-8fe4-4e43-8b9a-a079d7e3f1b5/837514d4-8fe4-4e43-8b9a-a079d7e3f1b5.usdz,2026-08-05 19:15:07,huggingface,26.04
8de442ed-be36-425f-be9f-def38d23360d,clipgt-84130d45-3567-48a0-9238-68978f6926c7,26.4.96-91b06fb8,sample_set/26.04_release/84130d45-3567-48a0-9238-68978f6926c7/84130d45-3567-48a0-9238-68978f6926c7.usdz,2026-08-05 19:15:07,huggingface,26.04
a3e5075a-19d7-4e42-94dd-2c29f6c3b26b,clipgt-84173c99-9f6f-43a9-8884-6aabcf8311b1,26.4.96-91b06fb8,sample_set/26.04_release/84173c99-9f6f-43a9-8884-6aabcf8311b1/84173c99-9f6f-43a9-8884-6aabcf8311b1.usdz,2026-08-05 19:15:07,huggingface,26.04
dcdcc38e-cf4f-4cbf-9f0a-02dd2eb39d8d,clipgt-8421b97a-4ba4-4588-bade-b47113d34db5,26.4.96-91b06fb8,sample_set/26.04_release/8421b97a-4ba4-4588-bade-b47113d34db5/8421b97a-4ba4-4588-bade-b47113d34db5.usdz,2026-08-05 19:15:07,huggingface,26.04
72944bc8-4cca-4a8d-9730-6041360ad473,clipgt-84289264-b1e3-4a3c-bfd8-c0b823cfb955,26.4.96-91b06fb8,sample_set/26.04_release/84289264-b1e3-4a3c-bfd8-c0b823cfb955/84289264-b1e3-4a3c-bfd8-c0b823cfb955.usdz,2026-08-05 19:15:07,huggingface,26.04
a0295c86-00ec-4224-a143-31036dd73375,clipgt-8443bbe2-998a-4183-8410-1c49fb1c398a,26.4.96-91b06fb8,sample_set/26.04_release/8443bbe2-998a-4183-8410-1c49fb1c398a/8443bbe2-998a-4183-8410-1c49fb1c398a.usdz,2026-08-05 19:15:07,huggingface,26.04
fc5fcdae-6f20-4681-8a85-c5a6faa5ab56,clipgt-8457182d-fe0e-48bb-9411-6638b358ee92,26.4.96-91b06fb8,sample_set/26.04_release/8457182d-fe0e-48bb-9411-6638b358ee92/8457182d-fe0e-48bb-9411-6638b358ee92.usdz,2026-08-05 19:15:07,huggingface,26.04
45436bba-22da-42f9-a704-41a09202eb1a,clipgt-85a26192-7b37-43a2-bd5d-96cd858cb86b,26.4.96-91b06fb8,sample_set/26.04_release/85a26192-7b37-43a2-bd5d-96cd858cb86b/85a26192-7b37-43a2-bd5d-96cd858cb86b.usdz,2026-08-05 19:15:07,huggingface,26.04
f017314e-791b-45a5-aa89-68b82eaad887,clipgt-85bd8781-683c-43c8-9944-2d623bfe2c3e,26.4.96-91b06fb8,sample_set/26.04_release/85bd8781-683c-43c8-9944-2d623bfe2c3e/85bd8781-683c-43c8-9944-2d623bfe2c3e.usdz,2026-08-05 19:15:07,huggingface,26.04
777d509e-f6c6-4124-a198-1058c37d2227,clipgt-85d736ca-c69f-4c38-9ed9-f5ba4e658dc6,26.4.96-91b06fb8,sample_set/26.04_release/85d736ca-c69f-4c38-9ed9-f5ba4e658dc6/85d736ca-c69f-4c38-9ed9-f5ba4e658dc6.usdz,2026-08-05 19:15:07,huggingface,26.04
2e70d102-f980-4491-83dc-8b13965df7d6,clipgt-86005d5e-a6c4-43fb-9ee9-11283261672b,26.4.96-91b06fb8,sample_set/26.04_release/86005d5e-a6c4-43fb-9ee9-11283261672b/86005d5e-a6c4-43fb-9ee9-11283261672b.usdz,2026-08-05 19:15:07,huggingface,26.04
2de78f33-2977-48b2-b762-34c0b118a188,clipgt-864ec5ea-9eaa-4d80-a846-8bf5c982f140,26.4.96-91b06fb8,sample_set/26.04_release/864ec5ea-9eaa-4d80-a846-8bf5c982f140/864ec5ea-9eaa-4d80-a846-8bf5c982f140.usdz,2026-08-05 19:15:07,huggingface,26.04
0a830169-2e34-43f6-b2da-50139e5dbdfd,clipgt-86de8ecc-d88f-4f44-9766-33a89219837b,26.4.96-91b06fb8,sample_set/26.04_release/86de8ecc-d88f-4f44-9766-33a89219837b/86de8ecc-d88f-4f44-9766-33a89219837b.usdz,2026-08-05 19:15:07,huggingface,26.04
970beb44-964e-4f3e-9869-ab4d68cbda80,clipgt-878741ff-3b05-440a-9b54-3d50554c94aa,26.4.96-91b06fb8,sample_set/26.04_release/878741ff-3b05-440a-9b54-3d50554c94aa/878741ff-3b05-440a-9b54-3d50554c94aa.usdz,2026-08-05 19:15:07,huggingface,26.04
571cfad7-5644-4553-918e-51d188a91ae6,clipgt-87a3b6d4-fd0f-487f-b409-f8ef2fe53681,26.4.96-91b06fb8,sample_set/26.04_release/87a3b6d4-fd0f-487f-b409-f8ef2fe53681/87a3b6d4-fd0f-487f-b409-f8ef2fe53681.usdz,2026-08-05 19:15:07,huggingface,26.04
4bab65e6-43e2-4ee8-b732-47adb044ede1,clipgt-881b9dd6-7e2c-4c48-b270-cce2dc790b34,26.4.96-91b06fb8,sample_set/26.04_release/881b9dd6-7e2c-4c48-b270-cce2dc790b34/881b9dd6-7e2c-4c48-b270-cce2dc790b34.usdz,2026-08-05 19:15:07,huggingface,26.04
1e08be16-c9e0-4713-91c6-c35b341ff898,clipgt-88272099-3306-4306-87da-1ec5ba3311a1,26.4.96-91b06fb8,sample_set/26.04_release/88272099-3306-4306-87da-1ec5ba3311a1/88272099-3306-4306-87da-1ec5ba3311a1.usdz,2026-08-05 19:15:07,huggingface,26.04
0add2bd2-7d43-4818-8a59-737f12717574,clipgt-886c4d8b-d611-48d3-9b07-1afb0358ba17,26.4.96-91b06fb8,sample_set/26.04_release/886c4d8b-d611-48d3-9b07-1afb0358ba17/886c4d8b-d611-48d3-9b07-1afb0358ba17.usdz,2026-08-05 19:15:07,huggingface,26.04
10ecbe87-8ebc-4341-bc2d-c1b0393e42af,clipgt-88b58348-5c22-41ba-bfb3-981f5efbb2ca,26.4.96-91b06fb8,sample_set/26.04_release/88b58348-5c22-41ba-bfb3-981f5efbb2ca/88b58348-5c22-41ba-bfb3-981f5efbb2ca.usdz,2026-08-05 19:15:07,huggingface,26.04
a5ee0d3c-121e-4070-aeda-f15dc36af1c3,clipgt-88bbf0c9-9ba5-45b4-bc15-9dca85ca84b9,26.4.96-91b06fb8,sample_set/26.04_release/88bbf0c9-9ba5-45b4-bc15-9dca85ca84b9/88bbf0c9-9ba5-45b4-bc15-9dca85ca84b9.usdz,2026-08-05 19:15:07,huggingface,26.04
940b9f96-35a7-44a0-954b-90bc5143f9a6,clipgt-8913f537-ed6d-441f-a4d0-31a16759d433,26.4.96-91b06fb8,sample_set/26.04_release/8913f537-ed6d-441f-a4d0-31a16759d433/8913f537-ed6d-441f-a4d0-31a16759d433.usdz,2026-08-05 19:15:07,huggingface,26.04
bddd031f-7a1c-4a27-a4c0-a7f13ada2eb6,clipgt-893bf219-95d4-49da-8b04-8b14bf61636a,26.4.96-91b06fb8,sample_set/26.04_release/893bf219-95d4-49da-8b04-8b14bf61636a/893bf219-95d4-49da-8b04-8b14bf61636a.usdz,2026-08-05 19:15:07,huggingface,26.04
5e4f3f98-214c-4ed5-8259-56c1caaf7f96,clipgt-89650e2d-732f-4405-ab31-9f20473fb53f,26.4.96-91b06fb8,sample_set/26.04_release/89650e2d-732f-4405-ab31-9f20473fb53f/89650e2d-732f-4405-ab31-9f20473fb53f.usdz,2026-08-05 19:15:07,huggingface,26.04
71ff7b2d-e591-4de6-86d4-b99fa7a4b743,clipgt-8995a9ff-c92b-4c46-96c1-d94aba91d299,26.4.96-91b06fb8,sample_set/26.04_release/8995a9ff-c92b-4c46-96c1-d94aba91d299/8995a9ff-c92b-4c46-96c1-d94aba91d299.usdz,2026-08-05 19:15:07,huggingface,26.04
c1a1f219-0b3c-4fe3-b69f-893b152a434a,clipgt-89dca270-b3a8-4470-8d67-e42de4db7787,26.4.96-91b06fb8,sample_set/26.04_release/89dca270-b3a8-4470-8d67-e42de4db7787/89dca270-b3a8-4470-8d67-e42de4db7787.usdz,2026-08-05 19:15:07,huggingface,26.04
ebeeca95-94de-42b3-a841-457ffbc2e4c7,clipgt-8a365ac2-e5d5-4fd6-903d-497b2225151c,26.4.96-91b06fb8,sample_set/26.04_release/8a365ac2-e5d5-4fd6-903d-497b2225151c/8a365ac2-e5d5-4fd6-903d-497b2225151c.usdz,2026-08-05 19:15:07,huggingface,26.04
49858fc1-2534-4ebb-952e-505b1df15b19,clipgt-8a7717b2-7831-43c2-a4bb-c22815b556f7,26.4.96-91b06fb8,sample_set/26.04_release/8a7717b2-7831-43c2-a4bb-c22815b556f7/8a7717b2-7831-43c2-a4bb-c22815b556f7.usdz,2026-08-05 19:15:07,huggingface,26.04
14aa5157-cdba-4cef-b6e5-45f5a6a49133,clipgt-8a812020-cb7b-4189-8664-021a23b4d190,26.4.96-91b06fb8,sample_set/26.04_release/8a812020-cb7b-4189-8664-021a23b4d190/8a812020-cb7b-4189-8664-021a23b4d190.usdz,2026-08-05 19:15:07,huggingface,26.04
bda647d8-0c64-48d9-92b9-f8074e03979b,clipgt-8a8cff56-f1e2-4dc7-9683-4f398a5b5893,26.4.96-91b06fb8,sample_set/26.04_release/8a8cff56-f1e2-4dc7-9683-4f398a5b5893/8a8cff56-f1e2-4dc7-9683-4f398a5b5893.usdz,2026-08-05 19:15:07,huggingface,26.04
8756fb05-dc9c-430f-852d-98b628b3203b,clipgt-8aae7cf4-01d9-4b65-8f14-132d149c1190,26.4.96-91b06fb8,sample_set/26.04_release/8aae7cf4-01d9-4b65-8f14-132d149c1190/8aae7cf4-01d9-4b65-8f14-132d149c1190.usdz,2026-08-05 19:15:07,huggingface,26.04
b28f8b2d-7cc6-4663-ae9a-9cb6f9717597,clipgt-8ac6bba7-040c-4b11-858d-4d31ca0e4224,26.4.96-91b06fb8,sample_set/26.04_release/8ac6bba7-040c-4b11-858d-4d31ca0e4224/8ac6bba7-040c-4b11-858d-4d31ca0e4224.usdz,2026-08-05 19:15:07,huggingface,26.04
86bb07bb-b7c5-4348-96b8-95055fc929ab,clipgt-8b04d54e-68a9-4fb3-b48d-3017403ff7c2,26.4.96-91b06fb8,sample_set/26.04_release/8b04d54e-68a9-4fb3-b48d-3017403ff7c2/8b04d54e-68a9-4fb3-b48d-3017403ff7c2.usdz,2026-08-05 19:15:07,huggingface,26.04
0cd34aab-f545-40c4-acd7-9b74f2792325,clipgt-8b0cbf9e-5bb2-40f2-8678-236fed0046d9,26.4.96-91b06fb8,sample_set/26.04_release/8b0cbf9e-5bb2-40f2-8678-236fed0046d9/8b0cbf9e-5bb2-40f2-8678-236fed0046d9.usdz,2026-08-05 19:15:07,huggingface,26.04
1c0ea260-e71d-43f9-b37d-88414eaa160a,clipgt-8b25a6ac-50af-4b55-a856-7f899ea35e26,26.4.96-91b06fb8,sample_set/26.04_release/8b25a6ac-50af-4b55-a856-7f899ea35e26/8b25a6ac-50af-4b55-a856-7f899ea35e26.usdz,2026-08-05 19:15:07,huggingface,26.04
5b449dc3-d317-49ba-a62f-087225653674,clipgt-8b505a1f-ab8f-423d-b683-8624441c1dc1,26.4.96-91b06fb8,sample_set/26.04_release/8b505a1f-ab8f-423d-b683-8624441c1dc1/8b505a1f-ab8f-423d-b683-8624441c1dc1.usdz,2026-08-05 19:15:07,huggingface,26.04
7abd9f85-e991-40dd-ae21-1087f9c9ff82,clipgt-8b862348-a95c-42d9-8e87-0560ff8656b4,26.4.96-91b06fb8,sample_set/26.04_release/8b862348-a95c-42d9-8e87-0560ff8656b4/8b862348-a95c-42d9-8e87-0560ff8656b4.usdz,2026-08-05 19:15:07,huggingface,26.04
11886cef-de1d-4aa6-9b7d-ddc7a68dff6e,clipgt-8ba55c12-2cd3-4dce-aadd-c17dbb19642f,26.4.96-91b06fb8,sample_set/26.04_release/8ba55c12-2cd3-4dce-aadd-c17dbb19642f/8ba55c12-2cd3-4dce-aadd-c17dbb19642f.usdz,2026-08-05 19:15:07,huggingface,26.04
ecbd86e0-0027-4649-bc21-4e3f9c8c3fcf,clipgt-8c383368-3f9c-4bc7-a486-076802271599,26.4.96-91b06fb8,sample_set/26.04_release/8c383368-3f9c-4bc7-a486-076802271599/8c383368-3f9c-4bc7-a486-076802271599.usdz,2026-08-05 19:15:07,huggingface,26.04
3432d133-1b7b-477e-8f45-2d7397c66e98,clipgt-8c7248f0-2b20-49f8-be47-fe54a31ae900,26.4.96-91b06fb8,sample_set/26.04_release/8c7248f0-2b20-49f8-be47-fe54a31ae900/8c7248f0-2b20-49f8-be47-fe54a31ae900.usdz,2026-08-05 19:15:07,huggingface,26.04
e67ed723-b6fe-45c5-8808-e4e576cec8ec,clipgt-8c9a30c7-1283-4558-9b9e-5245ae607d2e,26.4.96-91b06fb8,sample_set/26.04_release/8c9a30c7-1283-4558-9b9e-5245ae607d2e/8c9a30c7-1283-4558-9b9e-5245ae607d2e.usdz,2026-08-05 19:15:07,huggingface,26.04
fcecb16c-dd46-4c3a-811e-a1bb5a005064,clipgt-8ca50753-f008-4e22-b4a3-3e382a087895,26.4.96-91b06fb8,sample_set/26.04_release/8ca50753-f008-4e22-b4a3-3e382a087895/8ca50753-f008-4e22-b4a3-3e382a087895.usdz,2026-08-05 19:15:07,huggingface,26.04
57fbe89d-d6c5-4791-97d3-705eb9330a16,clipgt-8cc4c64e-c4f1-4a08-bfa4-f796d2c4250c,26.4.96-91b06fb8,sample_set/26.04_release/8cc4c64e-c4f1-4a08-bfa4-f796d2c4250c/8cc4c64e-c4f1-4a08-bfa4-f796d2c4250c.usdz,2026-08-05 19:15:07,huggingface,26.04
21aee2e8-89e7-4f5b-9d8d-bf43601b9b9f,clipgt-8d0bb75b-798b-4966-be9f-c1d111bc266f,26.4.96-91b06fb8,sample_set/26.04_release/8d0bb75b-798b-4966-be9f-c1d111bc266f/8d0bb75b-798b-4966-be9f-c1d111bc266f.usdz,2026-08-05 19:15:07,huggingface,26.04
74b29ff4-8632-450b-bc38-ff8b12937c1f,clipgt-8d19b573-7a89-4060-a281-e3f6fa111b2f,26.4.96-91b06fb8,sample_set/26.04_release/8d19b573-7a89-4060-a281-e3f6fa111b2f/8d19b573-7a89-4060-a281-e3f6fa111b2f.usdz,2026-08-05 19:15:07,huggingface,26.04
c786e64f-ea39-4c98-aff0-563e216f8174,clipgt-8d56c7ba-c404-4764-a7d1-b45e6bc2d952,26.4.96-91b06fb8,sample_set/26.04_release/8d56c7ba-c404-4764-a7d1-b45e6bc2d952/8d56c7ba-c404-4764-a7d1-b45e6bc2d952.usdz,2026-08-05 19:15:07,huggingface,26.04
23118166-cade-44d4-b9ba-8ed826b4fd43,clipgt-8d934ecf-1e4a-42ed-b66f-6e41c551880c,26.4.96-91b06fb8,sample_set/26.04_release/8d934ecf-1e4a-42ed-b66f-6e41c551880c/8d934ecf-1e4a-42ed-b66f-6e41c551880c.usdz,2026-08-05 19:15:07,huggingface,26.04
5d2c794e-75aa-4bb8-872f-9ed7cdf653e7,clipgt-8e2813f9-7e29-411d-b898-8432079b27b2,26.4.96-91b06fb8,sample_set/26.04_release/8e2813f9-7e29-411d-b898-8432079b27b2/8e2813f9-7e29-411d-b898-8432079b27b2.usdz,2026-08-05 19:15:07,huggingface,26.04
97164ec9-87cb-4138-aa16-b8779479282e,clipgt-8e6b7231-5d94-4c5a-82dc-6115482ed321,26.4.96-91b06fb8,sample_set/26.04_release/8e6b7231-5d94-4c5a-82dc-6115482ed321/8e6b7231-5d94-4c5a-82dc-6115482ed321.usdz,2026-08-05 19:15:07,huggingface,26.04
ca073cbb-f137-435d-9a7a-5ad3a5f4e597,clipgt-8eedc8ec-6e5e-42b8-8b7f-bd752bb45c9f,26.4.96-91b06fb8,sample_set/26.04_release/8eedc8ec-6e5e-42b8-8b7f-bd752bb45c9f/8eedc8ec-6e5e-42b8-8b7f-bd752bb45c9f.usdz,2026-08-05 19:15:07,huggingface,26.04
d7489036-3300-4401-be66-c64be5a7b5ad,clipgt-8f03f4db-6187-423c-807c-c5e0a1e62874,26.4.96-91b06fb8,sample_set/26.04_release/8f03f4db-6187-423c-807c-c5e0a1e62874/8f03f4db-6187-423c-807c-c5e0a1e62874.usdz,2026-08-05 19:15:07,huggingface,26.04
faaee9c2-570a-4a90-a35a-063b2747d4ca,clipgt-8f3902f9-864d-4acb-9907-9a6da8b242df,26.4.96-91b06fb8,sample_set/26.04_release/8f3902f9-864d-4acb-9907-9a6da8b242df/8f3902f9-864d-4acb-9907-9a6da8b242df.usdz,2026-08-05 19:15:07,huggingface,26.04
87bd0ef8-59a1-499c-a4e3-fbf6e9e58aef,clipgt-8f4d3ad8-de1c-4555-a3d6-5dff681f8808,26.4.96-91b06fb8,sample_set/26.04_release/8f4d3ad8-de1c-4555-a3d6-5dff681f8808/8f4d3ad8-de1c-4555-a3d6-5dff681f8808.usdz,2026-08-05 19:15:07,huggingface,26.04
5a81ffeb-a3ea-44ac-b9fc-ccf02dcc165a,clipgt-8f99811d-7b08-4360-b0ce-0c8ff69ecee3,26.4.96-91b06fb8,sample_set/26.04_release/8f99811d-7b08-4360-b0ce-0c8ff69ecee3/8f99811d-7b08-4360-b0ce-0c8ff69ecee3.usdz,2026-08-05 19:15:07,huggingface,26.04
2d02441f-ddd6-434c-bc0c-1dc0a212b23e,clipgt-8febcbb6-1ee4-4817-b94f-01af6d126371,26.4.96-91b06fb8,sample_set/26.04_release/8febcbb6-1ee4-4817-b94f-01af6d126371/8febcbb6-1ee4-4817-b94f-01af6d126371.usdz,2026-08-05 19:15:07,huggingface,26.04
9f9f3496-6312-4740-b401-566d0ab27df5,clipgt-901c2cff-f4a4-4f21-8ba2-f2f357be7bb8,26.4.96-91b06fb8,sample_set/26.04_release/901c2cff-f4a4-4f21-8ba2-f2f357be7bb8/901c2cff-f4a4-4f21-8ba2-f2f357be7bb8.usdz,2026-08-05 19:15:07,huggingface,26.04
2b52bcc9-306e-40dd-b8e2-d43c358cd88d,clipgt-904af7cf-d4ad-4ebc-867a-c77044eac8bb,26.4.96-91b06fb8,sample_set/26.04_release/904af7cf-d4ad-4ebc-867a-c77044eac8bb/904af7cf-d4ad-4ebc-867a-c77044eac8bb.usdz,2026-08-05 19:15:07,huggingface,26.04
7b436109-7524-4edb-95a4-128672ec5505,clipgt-9089f5d5-b231-4a77-89a4-98cfb4e3dd31,26.4.96-91b06fb8,sample_set/26.04_release/9089f5d5-b231-4a77-89a4-98cfb4e3dd31/9089f5d5-b231-4a77-89a4-98cfb4e3dd31.usdz,2026-08-05 19:15:07,huggingface,26.04
5905d0e0-ea2b-421d-9ca7-a43aaf1b8057,clipgt-909a2801-9af4-4c49-b33a-1329ae268a29,26.4.96-91b06fb8,sample_set/26.04_release/909a2801-9af4-4c49-b33a-1329ae268a29/909a2801-9af4-4c49-b33a-1329ae268a29.usdz,2026-08-05 19:15:07,huggingface,26.04
e86b352a-ee3e-4c58-b81c-664cc50c18fc,clipgt-909c53a3-746f-43ef-aa82-5f7853c23e6c,26.4.96-91b06fb8,sample_set/26.04_release/909c53a3-746f-43ef-aa82-5f7853c23e6c/909c53a3-746f-43ef-aa82-5f7853c23e6c.usdz,2026-08-05 19:15:07,huggingface,26.04
36b436f4-a646-44de-87e9-369e5d68c008,clipgt-90a3d349-81d7-420d-9846-aa10da55ac2e,26.4.96-91b06fb8,sample_set/26.04_release/90a3d349-81d7-420d-9846-aa10da55ac2e/90a3d349-81d7-420d-9846-aa10da55ac2e.usdz,2026-08-05 19:15:07,huggingface,26.04
da262a19-61e2-4acd-9caf-195f9e97029b,clipgt-90ab8c24-2d85-4e52-8a57-3554c418cef2,26.4.96-91b06fb8,sample_set/26.04_release/90ab8c24-2d85-4e52-8a57-3554c418cef2/90ab8c24-2d85-4e52-8a57-3554c418cef2.usdz,2026-08-05 19:15:07,huggingface,26.04
aed4cb23-cd62-4d4c-b153-442942ddf585,clipgt-90abccf6-0566-46a4-981e-f2a7005e3b67,26.4.96-91b06fb8,sample_set/26.04_release/90abccf6-0566-46a4-981e-f2a7005e3b67/90abccf6-0566-46a4-981e-f2a7005e3b67.usdz,2026-08-05 19:15:07,huggingface,26.04
b7c326f2-5d7d-4e89-8736-0cbf7afc0f76,clipgt-91194ec4-75de-4418-9e49-0d706d84c7a7,26.4.96-91b06fb8,sample_set/26.04_release/91194ec4-75de-4418-9e49-0d706d84c7a7/91194ec4-75de-4418-9e49-0d706d84c7a7.usdz,2026-08-05 19:15:07,huggingface,26.04
4785bb49-9b6a-454b-971c-acd113f5d603,clipgt-914f293b-1699-4bd9-8861-7e7a5327909b,26.4.96-91b06fb8,sample_set/26.04_release/914f293b-1699-4bd9-8861-7e7a5327909b/914f293b-1699-4bd9-8861-7e7a5327909b.usdz,2026-08-05 19:15:07,huggingface,26.04
35136df0-f491-42f1-806b-d336509d50ca,clipgt-91cf2c35-3b03-4dc5-bb55-ab5c722735b6,26.4.96-91b06fb8,sample_set/26.04_release/91cf2c35-3b03-4dc5-bb55-ab5c722735b6/91cf2c35-3b03-4dc5-bb55-ab5c722735b6.usdz,2026-08-05 19:15:07,huggingface,26.04
d0a745ce-8ebe-4db6-be2f-bcfbb6bcab4a,clipgt-91e67eb8-ec7d-464f-acb9-21cea525048d,26.4.96-91b06fb8,sample_set/26.04_release/91e67eb8-ec7d-464f-acb9-21cea525048d/91e67eb8-ec7d-464f-acb9-21cea525048d.usdz,2026-08-05 19:15:07,huggingface,26.04
d41942ed-9e9e-4ee1-98df-d8000e0f7ae1,clipgt-92163671-81b0-466b-8e85-5c931f8d78e3,26.4.96-91b06fb8,sample_set/26.04_release/92163671-81b0-466b-8e85-5c931f8d78e3/92163671-81b0-466b-8e85-5c931f8d78e3.usdz,2026-08-05 19:15:07,huggingface,26.04
dcd47156-0a67-4edf-b87c-ea0f617207f5,clipgt-92263c6a-d890-4b9e-a40d-c44d553ab8f0,26.4.96-91b06fb8,sample_set/26.04_release/92263c6a-d890-4b9e-a40d-c44d553ab8f0/92263c6a-d890-4b9e-a40d-c44d553ab8f0.usdz,2026-08-05 19:15:07,huggingface,26.04
f283abb9-6f49-4b67-a80d-6d9d9c0966c4,clipgt-923f1ddf-f5ea-4a50-bf13-505ca7d03b5a,26.4.96-91b06fb8,sample_set/26.04_release/923f1ddf-f5ea-4a50-bf13-505ca7d03b5a/923f1ddf-f5ea-4a50-bf13-505ca7d03b5a.usdz,2026-08-05 19:15:07,huggingface,26.04
3e1d90c9-9c0e-4a34-81da-9ca79e3a62fe,clipgt-92724945-2dff-46ef-9f2c-e7e1f2f1ac0c,26.4.96-91b06fb8,sample_set/26.04_release/92724945-2dff-46ef-9f2c-e7e1f2f1ac0c/92724945-2dff-46ef-9f2c-e7e1f2f1ac0c.usdz,2026-08-05 19:15:07,huggingface,26.04
857a14ef-5dbd-4f3d-b6e0-57ae819ef8bd,clipgt-9278fc49-b70f-4031-8fea-e0392435bc9c,26.4.96-91b06fb8,sample_set/26.04_release/9278fc49-b70f-4031-8fea-e0392435bc9c/9278fc49-b70f-4031-8fea-e0392435bc9c.usdz,2026-08-05 19:15:07,huggingface,26.04
fe2fd129-ae1f-4be2-be8e-4b74d85f6f90,clipgt-92d9c0eb-e191-420c-ad6c-df822ca186c1,26.4.96-91b06fb8,sample_set/26.04_release/92d9c0eb-e191-420c-ad6c-df822ca186c1/92d9c0eb-e191-420c-ad6c-df822ca186c1.usdz,2026-08-05 19:15:07,huggingface,26.04
b72a250b-efff-476a-bea2-f1bbc915eb66,clipgt-92e0d11d-184c-4614-881c-2325ba7bae5a,26.4.96-91b06fb8,sample_set/26.04_release/92e0d11d-184c-4614-881c-2325ba7bae5a/92e0d11d-184c-4614-881c-2325ba7bae5a.usdz,2026-08-05 19:15:07,huggingface,26.04
0bcceb25-ef0b-4367-baaa-1e510dd1439e,clipgt-930078c0-48c3-4eb0-a1f3-4c7e6aea5d72,26.4.96-91b06fb8,sample_set/26.04_release/930078c0-48c3-4eb0-a1f3-4c7e6aea5d72/930078c0-48c3-4eb0-a1f3-4c7e6aea5d72.usdz,2026-08-05 19:15:07,huggingface,26.04
83ca1869-cc41-409f-aa1e-e51f3aec8f22,clipgt-9334443e-028c-4421-9a9c-50314b262e2e,26.4.96-91b06fb8,sample_set/26.04_release/9334443e-028c-4421-9a9c-50314b262e2e/9334443e-028c-4421-9a9c-50314b262e2e.usdz,2026-08-05 19:15:07,huggingface,26.04
7ee823a5-ba72-4efa-8eee-d55cbbc772e1,clipgt-935b408b-5ea0-4852-80b7-2e32c0a21f17,26.4.96-91b06fb8,sample_set/26.04_release/935b408b-5ea0-4852-80b7-2e32c0a21f17/935b408b-5ea0-4852-80b7-2e32c0a21f17.usdz,2026-08-05 19:15:07,huggingface,26.04
9cf4a7df-e7e2-4af2-b5e4-eada12688887,clipgt-935b6f9d-7e5a-49bc-85a2-43066713aa36,26.4.96-91b06fb8,sample_set/26.04_release/935b6f9d-7e5a-49bc-85a2-43066713aa36/935b6f9d-7e5a-49bc-85a2-43066713aa36.usdz,2026-08-05 19:15:07,huggingface,26.04
e6ae0efc-e3cf-46ad-a678-cd4ebdc0105f,clipgt-938f2824-8ae8-48be-9e57-bcdcdf956915,26.4.96-91b06fb8,sample_set/26.04_release/938f2824-8ae8-48be-9e57-bcdcdf956915/938f2824-8ae8-48be-9e57-bcdcdf956915.usdz,2026-08-05 19:15:07,huggingface,26.04
1ff868bc-7b78-4c49-ab76-253e74c5f29d,clipgt-93c1a844-e550-44c1-b635-c440099f440a,26.4.96-91b06fb8,sample_set/26.04_release/93c1a844-e550-44c1-b635-c440099f440a/93c1a844-e550-44c1-b635-c440099f440a.usdz,2026-08-05 19:15:07,huggingface,26.04
0bab8f90-7ddc-409d-9f54-fdf8b593c0bf,clipgt-93f344e8-2249-4210-830c-812695106c84,26.4.96-91b06fb8,sample_set/26.04_release/93f344e8-2249-4210-830c-812695106c84/93f344e8-2249-4210-830c-812695106c84.usdz,2026-08-05 19:15:07,huggingface,26.04
568c881c-b7c1-4342-8e2c-ac399ee9b629,clipgt-941b5779-2925-4268-aa66-dc1d88d61e35,26.4.96-91b06fb8,sample_set/26.04_release/941b5779-2925-4268-aa66-dc1d88d61e35/941b5779-2925-4268-aa66-dc1d88d61e35.usdz,2026-08-05 19:15:07,huggingface,26.04
aa3c04a6-8ee1-40ec-89c7-7e3f450a5519,clipgt-947647e4-d9c9-4003-93e0-03a7008dcb6d,26.4.96-91b06fb8,sample_set/26.04_release/947647e4-d9c9-4003-93e0-03a7008dcb6d/947647e4-d9c9-4003-93e0-03a7008dcb6d.usdz,2026-08-05 19:15:07,huggingface,26.04
29c977e6-8144-4504-ade1-5d94b51843a1,clipgt-947a30cb-b492-4d13-b29c-b0c12c8314f8,26.4.96-91b06fb8,sample_set/26.04_release/947a30cb-b492-4d13-b29c-b0c12c8314f8/947a30cb-b492-4d13-b29c-b0c12c8314f8.usdz,2026-08-05 19:15:07,huggingface,26.04
e6fa3031-07d0-4596-bf83-e8b7816c7448,clipgt-94877a4a-cbf1-4353-ae4a-f4453def52cc,26.4.96-91b06fb8,sample_set/26.04_release/94877a4a-cbf1-4353-ae4a-f4453def52cc/94877a4a-cbf1-4353-ae4a-f4453def52cc.usdz,2026-08-05 19:15:07,huggingface,26.04
0523350f-4e13-4b41-a781-c94da24674b8,clipgt-9494a989-73d5-4dd0-972b-df0df55cc6a9,26.4.96-91b06fb8,sample_set/26.04_release/9494a989-73d5-4dd0-972b-df0df55cc6a9/9494a989-73d5-4dd0-972b-df0df55cc6a9.usdz,2026-08-05 19:15:07,huggingface,26.04
1eee0f3c-4d92-4afe-9b6c-ce9f0cb04147,clipgt-949f566d-d2e3-4585-befe-e40e68f48165,26.4.96-91b06fb8,sample_set/26.04_release/949f566d-d2e3-4585-befe-e40e68f48165/949f566d-d2e3-4585-befe-e40e68f48165.usdz,2026-08-05 19:15:07,huggingface,26.04
fc51df63-b28f-4355-a60c-80cd368ecf0a,clipgt-94c1d722-1fce-46b4-9aa9-c78389fae1ac,26.4.96-91b06fb8,sample_set/26.04_release/94c1d722-1fce-46b4-9aa9-c78389fae1ac/94c1d722-1fce-46b4-9aa9-c78389fae1ac.usdz,2026-08-05 19:15:07,huggingface,26.04
c177b60e-a49d-487c-87ba-281730c4accd,clipgt-95146c1c-c2f2-4171-aa10-968969f53444,26.4.96-91b06fb8,sample_set/26.04_release/95146c1c-c2f2-4171-aa10-968969f53444/95146c1c-c2f2-4171-aa10-968969f53444.usdz,2026-08-05 19:15:07,huggingface,26.04
d7395f1e-7402-42f5-809e-290ef93c9bad,clipgt-951ce3ff-104a-40de-9669-3a553409a25f,26.4.96-91b06fb8,sample_set/26.04_release/951ce3ff-104a-40de-9669-3a553409a25f/951ce3ff-104a-40de-9669-3a553409a25f.usdz,2026-08-05 19:15:07,huggingface,26.04
32c93c0d-edbc-4215-8f4b-f11653bdcd0f,clipgt-951fbca0-a83e-4a23-b1a0-8d0ffa3f0950,26.4.96-91b06fb8,sample_set/26.04_release/951fbca0-a83e-4a23-b1a0-8d0ffa3f0950/951fbca0-a83e-4a23-b1a0-8d0ffa3f0950.usdz,2026-08-05 19:15:07,huggingface,26.04
76d9d945-a074-4b1b-82d9-1f6bd161bd64,clipgt-95890206-1978-4fc3-a03d-bdb2bd1de1b7,26.4.96-91b06fb8,sample_set/26.04_release/95890206-1978-4fc3-a03d-bdb2bd1de1b7/95890206-1978-4fc3-a03d-bdb2bd1de1b7.usdz,2026-08-05 19:15:07,huggingface,26.04
94474f4a-1e26-4073-9202-c0dd5574e58c,clipgt-95a1ee7b-9b72-4417-8d46-ec58f235be5b,26.4.96-91b06fb8,sample_set/26.04_release/95a1ee7b-9b72-4417-8d46-ec58f235be5b/95a1ee7b-9b72-4417-8d46-ec58f235be5b.usdz,2026-08-05 19:15:07,huggingface,26.04
7e938c76-d06a-4fbe-98f9-ebd5e97b64ba,clipgt-95a8ccb7-cd00-4995-b2d9-83a8987b57d0,26.4.96-91b06fb8,sample_set/26.04_release/95a8ccb7-cd00-4995-b2d9-83a8987b57d0/95a8ccb7-cd00-4995-b2d9-83a8987b57d0.usdz,2026-08-05 19:15:07,huggingface,26.04
6dfe8ad8-cd06-46b3-a062-42c397fd2ae2,clipgt-95d3b1c9-efb1-4d12-9032-d1ed44243bd7,26.4.96-91b06fb8,sample_set/26.04_release/95d3b1c9-efb1-4d12-9032-d1ed44243bd7/95d3b1c9-efb1-4d12-9032-d1ed44243bd7.usdz,2026-08-05 19:15:07,huggingface,26.04
61b79295-60a0-454d-a931-8ef424d34da6,clipgt-964e7935-2947-4af8-9f97-4757b744d45c,26.4.96-91b06fb8,sample_set/26.04_release/964e7935-2947-4af8-9f97-4757b744d45c/964e7935-2947-4af8-9f97-4757b744d45c.usdz,2026-08-05 19:15:07,huggingface,26.04
08ed24c1-987f-4a86-b2f9-f319eb889fe5,clipgt-964ebe15-b21a-40a6-a448-ade66dca733d,26.4.96-91b06fb8,sample_set/26.04_release/964ebe15-b21a-40a6-a448-ade66dca733d/964ebe15-b21a-40a6-a448-ade66dca733d.usdz,2026-08-05 19:15:07,huggingface,26.04
107769cd-766d-49db-ba4a-87608d0a5d5b,clipgt-9672637c-139e-4b42-835d-7b0fed7c1abb,26.4.96-91b06fb8,sample_set/26.04_release/9672637c-139e-4b42-835d-7b0fed7c1abb/9672637c-139e-4b42-835d-7b0fed7c1abb.usdz,2026-08-05 19:15:07,huggingface,26.04
32d57b69-6844-40c8-b909-bd6915a78cbe,clipgt-969382f2-b629-4163-ac2d-9b51fefe137a,26.4.96-91b06fb8,sample_set/26.04_release/969382f2-b629-4163-ac2d-9b51fefe137a/969382f2-b629-4163-ac2d-9b51fefe137a.usdz,2026-08-05 19:15:07,huggingface,26.04
061b693b-f2c7-4501-936f-7b93f68ee30b,clipgt-969d0395-ef43-43eb-88b6-a7755fb26e51,26.4.96-91b06fb8,sample_set/26.04_release/969d0395-ef43-43eb-88b6-a7755fb26e51/969d0395-ef43-43eb-88b6-a7755fb26e51.usdz,2026-08-05 19:15:07,huggingface,26.04
a77b9157-7761-47ea-8308-a77d8aa2567b,clipgt-96b48610-3fcd-4fa8-8567-a52c0b5070a5,26.4.96-91b06fb8,sample_set/26.04_release/96b48610-3fcd-4fa8-8567-a52c0b5070a5/96b48610-3fcd-4fa8-8567-a52c0b5070a5.usdz,2026-08-05 19:15:07,huggingface,26.04
26f94669-e09e-4092-940c-bd43c44f53fc,clipgt-96cc7239-9216-4579-aa86-40f9f36280ea,26.4.96-91b06fb8,sample_set/26.04_release/96cc7239-9216-4579-aa86-40f9f36280ea/96cc7239-9216-4579-aa86-40f9f36280ea.usdz,2026-08-05 19:15:07,huggingface,26.04
6e062329-7c34-4e1f-98bc-68c63b82ac8e,clipgt-96d2e1d2-5a20-4c0a-8f31-b96ebf531bcd,26.4.96-91b06fb8,sample_set/26.04_release/96d2e1d2-5a20-4c0a-8f31-b96ebf531bcd/96d2e1d2-5a20-4c0a-8f31-b96ebf531bcd.usdz,2026-08-05 19:15:07,huggingface,26.04
c9aaf5c9-d213-443b-906e-8a6529717027,clipgt-96da4f1a-2057-4263-94e9-9e5112c89737,26.4.96-91b06fb8,sample_set/26.04_release/96da4f1a-2057-4263-94e9-9e5112c89737/96da4f1a-2057-4263-94e9-9e5112c89737.usdz,2026-08-05 19:15:07,huggingface,26.04
cfd93b96-88f4-4061-9fbf-33181499b306,clipgt-9702e788-a40e-4c15-a465-af59f7f43c49,26.4.96-91b06fb8,sample_set/26.04_release/9702e788-a40e-4c15-a465-af59f7f43c49/9702e788-a40e-4c15-a465-af59f7f43c49.usdz,2026-08-05 19:15:07,huggingface,26.04
4529128f-4942-492a-9500-96fb0ac0b2c6,clipgt-97090ae7-8f69-4900-a082-96ab962c5e78,26.4.96-91b06fb8,sample_set/26.04_release/97090ae7-8f69-4900-a082-96ab962c5e78/97090ae7-8f69-4900-a082-96ab962c5e78.usdz,2026-08-05 19:15:07,huggingface,26.04
d9172275-47f2-4e63-ac30-af71c860cc21,clipgt-974e9bae-07f6-4f9c-aef8-66098cc50619,26.4.96-91b06fb8,sample_set/26.04_release/974e9bae-07f6-4f9c-aef8-66098cc50619/974e9bae-07f6-4f9c-aef8-66098cc50619.usdz,2026-08-05 19:15:07,huggingface,26.04
f1bf3309-3ea7-4aa8-9537-e636df311f4a,clipgt-976ac5a3-0d48-4c73-bc12-d891c8a9543c,26.4.96-91b06fb8,sample_set/26.04_release/976ac5a3-0d48-4c73-bc12-d891c8a9543c/976ac5a3-0d48-4c73-bc12-d891c8a9543c.usdz,2026-08-05 19:15:07,huggingface,26.04
9c86dec5-3828-4d36-8c44-8cf4f3f22be6,clipgt-97d6b1d4-2d03-423e-b423-78c0139baa9a,26.4.96-91b06fb8,sample_set/26.04_release/97d6b1d4-2d03-423e-b423-78c0139baa9a/97d6b1d4-2d03-423e-b423-78c0139baa9a.usdz,2026-08-05 19:15:07,huggingface,26.04
d38fe7ee-2994-4de9-a57c-2fd64036a016,clipgt-97eeb9d7-866d-46bf-bc37-134191c34818,26.4.96-91b06fb8,sample_set/26.04_release/97eeb9d7-866d-46bf-bc37-134191c34818/97eeb9d7-866d-46bf-bc37-134191c34818.usdz,2026-08-05 19:15:07,huggingface,26.04
24609228-2a67-4f57-8814-e30612b5a77b,clipgt-98027855-ae64-4e26-8cb6-086d97c4586a,26.4.96-91b06fb8,sample_set/26.04_release/98027855-ae64-4e26-8cb6-086d97c4586a/98027855-ae64-4e26-8cb6-086d97c4586a.usdz,2026-08-05 19:15:07,huggingface,26.04
15d98d8b-6059-4124-aee1-fb27c959756e,clipgt-9831c20f-aebd-4e28-a701-08cbb5e3a86f,26.4.96-91b06fb8,sample_set/26.04_release/9831c20f-aebd-4e28-a701-08cbb5e3a86f/9831c20f-aebd-4e28-a701-08cbb5e3a86f.usdz,2026-08-05 19:15:07,huggingface,26.04
ed1dc919-64be-441e-bd9a-e9b259997b45,clipgt-98694f91-f6a4-44f3-aa7c-3095c91e4a78,26.4.96-91b06fb8,sample_set/26.04_release/98694f91-f6a4-44f3-aa7c-3095c91e4a78/98694f91-f6a4-44f3-aa7c-3095c91e4a78.usdz,2026-08-05 19:15:07,huggingface,26.04
886438f8-fc13-4349-a752-b29990ea9daa,clipgt-9881e5b9-5821-44fd-a056-bea86c853675,26.4.96-91b06fb8,sample_set/26.04_release/9881e5b9-5821-44fd-a056-bea86c853675/9881e5b9-5821-44fd-a056-bea86c853675.usdz,2026-08-05 19:15:07,huggingface,26.04
a32eb387-cf83-4d5b-acc7-e7476a9cecce,clipgt-9895e012-2112-40dd-8d1f-cb86e70b6431,26.4.96-91b06fb8,sample_set/26.04_release/9895e012-2112-40dd-8d1f-cb86e70b6431/9895e012-2112-40dd-8d1f-cb86e70b6431.usdz,2026-08-05 19:15:07,huggingface,26.04
f50f0084-1e39-417e-a80b-62beca16e8ab,clipgt-98e32565-2938-41f5-9edf-61806c42e79e,26.4.96-91b06fb8,sample_set/26.04_release/98e32565-2938-41f5-9edf-61806c42e79e/98e32565-2938-41f5-9edf-61806c42e79e.usdz,2026-08-05 19:15:07,huggingface,26.04
aba79dc7-c431-4246-80c9-2439474db91f,clipgt-98f13b37-9245-484b-8297-31cb16112450,26.4.96-91b06fb8,sample_set/26.04_release/98f13b37-9245-484b-8297-31cb16112450/98f13b37-9245-484b-8297-31cb16112450.usdz,2026-08-05 19:15:07,huggingface,26.04
3a282580-b5ab-4074-84c2-a949d434d2b9,clipgt-98f88a4e-6b92-4f69-9ef8-58641f5c9e1f,26.4.96-91b06fb8,sample_set/26.04_release/98f88a4e-6b92-4f69-9ef8-58641f5c9e1f/98f88a4e-6b92-4f69-9ef8-58641f5c9e1f.usdz,2026-08-05 19:15:07,huggingface,26.04
acbeac24-723c-4c95-a1ec-28ddde84c61d,clipgt-9939eaf7-0f35-4ced-9127-80ea850d8e51,26.4.96-91b06fb8,sample_set/26.04_release/9939eaf7-0f35-4ced-9127-80ea850d8e51/9939eaf7-0f35-4ced-9127-80ea850d8e51.usdz,2026-08-05 19:15:07,huggingface,26.04
4b012596-a253-486f-a581-ccf87b00c0e6,clipgt-99bfc2be-2618-4d5f-bb70-d7604d9b2541,26.4.96-91b06fb8,sample_set/26.04_release/99bfc2be-2618-4d5f-bb70-d7604d9b2541/99bfc2be-2618-4d5f-bb70-d7604d9b2541.usdz,2026-08-05 19:15:07,huggingface,26.04
bac8c139-1b0c-469c-bd67-a6eab51cd417,clipgt-9a7b083a-e653-4383-ae19-458cb6ae93b1,26.4.96-91b06fb8,sample_set/26.04_release/9a7b083a-e653-4383-ae19-458cb6ae93b1/9a7b083a-e653-4383-ae19-458cb6ae93b1.usdz,2026-08-05 19:15:07,huggingface,26.04
3e78ecd6-63d9-476d-9a90-109ba74a1592,clipgt-9acbf328-9563-4513-8aaa-ba7fef755a91,26.4.96-91b06fb8,sample_set/26.04_release/9acbf328-9563-4513-8aaa-ba7fef755a91/9acbf328-9563-4513-8aaa-ba7fef755a91.usdz,2026-08-05 19:15:07,huggingface,26.04
acdc8581-5657-4752-809b-7312ca0e7b83,clipgt-9b21431c-c5e1-47db-ac43-be07c952ae31,26.4.96-91b06fb8,sample_set/26.04_release/9b21431c-c5e1-47db-ac43-be07c952ae31/9b21431c-c5e1-47db-ac43-be07c952ae31.usdz,2026-08-05 19:15:07,huggingface,26.04
16168287-7244-4a4e-8aa7-2f54e23d2ed7,clipgt-9b2b3274-205a-482b-9bf7-38b1534c5941,26.4.96-91b06fb8,sample_set/26.04_release/9b2b3274-205a-482b-9bf7-38b1534c5941/9b2b3274-205a-482b-9bf7-38b1534c5941.usdz,2026-08-05 19:15:07,huggingface,26.04
7294f20f-6324-4fa0-9df1-b85ce08cb0c4,clipgt-9b2cd23f-efec-4db8-b96c-3ed972c6cdae,26.4.96-91b06fb8,sample_set/26.04_release/9b2cd23f-efec-4db8-b96c-3ed972c6cdae/9b2cd23f-efec-4db8-b96c-3ed972c6cdae.usdz,2026-08-05 19:15:07,huggingface,26.04
d3b09aeb-b1a1-4a69-b37a-72166102a29a,clipgt-9b2e1da8-a1a1-4a15-90df-a2c0eb2f3fea,26.4.96-91b06fb8,sample_set/26.04_release/9b2e1da8-a1a1-4a15-90df-a2c0eb2f3fea/9b2e1da8-a1a1-4a15-90df-a2c0eb2f3fea.usdz,2026-08-05 19:15:07,huggingface,26.04
5c9652c6-97dd-4bf3-9fa8-f4919831eb9b,clipgt-9b4cdc78-ec1f-4dc9-9dc4-0ca16abe3bf0,26.4.96-91b06fb8,sample_set/26.04_release/9b4cdc78-ec1f-4dc9-9dc4-0ca16abe3bf0/9b4cdc78-ec1f-4dc9-9dc4-0ca16abe3bf0.usdz,2026-08-05 19:15:07,huggingface,26.04
ef9b52d3-5741-45c0-be97-f8106f94f7d8,clipgt-9b5b5718-8797-448a-9c28-8e380071ec1d,26.4.96-91b06fb8,sample_set/26.04_release/9b5b5718-8797-448a-9c28-8e380071ec1d/9b5b5718-8797-448a-9c28-8e380071ec1d.usdz,2026-08-05 19:15:07,huggingface,26.04
6a920f27-c578-4d4b-8281-1f3539eeeed3,clipgt-9b6c68b4-1f13-46ec-a2cd-5023a8e9341d,26.4.96-91b06fb8,sample_set/26.04_release/9b6c68b4-1f13-46ec-a2cd-5023a8e9341d/9b6c68b4-1f13-46ec-a2cd-5023a8e9341d.usdz,2026-08-05 19:15:07,huggingface,26.04
bdb2fe1f-f92a-4841-b5cf-865d1cfbd277,clipgt-9b778a6b-5ddd-422b-8003-6563bfcc2e06,26.4.96-91b06fb8,sample_set/26.04_release/9b778a6b-5ddd-422b-8003-6563bfcc2e06/9b778a6b-5ddd-422b-8003-6563bfcc2e06.usdz,2026-08-05 19:15:07,huggingface,26.04
64d4866b-1f27-4a45-bfa9-20f8a14793ab,clipgt-9b7ea42a-144c-4ff8-8e31-85e554877bee,26.4.96-91b06fb8,sample_set/26.04_release/9b7ea42a-144c-4ff8-8e31-85e554877bee/9b7ea42a-144c-4ff8-8e31-85e554877bee.usdz,2026-08-05 19:15:07,huggingface,26.04
eadb9092-0e0f-4824-9730-536b92af0fd8,clipgt-9bab530f-065f-48a5-9e8d-0ef420818c02,26.4.96-91b06fb8,sample_set/26.04_release/9bab530f-065f-48a5-9e8d-0ef420818c02/9bab530f-065f-48a5-9e8d-0ef420818c02.usdz,2026-08-05 19:15:07,huggingface,26.04
503055f4-13a3-415f-b78f-7c6e9b14a35c,clipgt-9c0a8e69-14cd-4a15-b04f-dea1c583a27b,26.4.96-91b06fb8,sample_set/26.04_release/9c0a8e69-14cd-4a15-b04f-dea1c583a27b/9c0a8e69-14cd-4a15-b04f-dea1c583a27b.usdz,2026-08-05 19:15:07,huggingface,26.04
6493734c-63fd-401a-a872-26e3261fdc24,clipgt-9c0be6c6-3ee6-4a1d-9ce4-ae184286f8d3,26.4.96-91b06fb8,sample_set/26.04_release/9c0be6c6-3ee6-4a1d-9ce4-ae184286f8d3/9c0be6c6-3ee6-4a1d-9ce4-ae184286f8d3.usdz,2026-08-05 19:15:07,huggingface,26.04
b587a977-caf7-4dde-b111-dc3bcea347e4,clipgt-9c351bef-84b8-4a7f-bad8-9df0f50d0ded,26.4.96-91b06fb8,sample_set/26.04_release/9c351bef-84b8-4a7f-bad8-9df0f50d0ded/9c351bef-84b8-4a7f-bad8-9df0f50d0ded.usdz,2026-08-05 19:15:07,huggingface,26.04
a26882c1-5aef-476d-82b3-e514354a4f59,clipgt-9c628a6c-1e33-4b49-9bad-493dd8142946,26.4.96-91b06fb8,sample_set/26.04_release/9c628a6c-1e33-4b49-9bad-493dd8142946/9c628a6c-1e33-4b49-9bad-493dd8142946.usdz,2026-08-05 19:15:07,huggingface,26.04
2d5be4c7-f2fa-4b74-a7cb-c93ba9a17cb0,clipgt-9c89f9c9-839f-4a46-b36f-7073550df392,26.4.96-91b06fb8,sample_set/26.04_release/9c89f9c9-839f-4a46-b36f-7073550df392/9c89f9c9-839f-4a46-b36f-7073550df392.usdz,2026-08-05 19:15:07,huggingface,26.04
01c9564c-ab31-4f14-9ee0-004b93ca3ab1,clipgt-9c8e6289-e412-4457-849f-0890a6e1f64f,26.4.96-91b06fb8,sample_set/26.04_release/9c8e6289-e412-4457-849f-0890a6e1f64f/9c8e6289-e412-4457-849f-0890a6e1f64f.usdz,2026-08-05 19:15:07,huggingface,26.04
eb240d06-b3fc-482f-b44e-ec0096d7d9c5,clipgt-9cc6945c-0aaf-4727-9ff1-ff44896b2012,26.4.96-91b06fb8,sample_set/26.04_release/9cc6945c-0aaf-4727-9ff1-ff44896b2012/9cc6945c-0aaf-4727-9ff1-ff44896b2012.usdz,2026-08-05 19:15:07,huggingface,26.04
5aae0d5c-b6db-4b27-8e1b-ef1bde3eb2e5,clipgt-9d1339da-d069-4ee8-a854-d3abaef1fe8b,26.4.96-91b06fb8,sample_set/26.04_release/9d1339da-d069-4ee8-a854-d3abaef1fe8b/9d1339da-d069-4ee8-a854-d3abaef1fe8b.usdz,2026-08-05 19:15:07,huggingface,26.04
27b4d9c2-d1a9-4ce8-b8b6-1fb9643c1b8e,clipgt-9d195516-197b-4850-93ca-b9a35f8ae3d5,26.4.96-91b06fb8,sample_set/26.04_release/9d195516-197b-4850-93ca-b9a35f8ae3d5/9d195516-197b-4850-93ca-b9a35f8ae3d5.usdz,2026-08-05 19:15:07,huggingface,26.04
887280c1-1592-4165-a792-95eb58d2d822,clipgt-9d45080a-b929-4d2a-92ab-75069958233d,26.4.96-91b06fb8,sample_set/26.04_release/9d45080a-b929-4d2a-92ab-75069958233d/9d45080a-b929-4d2a-92ab-75069958233d.usdz,2026-08-05 19:15:07,huggingface,26.04
a7d81eba-ae02-450f-8dc2-4cd24826b9d9,clipgt-9d453fb9-0c3c-4766-afba-0b16d01b9817,26.4.96-91b06fb8,sample_set/26.04_release/9d453fb9-0c3c-4766-afba-0b16d01b9817/9d453fb9-0c3c-4766-afba-0b16d01b9817.usdz,2026-08-05 19:15:07,huggingface,26.04
3ac3dab6-6097-4584-bfec-8007cad71383,clipgt-9d702a4b-aad2-4f18-a643-8bcd6a0b82cc,26.4.96-91b06fb8,sample_set/26.04_release/9d702a4b-aad2-4f18-a643-8bcd6a0b82cc/9d702a4b-aad2-4f18-a643-8bcd6a0b82cc.usdz,2026-08-05 19:15:07,huggingface,26.04
27ddd231-0796-47a8-bb5b-137e64eb128b,clipgt-9d735456-670a-4837-b733-d80f1cd576d8,26.4.96-91b06fb8,sample_set/26.04_release/9d735456-670a-4837-b733-d80f1cd576d8/9d735456-670a-4837-b733-d80f1cd576d8.usdz,2026-08-05 19:15:07,huggingface,26.04
6ee00eeb-9845-4476-91cc-4a08e7a92482,clipgt-9d73b364-2e13-4df8-9c27-d56670b9b39d,26.4.96-91b06fb8,sample_set/26.04_release/9d73b364-2e13-4df8-9c27-d56670b9b39d/9d73b364-2e13-4df8-9c27-d56670b9b39d.usdz,2026-08-05 19:15:07,huggingface,26.04
acba281c-38d7-4d6c-8c1d-3e0e907914a3,clipgt-9d9052bd-2579-477a-89ba-822a1438905d,26.4.96-91b06fb8,sample_set/26.04_release/9d9052bd-2579-477a-89ba-822a1438905d/9d9052bd-2579-477a-89ba-822a1438905d.usdz,2026-08-05 19:15:07,huggingface,26.04
a7ab8143-5aed-473c-8fb1-e75d4fecfeff,clipgt-9d9e7f39-0435-41ad-bd7e-6a672119183c,26.4.96-91b06fb8,sample_set/26.04_release/9d9e7f39-0435-41ad-bd7e-6a672119183c/9d9e7f39-0435-41ad-bd7e-6a672119183c.usdz,2026-08-05 19:15:07,huggingface,26.04
e9becc97-7f22-4a89-bab9-da3f5484b9a3,clipgt-9db2b224-d015-45e5-9e26-c1bdcff08c7f,26.4.96-91b06fb8,sample_set/26.04_release/9db2b224-d015-45e5-9e26-c1bdcff08c7f/9db2b224-d015-45e5-9e26-c1bdcff08c7f.usdz,2026-08-05 19:15:07,huggingface,26.04
9df4c8ee-7fe8-4bf3-98bd-e12a699668e9,clipgt-9dd86799-a27c-46aa-9cb2-73161dcd0415,26.4.96-91b06fb8,sample_set/26.04_release/9dd86799-a27c-46aa-9cb2-73161dcd0415/9dd86799-a27c-46aa-9cb2-73161dcd0415.usdz,2026-08-05 19:15:07,huggingface,26.04
8a081543-51ea-4e47-99c9-f66eb4ebf2a6,clipgt-9df269fd-2627-44a4-8736-4334f8b0688f,26.4.96-91b06fb8,sample_set/26.04_release/9df269fd-2627-44a4-8736-4334f8b0688f/9df269fd-2627-44a4-8736-4334f8b0688f.usdz,2026-08-05 19:15:07,huggingface,26.04
037f488d-9da5-4003-8b0d-129ba58eb9ef,clipgt-9e1baa2e-0fb8-47c9-975b-c584dc9af9aa,26.4.96-91b06fb8,sample_set/26.04_release/9e1baa2e-0fb8-47c9-975b-c584dc9af9aa/9e1baa2e-0fb8-47c9-975b-c584dc9af9aa.usdz,2026-08-05 19:15:07,huggingface,26.04
3aad26ba-7acc-414b-9def-2ae3ef90439d,clipgt-9e792fc4-4d90-44d5-87a2-6dcd3aad4ac2,26.4.96-91b06fb8,sample_set/26.04_release/9e792fc4-4d90-44d5-87a2-6dcd3aad4ac2/9e792fc4-4d90-44d5-87a2-6dcd3aad4ac2.usdz,2026-08-05 19:15:07,huggingface,26.04
f51d72ee-7062-4594-a8b8-5d31cb7b9913,clipgt-9efa4ece-5030-42a5-9da0-1ff3d1c6ae93,26.4.96-91b06fb8,sample_set/26.04_release/9efa4ece-5030-42a5-9da0-1ff3d1c6ae93/9efa4ece-5030-42a5-9da0-1ff3d1c6ae93.usdz,2026-08-05 19:15:07,huggingface,26.04
00441730-70c7-47f8-a42d-1b40568732a7,clipgt-9f393c8a-4e24-4b04-b98a-099a28bde89a,26.4.96-91b06fb8,sample_set/26.04_release/9f393c8a-4e24-4b04-b98a-099a28bde89a/9f393c8a-4e24-4b04-b98a-099a28bde89a.usdz,2026-08-05 19:15:07,huggingface,26.04
8b01c22e-357b-4b3b-9394-90db27163a92,clipgt-9f925aad-732f-43aa-9dda-f1e5d095bb5a,26.4.96-91b06fb8,sample_set/26.04_release/9f925aad-732f-43aa-9dda-f1e5d095bb5a/9f925aad-732f-43aa-9dda-f1e5d095bb5a.usdz,2026-08-05 19:15:07,huggingface,26.04
bdc324f6-633d-4ffb-9e86-1802fd2a3a74,clipgt-9ff17e92-8625-4e70-8d82-679d461f2ebe,26.4.96-91b06fb8,sample_set/26.04_release/9ff17e92-8625-4e70-8d82-679d461f2ebe/9ff17e92-8625-4e70-8d82-679d461f2ebe.usdz,2026-08-05 19:15:07,huggingface,26.04
6d2fc4b8-1b63-4d4d-9b1b-e94273e15647,clipgt-a0015a41-513b-4f58-9e41-df7159bb1d42,26.4.96-91b06fb8,sample_set/26.04_release/a0015a41-513b-4f58-9e41-df7159bb1d42/a0015a41-513b-4f58-9e41-df7159bb1d42.usdz,2026-08-05 19:15:07,huggingface,26.04
0b1c32ca-8c2a-4c35-bcbe-d892f3005568,clipgt-a0181ffc-9d08-4b72-8fda-4f1bf1287348,26.4.96-91b06fb8,sample_set/26.04_release/a0181ffc-9d08-4b72-8fda-4f1bf1287348/a0181ffc-9d08-4b72-8fda-4f1bf1287348.usdz,2026-08-05 19:15:07,huggingface,26.04
0f4f0c53-9017-4149-8110-9e8ed666a002,clipgt-a032b66e-a00d-439f-9b49-cd88ecdebba9,26.4.96-91b06fb8,sample_set/26.04_release/a032b66e-a00d-439f-9b49-cd88ecdebba9/a032b66e-a00d-439f-9b49-cd88ecdebba9.usdz,2026-08-05 19:15:07,huggingface,26.04
db8408ab-6fc7-4e83-9f56-af3fb5e1e059,clipgt-a07e81de-291b-4c47-bab8-7216e1e2d348,26.4.96-91b06fb8,sample_set/26.04_release/a07e81de-291b-4c47-bab8-7216e1e2d348/a07e81de-291b-4c47-bab8-7216e1e2d348.usdz,2026-08-05 19:15:07,huggingface,26.04
68ac7c49-bc8a-451e-bf27-1c222e7f3dcd,clipgt-a087953d-72d7-446e-bf4f-d08482d400e8,26.4.96-91b06fb8,sample_set/26.04_release/a087953d-72d7-446e-bf4f-d08482d400e8/a087953d-72d7-446e-bf4f-d08482d400e8.usdz,2026-08-05 19:15:07,huggingface,26.04
84dae444-bb94-4c56-be28-62a0f6f0b1e7,clipgt-a0b1e612-aae9-4b91-8687-bf337c892b2e,26.4.96-91b06fb8,sample_set/26.04_release/a0b1e612-aae9-4b91-8687-bf337c892b2e/a0b1e612-aae9-4b91-8687-bf337c892b2e.usdz,2026-08-05 19:15:07,huggingface,26.04
44c76429-d9d8-45a4-a907-48b62a00e0a1,clipgt-a0c831e6-5275-4a8a-bd67-9e0d59de52e8,26.4.96-91b06fb8,sample_set/26.04_release/a0c831e6-5275-4a8a-bd67-9e0d59de52e8/a0c831e6-5275-4a8a-bd67-9e0d59de52e8.usdz,2026-08-05 19:15:07,huggingface,26.04
f9368708-45a4-47a3-a0d2-b797336b3716,clipgt-a0fe28cf-db26-4902-bf9c-fc2390bfe0cc,26.4.96-91b06fb8,sample_set/26.04_release/a0fe28cf-db26-4902-bf9c-fc2390bfe0cc/a0fe28cf-db26-4902-bf9c-fc2390bfe0cc.usdz,2026-08-05 19:15:07,huggingface,26.04
927b9744-469a-4947-b788-c34d2ca95c71,clipgt-a15f9634-e61b-4627-98e1-541a3163149b,26.4.96-91b06fb8,sample_set/26.04_release/a15f9634-e61b-4627-98e1-541a3163149b/a15f9634-e61b-4627-98e1-541a3163149b.usdz,2026-08-05 19:15:07,huggingface,26.04
57b266e1-da8a-4dce-a524-56a426373d88,clipgt-a16714a3-e4b1-4ce8-bc65-2bd6353aad15,26.4.96-91b06fb8,sample_set/26.04_release/a16714a3-e4b1-4ce8-bc65-2bd6353aad15/a16714a3-e4b1-4ce8-bc65-2bd6353aad15.usdz,2026-08-05 19:15:07,huggingface,26.04
4b03ad7e-7134-4b84-9d35-bed1ec0739f9,clipgt-a1b166cc-b0a6-491b-98eb-2880a57e8677,26.4.96-91b06fb8,sample_set/26.04_release/a1b166cc-b0a6-491b-98eb-2880a57e8677/a1b166cc-b0a6-491b-98eb-2880a57e8677.usdz,2026-08-05 19:15:07,huggingface,26.04
da92b23a-00b4-451d-91a3-dfe9fbc1dfe6,clipgt-a1f07c94-7556-4041-9d0c-da629a219ebd,26.4.96-91b06fb8,sample_set/26.04_release/a1f07c94-7556-4041-9d0c-da629a219ebd/a1f07c94-7556-4041-9d0c-da629a219ebd.usdz,2026-08-05 19:15:07,huggingface,26.04
5f566615-2b74-418a-9d9b-0d83fe0d2240,clipgt-a24add65-e60d-47ef-9106-82407fb5e85f,26.4.96-91b06fb8,sample_set/26.04_release/a24add65-e60d-47ef-9106-82407fb5e85f/a24add65-e60d-47ef-9106-82407fb5e85f.usdz,2026-08-05 19:15:07,huggingface,26.04
af363e41-9be2-4478-9753-57de762954a2,clipgt-a25cb6a9-0f4d-4a91-98fb-cf855c5fea78,26.4.96-91b06fb8,sample_set/26.04_release/a25cb6a9-0f4d-4a91-98fb-cf855c5fea78/a25cb6a9-0f4d-4a91-98fb-cf855c5fea78.usdz,2026-08-05 19:15:07,huggingface,26.04
3e93fe63-03fa-4700-a650-3f64504aa2e1,clipgt-a28b6685-a2c7-4c9a-a257-3d992516a2f7,26.4.96-91b06fb8,sample_set/26.04_release/a28b6685-a2c7-4c9a-a257-3d992516a2f7/a28b6685-a2c7-4c9a-a257-3d992516a2f7.usdz,2026-08-05 19:15:07,huggingface,26.04
173af225-ff6b-4e44-8e1f-132db5ab1b1a,clipgt-a299c641-3565-4092-a554-f0f4e977d138,26.4.96-91b06fb8,sample_set/26.04_release/a299c641-3565-4092-a554-f0f4e977d138/a299c641-3565-4092-a554-f0f4e977d138.usdz,2026-08-05 19:15:07,huggingface,26.04
4d32ae24-2113-4e4e-a5f7-1097c0f35e1b,clipgt-a2a4322c-3f99-40c3-94df-17a67f56f55d,26.4.96-91b06fb8,sample_set/26.04_release/a2a4322c-3f99-40c3-94df-17a67f56f55d/a2a4322c-3f99-40c3-94df-17a67f56f55d.usdz,2026-08-05 19:15:07,huggingface,26.04
213a9ea9-2d3b-4883-996c-66a976e5acd9,clipgt-a2ac807f-45bc-4599-b745-512b9adb0738,26.4.96-91b06fb8,sample_set/26.04_release/a2ac807f-45bc-4599-b745-512b9adb0738/a2ac807f-45bc-4599-b745-512b9adb0738.usdz,2026-08-05 19:15:07,huggingface,26.04
05c1a117-3f37-4c5f-9278-7f0bc70ee5f6,clipgt-a2bd8a78-0011-4790-9981-cb48bceb3896,26.4.96-91b06fb8,sample_set/26.04_release/a2bd8a78-0011-4790-9981-cb48bceb3896/a2bd8a78-0011-4790-9981-cb48bceb3896.usdz,2026-08-05 19:15:07,huggingface,26.04
9f7fc82e-96b4-4538-99bd-387aaa1ee677,clipgt-a2e53d87-630e-4834-914b-518d3225739d,26.4.96-91b06fb8,sample_set/26.04_release/a2e53d87-630e-4834-914b-518d3225739d/a2e53d87-630e-4834-914b-518d3225739d.usdz,2026-08-05 19:15:07,huggingface,26.04
65ce7ece-34f6-4583-8cf9-ec370db58c7b,clipgt-a336ffaf-379a-42ba-b997-9eb030c36d54,26.4.96-91b06fb8,sample_set/26.04_release/a336ffaf-379a-42ba-b997-9eb030c36d54/a336ffaf-379a-42ba-b997-9eb030c36d54.usdz,2026-08-05 19:15:07,huggingface,26.04
17d249c2-6576-4277-91c5-fa5ffad23189,clipgt-a3460ce6-c37f-4f98-8026-faefb0c601f1,26.4.96-91b06fb8,sample_set/26.04_release/a3460ce6-c37f-4f98-8026-faefb0c601f1/a3460ce6-c37f-4f98-8026-faefb0c601f1.usdz,2026-08-05 19:15:07,huggingface,26.04
6b7ca296-0af1-49de-b20d-b611db07c622,clipgt-a38826b1-7911-4b39-a787-b48a3c938b8f,26.4.96-91b06fb8,sample_set/26.04_release/a38826b1-7911-4b39-a787-b48a3c938b8f/a38826b1-7911-4b39-a787-b48a3c938b8f.usdz,2026-08-05 19:15:07,huggingface,26.04
3ddb6674-3a6f-41d2-8851-728fd3a67e7c,clipgt-a3b28967-5a05-4728-a7ac-f4efca1b9107,26.4.96-91b06fb8,sample_set/26.04_release/a3b28967-5a05-4728-a7ac-f4efca1b9107/a3b28967-5a05-4728-a7ac-f4efca1b9107.usdz,2026-08-05 19:15:07,huggingface,26.04
09a86831-0ced-439f-b251-d3b2c3df71a0,clipgt-a410c7cf-0f5f-4e9a-9372-193a0cadb8de,26.4.96-91b06fb8,sample_set/26.04_release/a410c7cf-0f5f-4e9a-9372-193a0cadb8de/a410c7cf-0f5f-4e9a-9372-193a0cadb8de.usdz,2026-08-05 19:15:07,huggingface,26.04
1f186a1c-52cd-402a-a377-31b714646f99,clipgt-a4353805-c218-4869-a9a0-94e79af556f2,26.4.96-91b06fb8,sample_set/26.04_release/a4353805-c218-4869-a9a0-94e79af556f2/a4353805-c218-4869-a9a0-94e79af556f2.usdz,2026-08-05 19:15:07,huggingface,26.04
0d4af8ed-6d81-4db4-9e53-468a5060b665,clipgt-a44b8ce3-a3d0-4230-bc4b-e5efc85197ae,26.4.96-91b06fb8,sample_set/26.04_release/a44b8ce3-a3d0-4230-bc4b-e5efc85197ae/a44b8ce3-a3d0-4230-bc4b-e5efc85197ae.usdz,2026-08-05 19:15:07,huggingface,26.04
864ec74e-fbe5-4f8c-9129-abfcaf28e595,clipgt-a45776a3-df71-4dc5-accb-8f06135329bb,26.4.96-91b06fb8,sample_set/26.04_release/a45776a3-df71-4dc5-accb-8f06135329bb/a45776a3-df71-4dc5-accb-8f06135329bb.usdz,2026-08-05 19:15:07,huggingface,26.04
439c41f5-f680-4614-986f-25647d7ee45a,clipgt-a4be61d6-099b-4380-8c32-ad176781b288,26.4.96-91b06fb8,sample_set/26.04_release/a4be61d6-099b-4380-8c32-ad176781b288/a4be61d6-099b-4380-8c32-ad176781b288.usdz,2026-08-05 19:15:07,huggingface,26.04
498ae85e-45cd-46ff-9eb3-28eb483eb773,clipgt-a4d2f7cf-b7cd-4494-8d79-58ad90f1c66d,26.4.96-91b06fb8,sample_set/26.04_release/a4d2f7cf-b7cd-4494-8d79-58ad90f1c66d/a4d2f7cf-b7cd-4494-8d79-58ad90f1c66d.usdz,2026-08-05 19:15:07,huggingface,26.04
d045c5d1-87c1-4a99-878b-60ec9b820296,clipgt-a537c54d-c2d0-41d7-8a39-d22ed0444e26,26.4.96-91b06fb8,sample_set/26.04_release/a537c54d-c2d0-41d7-8a39-d22ed0444e26/a537c54d-c2d0-41d7-8a39-d22ed0444e26.usdz,2026-08-05 19:15:07,huggingface,26.04
c2e8ca2e-b749-442d-8006-2807858a289a,clipgt-a5414a7e-00de-41ad-ae50-874dc811fb2c,26.4.96-91b06fb8,sample_set/26.04_release/a5414a7e-00de-41ad-ae50-874dc811fb2c/a5414a7e-00de-41ad-ae50-874dc811fb2c.usdz,2026-08-05 19:15:07,huggingface,26.04
6fd839e2-518f-42b8-8803-ac985e9e7a41,clipgt-a5599793-5d03-4104-ad6e-1925cefded72,26.4.96-91b06fb8,sample_set/26.04_release/a5599793-5d03-4104-ad6e-1925cefded72/a5599793-5d03-4104-ad6e-1925cefded72.usdz,2026-08-05 19:15:07,huggingface,26.04
d98d0278-f437-4d9e-b83c-66edaaae6895,clipgt-a55d1c06-21ce-4ea7-82d7-896ce8c4a1e8,26.4.96-91b06fb8,sample_set/26.04_release/a55d1c06-21ce-4ea7-82d7-896ce8c4a1e8/a55d1c06-21ce-4ea7-82d7-896ce8c4a1e8.usdz,2026-08-05 19:15:07,huggingface,26.04
ce17c965-2a1f-4b75-a20d-ac172cf7028e,clipgt-a5befa5b-55f3-41c3-81ce-e1b2538d62fc,26.4.96-91b06fb8,sample_set/26.04_release/a5befa5b-55f3-41c3-81ce-e1b2538d62fc/a5befa5b-55f3-41c3-81ce-e1b2538d62fc.usdz,2026-08-05 19:15:07,huggingface,26.04
e2ef75fb-96c7-47a8-bd9b-2cc6b53f4e5b,clipgt-a62e9c2c-1619-49c7-9ba5-89135d1ea909,26.4.96-91b06fb8,sample_set/26.04_release/a62e9c2c-1619-49c7-9ba5-89135d1ea909/a62e9c2c-1619-49c7-9ba5-89135d1ea909.usdz,2026-08-05 19:15:07,huggingface,26.04
9f6c7725-0c26-4a89-a821-1d7a98077bbb,clipgt-a686c7d0-8de6-47dc-90e6-be4c918a4e76,26.4.96-91b06fb8,sample_set/26.04_release/a686c7d0-8de6-47dc-90e6-be4c918a4e76/a686c7d0-8de6-47dc-90e6-be4c918a4e76.usdz,2026-08-05 19:15:07,huggingface,26.04
ce3a81ab-bf18-4cd7-a2d4-8199a106e713,clipgt-a68ad579-8a04-45b9-89f9-89ec3c1893bb,26.4.96-91b06fb8,sample_set/26.04_release/a68ad579-8a04-45b9-89f9-89ec3c1893bb/a68ad579-8a04-45b9-89f9-89ec3c1893bb.usdz,2026-08-05 19:15:07,huggingface,26.04
96a7e95c-3233-487c-803f-0255ac4eb807,clipgt-a6b0c924-fdec-466b-b680-7d2bfc9e6653,26.4.96-91b06fb8,sample_set/26.04_release/a6b0c924-fdec-466b-b680-7d2bfc9e6653/a6b0c924-fdec-466b-b680-7d2bfc9e6653.usdz,2026-08-05 19:15:07,huggingface,26.04
6c27da9a-866f-466d-af52-9d6d5943e6b4,clipgt-a6cb4d85-4b82-458f-8cc8-54f2cd5a60c5,26.4.96-91b06fb8,sample_set/26.04_release/a6cb4d85-4b82-458f-8cc8-54f2cd5a60c5/a6cb4d85-4b82-458f-8cc8-54f2cd5a60c5.usdz,2026-08-05 19:15:07,huggingface,26.04
66bd83ca-9c54-494e-a393-454d825c712b,clipgt-a6ce300f-2b02-4e0b-b51c-5f2fa6eb7ab5,26.4.96-91b06fb8,sample_set/26.04_release/a6ce300f-2b02-4e0b-b51c-5f2fa6eb7ab5/a6ce300f-2b02-4e0b-b51c-5f2fa6eb7ab5.usdz,2026-08-05 19:15:07,huggingface,26.04
b7b99c10-31c3-4cf3-b603-160c01886b1e,clipgt-a6da35fb-ff20-48a4-adac-87fb9982a46c,26.4.96-91b06fb8,sample_set/26.04_release/a6da35fb-ff20-48a4-adac-87fb9982a46c/a6da35fb-ff20-48a4-adac-87fb9982a46c.usdz,2026-08-05 19:15:07,huggingface,26.04
9ac21f57-dba5-4713-b102-996eb0af6744,clipgt-a6ddac95-b22a-40d9-b4b8-c62a17563114,26.4.96-91b06fb8,sample_set/26.04_release/a6ddac95-b22a-40d9-b4b8-c62a17563114/a6ddac95-b22a-40d9-b4b8-c62a17563114.usdz,2026-08-05 19:15:07,huggingface,26.04
c3318a51-2fb3-463c-964c-b890e0f1ec50,clipgt-a7070c3f-38a5-46ff-ad54-04e5401a8d89,26.4.96-91b06fb8,sample_set/26.04_release/a7070c3f-38a5-46ff-ad54-04e5401a8d89/a7070c3f-38a5-46ff-ad54-04e5401a8d89.usdz,2026-08-05 19:15:07,huggingface,26.04
3410b172-5bd4-4e27-9048-44e02cd60d87,clipgt-a730d6db-25bc-45f5-b013-20cc8605323d,26.4.96-91b06fb8,sample_set/26.04_release/a730d6db-25bc-45f5-b013-20cc8605323d/a730d6db-25bc-45f5-b013-20cc8605323d.usdz,2026-08-05 19:15:07,huggingface,26.04
b41a3008-eeda-4337-8315-8ce707ae9f6d,clipgt-a7455666-5345-4b9f-badc-4a1b54a2eb59,26.4.96-91b06fb8,sample_set/26.04_release/a7455666-5345-4b9f-badc-4a1b54a2eb59/a7455666-5345-4b9f-badc-4a1b54a2eb59.usdz,2026-08-05 19:15:07,huggingface,26.04
f50ef6dd-ad54-4c0b-96cf-393b8d5b8da7,clipgt-a76a868d-1403-4cc1-a2a3-67581bee0041,26.4.96-91b06fb8,sample_set/26.04_release/a76a868d-1403-4cc1-a2a3-67581bee0041/a76a868d-1403-4cc1-a2a3-67581bee0041.usdz,2026-08-05 19:15:07,huggingface,26.04
6d8237cc-a457-4477-a9de-51474e4b2dfc,clipgt-a7733a20-3b3a-48a3-a7fc-77379f654094,26.4.96-91b06fb8,sample_set/26.04_release/a7733a20-3b3a-48a3-a7fc-77379f654094/a7733a20-3b3a-48a3-a7fc-77379f654094.usdz,2026-08-05 19:15:07,huggingface,26.04
1ab815c8-7f64-43ed-8efe-598592d0f837,clipgt-a784414a-5989-4a5a-9a4f-74ad9327b934,26.4.96-91b06fb8,sample_set/26.04_release/a784414a-5989-4a5a-9a4f-74ad9327b934/a784414a-5989-4a5a-9a4f-74ad9327b934.usdz,2026-08-05 19:15:07,huggingface,26.04
6fc48ea6-06da-4555-97f9-c81a14f43e0a,clipgt-a7ffaa6f-ee4e-46c7-b2d7-7123e6f2c620,26.4.96-91b06fb8,sample_set/26.04_release/a7ffaa6f-ee4e-46c7-b2d7-7123e6f2c620/a7ffaa6f-ee4e-46c7-b2d7-7123e6f2c620.usdz,2026-08-05 19:15:07,huggingface,26.04
914b24f6-6535-41dd-b6ca-828372f632b5,clipgt-a817bd68-f77f-4250-b9a8-9359d1a1fa1a,26.4.96-91b06fb8,sample_set/26.04_release/a817bd68-f77f-4250-b9a8-9359d1a1fa1a/a817bd68-f77f-4250-b9a8-9359d1a1fa1a.usdz,2026-08-05 19:15:07,huggingface,26.04
79715521-6af8-4f02-a2b8-1a7e0a4f487d,clipgt-a817c74a-2ac3-4066-b12f-56dd35ee3214,26.4.96-91b06fb8,sample_set/26.04_release/a817c74a-2ac3-4066-b12f-56dd35ee3214/a817c74a-2ac3-4066-b12f-56dd35ee3214.usdz,2026-08-05 19:15:07,huggingface,26.04
fcf16516-9fee-4d10-be3b-3fcc9a7e1641,clipgt-a8584b3c-90cd-4e26-a56b-19fc9c7b5b52,26.4.96-91b06fb8,sample_set/26.04_release/a8584b3c-90cd-4e26-a56b-19fc9c7b5b52/a8584b3c-90cd-4e26-a56b-19fc9c7b5b52.usdz,2026-08-05 19:15:07,huggingface,26.04
4a2cf199-3c65-4a6d-8060-9ee0b3c5c967,clipgt-a88cc83c-ea8d-460b-8757-f6a47d0a9e2a,26.4.96-91b06fb8,sample_set/26.04_release/a88cc83c-ea8d-460b-8757-f6a47d0a9e2a/a88cc83c-ea8d-460b-8757-f6a47d0a9e2a.usdz,2026-08-05 19:15:07,huggingface,26.04
be7078f9-e4bb-435a-83fb-fc1f9da5ca34,clipgt-a8e78edb-9a04-471e-8a66-cb3360707535,26.4.96-91b06fb8,sample_set/26.04_release/a8e78edb-9a04-471e-8a66-cb3360707535/a8e78edb-9a04-471e-8a66-cb3360707535.usdz,2026-08-05 19:15:07,huggingface,26.04
71187333-5527-4f84-8e83-9f0fba432fee,clipgt-a8fb9c09-0cbf-42e3-a0e3-1b6dbc16816b,26.4.96-91b06fb8,sample_set/26.04_release/a8fb9c09-0cbf-42e3-a0e3-1b6dbc16816b/a8fb9c09-0cbf-42e3-a0e3-1b6dbc16816b.usdz,2026-08-05 19:15:07,huggingface,26.04
5c4aea6c-a2c7-4bc8-8df5-929797378d3d,clipgt-a9162b2d-b0f6-4c56-9642-c96a11e69fdb,26.4.96-91b06fb8,sample_set/26.04_release/a9162b2d-b0f6-4c56-9642-c96a11e69fdb/a9162b2d-b0f6-4c56-9642-c96a11e69fdb.usdz,2026-08-05 19:15:07,huggingface,26.04
48ffd106-99de-4d2d-b82f-26043cf04836,clipgt-a94b29b1-d9ea-4b64-ac2d-7594f12299b0,26.4.96-91b06fb8,sample_set/26.04_release/a94b29b1-d9ea-4b64-ac2d-7594f12299b0/a94b29b1-d9ea-4b64-ac2d-7594f12299b0.usdz,2026-08-05 19:15:07,huggingface,26.04
df7603ea-5511-4a15-918f-665210c72548,clipgt-a9c7f2c7-b1b6-4aa5-85b8-5daf04b6e94a,26.4.96-91b06fb8,sample_set/26.04_release/a9c7f2c7-b1b6-4aa5-85b8-5daf04b6e94a/a9c7f2c7-b1b6-4aa5-85b8-5daf04b6e94a.usdz,2026-08-05 19:15:07,huggingface,26.04
013b366c-cc0a-4bf9-9e03-1b602f45c3dd,clipgt-aa094af8-da2c-4be0-bb80-2e17617daa25,26.4.96-91b06fb8,sample_set/26.04_release/aa094af8-da2c-4be0-bb80-2e17617daa25/aa094af8-da2c-4be0-bb80-2e17617daa25.usdz,2026-08-05 19:15:07,huggingface,26.04
3161034a-efd5-46e7-9ea8-bd34e2b767e3,clipgt-aa407ee1-5b6c-4449-9f6f-207d43067ba8,26.4.96-91b06fb8,sample_set/26.04_release/aa407ee1-5b6c-4449-9f6f-207d43067ba8/aa407ee1-5b6c-4449-9f6f-207d43067ba8.usdz,2026-08-05 19:15:07,huggingface,26.04
e780de2d-6c98-439f-b8fe-d4e51c603119,clipgt-aa5f29c2-e81e-4d45-88d8-88db3d6ca701,26.4.96-91b06fb8,sample_set/26.04_release/aa5f29c2-e81e-4d45-88d8-88db3d6ca701/aa5f29c2-e81e-4d45-88d8-88db3d6ca701.usdz,2026-08-05 19:15:07,huggingface,26.04
648c5867-7569-42ee-bf8b-7dd33facd14f,clipgt-aaaf0435-a65e-4d37-8d77-9813ca98cb06,26.4.96-91b06fb8,sample_set/26.04_release/aaaf0435-a65e-4d37-8d77-9813ca98cb06/aaaf0435-a65e-4d37-8d77-9813ca98cb06.usdz,2026-08-05 19:15:07,huggingface,26.04
71a1e916-239f-41cb-a091-6ec044ba51ff,clipgt-aace43c1-f3f2-4bd8-ad97-038441cd8bd2,26.4.96-91b06fb8,sample_set/26.04_release/aace43c1-f3f2-4bd8-ad97-038441cd8bd2/aace43c1-f3f2-4bd8-ad97-038441cd8bd2.usdz,2026-08-05 19:15:07,huggingface,26.04
b47074d5-4059-470a-bbd9-17aa8a0bf06e,clipgt-aaf3ce56-fdd7-4dab-84af-c44606d760eb,26.4.96-91b06fb8,sample_set/26.04_release/aaf3ce56-fdd7-4dab-84af-c44606d760eb/aaf3ce56-fdd7-4dab-84af-c44606d760eb.usdz,2026-08-05 19:15:07,huggingface,26.04
6aae685a-f631-457f-9122-f8d497bea224,clipgt-ab7d288a-1a82-4cd5-9185-7d5d735030cd,26.4.96-91b06fb8,sample_set/26.04_release/ab7d288a-1a82-4cd5-9185-7d5d735030cd/ab7d288a-1a82-4cd5-9185-7d5d735030cd.usdz,2026-08-05 19:15:07,huggingface,26.04
bcc8b6a1-f519-4b0f-919f-9c7f4ee6a27e,clipgt-abafd435-ae49-4bfb-88eb-3671b45092a4,26.4.96-91b06fb8,sample_set/26.04_release/abafd435-ae49-4bfb-88eb-3671b45092a4/abafd435-ae49-4bfb-88eb-3671b45092a4.usdz,2026-08-05 19:15:07,huggingface,26.04
461e2bd3-aed4-4eb2-9e6a-514a5f9a81cb,clipgt-abc4fda9-6185-47f8-abd8-86dcc1fdec2d,26.4.96-91b06fb8,sample_set/26.04_release/abc4fda9-6185-47f8-abd8-86dcc1fdec2d/abc4fda9-6185-47f8-abd8-86dcc1fdec2d.usdz,2026-08-05 19:15:07,huggingface,26.04
4722b294-5360-43bc-8bd3-f3b3df41c706,clipgt-abd45a30-146a-40c0-9f78-9ce697ac3ade,26.4.96-91b06fb8,sample_set/26.04_release/abd45a30-146a-40c0-9f78-9ce697ac3ade/abd45a30-146a-40c0-9f78-9ce697ac3ade.usdz,2026-08-05 19:15:07,huggingface,26.04
fb065460-3887-4eaa-b80d-b934e0b6c4b9,clipgt-ac085732-d1a7-4d5d-bb61-320c2b94fc39,26.4.96-91b06fb8,sample_set/26.04_release/ac085732-d1a7-4d5d-bb61-320c2b94fc39/ac085732-d1a7-4d5d-bb61-320c2b94fc39.usdz,2026-08-05 19:15:07,huggingface,26.04
fb47eeef-ef7a-411d-a11b-1bb9fbc4df63,clipgt-ac73935a-548f-402f-8a6b-16688261b219,26.4.96-91b06fb8,sample_set/26.04_release/ac73935a-548f-402f-8a6b-16688261b219/ac73935a-548f-402f-8a6b-16688261b219.usdz,2026-08-05 19:15:07,huggingface,26.04
be2f68ec-43cb-44df-9186-d12966423971,clipgt-acc1c41e-ea7e-4e47-8899-bf62e4b05e40,26.4.96-91b06fb8,sample_set/26.04_release/acc1c41e-ea7e-4e47-8899-bf62e4b05e40/acc1c41e-ea7e-4e47-8899-bf62e4b05e40.usdz,2026-08-05 19:15:07,huggingface,26.04
591709e5-1ee0-4d90-9485-c943a220d422,clipgt-ad134e5b-118c-4dba-9217-2438bb0a747b,26.4.96-91b06fb8,sample_set/26.04_release/ad134e5b-118c-4dba-9217-2438bb0a747b/ad134e5b-118c-4dba-9217-2438bb0a747b.usdz,2026-08-05 19:15:07,huggingface,26.04
a91dd9bb-55ac-4c4b-b60c-c1240623e0ba,clipgt-ad55f513-9a59-4052-9f66-ad67bb57f135,26.4.96-91b06fb8,sample_set/26.04_release/ad55f513-9a59-4052-9f66-ad67bb57f135/ad55f513-9a59-4052-9f66-ad67bb57f135.usdz,2026-08-05 19:15:07,huggingface,26.04
3674c090-8a6d-4e04-88b1-6f092f5dc861,clipgt-ad68f18c-0390-4e68-86f3-5c199d777593,26.4.96-91b06fb8,sample_set/26.04_release/ad68f18c-0390-4e68-86f3-5c199d777593/ad68f18c-0390-4e68-86f3-5c199d777593.usdz,2026-08-05 19:15:07,huggingface,26.04
6ea8c858-39ec-4aa4-9fc8-232f9ab3a84f,clipgt-ad9492f0-c61d-428c-8d42-e5974bebbc0d,26.4.96-91b06fb8,sample_set/26.04_release/ad9492f0-c61d-428c-8d42-e5974bebbc0d/ad9492f0-c61d-428c-8d42-e5974bebbc0d.usdz,2026-08-05 19:15:07,huggingface,26.04
b2498dda-9346-46a8-845e-b2f18ef1ce95,clipgt-ad9a833a-0b9c-4bfd-b15b-6c6102a9de41,26.4.96-91b06fb8,sample_set/26.04_release/ad9a833a-0b9c-4bfd-b15b-6c6102a9de41/ad9a833a-0b9c-4bfd-b15b-6c6102a9de41.usdz,2026-08-05 19:15:07,huggingface,26.04
e1727c0e-d97b-41df-a18e-a657174220a0,clipgt-adb72a39-1e21-46ef-80f2-9c86a8e9504a,26.4.96-91b06fb8,sample_set/26.04_release/adb72a39-1e21-46ef-80f2-9c86a8e9504a/adb72a39-1e21-46ef-80f2-9c86a8e9504a.usdz,2026-08-05 19:15:07,huggingface,26.04
f38b51c7-2251-441d-af80-8f12047a2b5f,clipgt-adcc59de-e15f-41c0-9bb0-fe95567fd417,26.4.96-91b06fb8,sample_set/26.04_release/adcc59de-e15f-41c0-9bb0-fe95567fd417/adcc59de-e15f-41c0-9bb0-fe95567fd417.usdz,2026-08-05 19:15:07,huggingface,26.04
1f34ce5b-9dc3-4fde-b123-583ad9057c6d,clipgt-ade18f35-93ae-4d3f-8253-798ca06893a1,26.4.96-91b06fb8,sample_set/26.04_release/ade18f35-93ae-4d3f-8253-798ca06893a1/ade18f35-93ae-4d3f-8253-798ca06893a1.usdz,2026-08-05 19:15:07,huggingface,26.04
84d78af3-57fc-47e7-979a-87ef46d732d1,clipgt-adf0a670-6527-4890-ab06-cb83abeb99c5,26.4.96-91b06fb8,sample_set/26.04_release/adf0a670-6527-4890-ab06-cb83abeb99c5/adf0a670-6527-4890-ab06-cb83abeb99c5.usdz,2026-08-05 19:15:07,huggingface,26.04
f046f384-fd1e-4d83-835d-956b7ed092a4,clipgt-ae0e6436-394f-47ab-9d3c-8be24754c919,26.4.96-91b06fb8,sample_set/26.04_release/ae0e6436-394f-47ab-9d3c-8be24754c919/ae0e6436-394f-47ab-9d3c-8be24754c919.usdz,2026-08-05 19:15:07,huggingface,26.04
6d7085e8-4022-4a87-9a6e-95ebfe926f39,clipgt-ae17d11f-c473-4d74-ba00-5bc45f183025,26.4.96-91b06fb8,sample_set/26.04_release/ae17d11f-c473-4d74-ba00-5bc45f183025/ae17d11f-c473-4d74-ba00-5bc45f183025.usdz,2026-08-05 19:15:07,huggingface,26.04
ea3320b7-0180-4a89-9542-5c561811812d,clipgt-ae346872-252e-4f1e-ad0b-2f6f314d01e7,26.4.96-91b06fb8,sample_set/26.04_release/ae346872-252e-4f1e-ad0b-2f6f314d01e7/ae346872-252e-4f1e-ad0b-2f6f314d01e7.usdz,2026-08-05 19:15:07,huggingface,26.04
472a7bd3-9889-441f-bb0a-8e3f7e55b920,clipgt-ae42a281-c845-4b25-9dec-d9a67be39df5,26.4.96-91b06fb8,sample_set/26.04_release/ae42a281-c845-4b25-9dec-d9a67be39df5/ae42a281-c845-4b25-9dec-d9a67be39df5.usdz,2026-08-05 19:15:07,huggingface,26.04
71d2a35a-6fe7-4c54-8308-c511c7388613,clipgt-aee7691e-6759-4696-980c-412010278bde,26.4.96-91b06fb8,sample_set/26.04_release/aee7691e-6759-4696-980c-412010278bde/aee7691e-6759-4696-980c-412010278bde.usdz,2026-08-05 19:15:07,huggingface,26.04
197ee355-b970-4b3e-838c-a0feb09b58f9,clipgt-af2ecf1e-90e5-4f2d-abf0-997bd87b7a54,26.4.96-91b06fb8,sample_set/26.04_release/af2ecf1e-90e5-4f2d-abf0-997bd87b7a54/af2ecf1e-90e5-4f2d-abf0-997bd87b7a54.usdz,2026-08-05 19:15:07,huggingface,26.04
4297b17a-970a-47de-afda-74f8a6a356c3,clipgt-af7e58a3-a943-4cfc-9d25-fe602c0caf15,26.4.96-91b06fb8,sample_set/26.04_release/af7e58a3-a943-4cfc-9d25-fe602c0caf15/af7e58a3-a943-4cfc-9d25-fe602c0caf15.usdz,2026-08-05 19:15:07,huggingface,26.04
b32ba0a7-a03e-4e4c-a5da-a62851932e1d,clipgt-af9e31e9-9ad2-4ea1-8151-db6aa5e2330f,26.4.96-91b06fb8,sample_set/26.04_release/af9e31e9-9ad2-4ea1-8151-db6aa5e2330f/af9e31e9-9ad2-4ea1-8151-db6aa5e2330f.usdz,2026-08-05 19:15:07,huggingface,26.04
c254e1c6-9e3f-402d-8d97-dfabb0a82702,clipgt-afc1ff6e-9fdf-4fd1-bb04-919ee1c3e14c,26.4.96-91b06fb8,sample_set/26.04_release/afc1ff6e-9fdf-4fd1-bb04-919ee1c3e14c/afc1ff6e-9fdf-4fd1-bb04-919ee1c3e14c.usdz,2026-08-05 19:15:07,huggingface,26.04
91b0af35-eb22-4946-b8d3-363fb795fc95,clipgt-afcd6edd-0130-4524-af68-691ad1e1bbe0,26.4.96-91b06fb8,sample_set/26.04_release/afcd6edd-0130-4524-af68-691ad1e1bbe0/afcd6edd-0130-4524-af68-691ad1e1bbe0.usdz,2026-08-05 19:15:07,huggingface,26.04
2269b04a-934e-4940-8a23-7a6a58f4bc42,clipgt-afe7621b-500d-40fc-b386-6ccfbc1b6706,26.4.96-91b06fb8,sample_set/26.04_release/afe7621b-500d-40fc-b386-6ccfbc1b6706/afe7621b-500d-40fc-b386-6ccfbc1b6706.usdz,2026-08-05 19:15:07,huggingface,26.04
176fb8ca-785d-4735-a454-b68f428bf938,clipgt-b023586c-f027-46c8-9ff0-a7895bbebe97,26.4.96-91b06fb8,sample_set/26.04_release/b023586c-f027-46c8-9ff0-a7895bbebe97/b023586c-f027-46c8-9ff0-a7895bbebe97.usdz,2026-08-05 19:15:07,huggingface,26.04
eefe7742-7af2-40b2-a4d2-c64adcd04d32,clipgt-b0499b70-4b20-4389-8e0f-cd9fce07e7b2,26.4.96-91b06fb8,sample_set/26.04_release/b0499b70-4b20-4389-8e0f-cd9fce07e7b2/b0499b70-4b20-4389-8e0f-cd9fce07e7b2.usdz,2026-08-05 19:15:07,huggingface,26.04
8d084ba8-4870-453a-b751-52917c1f0325,clipgt-b06346cc-27a1-480d-8584-1e4ad04489a6,26.4.96-91b06fb8,sample_set/26.04_release/b06346cc-27a1-480d-8584-1e4ad04489a6/b06346cc-27a1-480d-8584-1e4ad04489a6.usdz,2026-08-05 19:15:07,huggingface,26.04
a8555c24-7647-4764-83b0-a6242c139b69,clipgt-b07d8ed3-abce-4a05-99d8-e164a5e8992a,26.4.96-91b06fb8,sample_set/26.04_release/b07d8ed3-abce-4a05-99d8-e164a5e8992a/b07d8ed3-abce-4a05-99d8-e164a5e8992a.usdz,2026-08-05 19:15:07,huggingface,26.04
4aa340a3-c592-487e-9b8a-9b63eb327f7a,clipgt-b0f660f0-e369-4e20-9bdc-7bae8c0b40ea,26.4.96-91b06fb8,sample_set/26.04_release/b0f660f0-e369-4e20-9bdc-7bae8c0b40ea/b0f660f0-e369-4e20-9bdc-7bae8c0b40ea.usdz,2026-08-05 19:15:07,huggingface,26.04
ec6f259b-eaa3-4b85-b080-7b3c5d565cbe,clipgt-b1056deb-e6f8-4bb7-aa5e-7241863ab851,26.4.96-91b06fb8,sample_set/26.04_release/b1056deb-e6f8-4bb7-aa5e-7241863ab851/b1056deb-e6f8-4bb7-aa5e-7241863ab851.usdz,2026-08-05 19:15:07,huggingface,26.04
b1275314-ff2e-4412-80a4-c6769e0d88c5,clipgt-b12fa656-9a2f-4cc1-8c92-c30046f4904e,26.4.96-91b06fb8,sample_set/26.04_release/b12fa656-9a2f-4cc1-8c92-c30046f4904e/b12fa656-9a2f-4cc1-8c92-c30046f4904e.usdz,2026-08-05 19:15:07,huggingface,26.04
19cda047-ada2-4d5e-af0d-21eb437e4f82,clipgt-b187d5d3-767d-47fc-a5d3-78c939c54d2f,26.4.96-91b06fb8,sample_set/26.04_release/b187d5d3-767d-47fc-a5d3-78c939c54d2f/b187d5d3-767d-47fc-a5d3-78c939c54d2f.usdz,2026-08-05 19:15:07,huggingface,26.04
58afc0b0-a8a2-4d1a-b559-3397d2c1f5b6,clipgt-b1997ecf-ea4b-48f2-8d42-2da5c00c58f0,26.4.96-91b06fb8,sample_set/26.04_release/b1997ecf-ea4b-48f2-8d42-2da5c00c58f0/b1997ecf-ea4b-48f2-8d42-2da5c00c58f0.usdz,2026-08-05 19:15:07,huggingface,26.04
c8f96cda-3669-45f5-ac27-8777b37bf295,clipgt-b1abc3d2-b3e6-45c4-b201-e987ff2a72da,26.4.96-91b06fb8,sample_set/26.04_release/b1abc3d2-b3e6-45c4-b201-e987ff2a72da/b1abc3d2-b3e6-45c4-b201-e987ff2a72da.usdz,2026-08-05 19:15:07,huggingface,26.04
11c438b9-d883-4d91-a739-95bcffe73d5e,clipgt-b1d93f58-d8dd-4a84-959c-aaea3aa0701b,26.4.96-91b06fb8,sample_set/26.04_release/b1d93f58-d8dd-4a84-959c-aaea3aa0701b/b1d93f58-d8dd-4a84-959c-aaea3aa0701b.usdz,2026-08-05 19:15:07,huggingface,26.04
783b58ef-7eed-4356-979e-aac525be6cb8,clipgt-b22281c8-1f6f-4647-b59e-3f11331e82a6,26.4.96-91b06fb8,sample_set/26.04_release/b22281c8-1f6f-4647-b59e-3f11331e82a6/b22281c8-1f6f-4647-b59e-3f11331e82a6.usdz,2026-08-05 19:15:07,huggingface,26.04
02716535-3847-44e1-ac1e-8094195d72f6,clipgt-b22909b9-99cf-415e-97d5-20074bde8e3f,26.4.96-91b06fb8,sample_set/26.04_release/b22909b9-99cf-415e-97d5-20074bde8e3f/b22909b9-99cf-415e-97d5-20074bde8e3f.usdz,2026-08-05 19:15:07,huggingface,26.04
a3a9512a-bfba-45d2-bf3a-750e856cbf37,clipgt-b2591a17-9951-49f6-9ae9-c0addeb3acb1,26.4.96-91b06fb8,sample_set/26.04_release/b2591a17-9951-49f6-9ae9-c0addeb3acb1/b2591a17-9951-49f6-9ae9-c0addeb3acb1.usdz,2026-08-05 19:15:07,huggingface,26.04
4d1bd2d3-cfea-4584-ad8b-2e5b6f10f440,clipgt-b270b9ab-4029-4cd0-bd4d-80bcf6ce5bd5,26.4.96-91b06fb8,sample_set/26.04_release/b270b9ab-4029-4cd0-bd4d-80bcf6ce5bd5/b270b9ab-4029-4cd0-bd4d-80bcf6ce5bd5.usdz,2026-08-05 19:15:07,huggingface,26.04
5fa80ec4-f141-472f-89b7-c84d1d924bf1,clipgt-b27e8f9c-1077-49c1-ba9a-6d99bdc12df5,26.4.96-91b06fb8,sample_set/26.04_release/b27e8f9c-1077-49c1-ba9a-6d99bdc12df5/b27e8f9c-1077-49c1-ba9a-6d99bdc12df5.usdz,2026-08-05 19:15:07,huggingface,26.04
69766ce5-d4bc-4b69-96b3-f59c0fca603d,clipgt-b283c68f-3048-4d2d-806f-20592d894744,26.4.96-91b06fb8,sample_set/26.04_release/b283c68f-3048-4d2d-806f-20592d894744/b283c68f-3048-4d2d-806f-20592d894744.usdz,2026-08-05 19:15:07,huggingface,26.04
2c232c28-b5e0-4555-9f8c-993e30cc4ea5,clipgt-b303ebe3-9636-45ed-9de7-63f254ef8eae,26.4.96-91b06fb8,sample_set/26.04_release/b303ebe3-9636-45ed-9de7-63f254ef8eae/b303ebe3-9636-45ed-9de7-63f254ef8eae.usdz,2026-08-05 19:15:07,huggingface,26.04
4a80b201-2f52-4496-bcc9-4b4c1e6d92f6,clipgt-b304a9b9-b273-48ec-a9f9-cd94e9d94f62,26.4.96-91b06fb8,sample_set/26.04_release/b304a9b9-b273-48ec-a9f9-cd94e9d94f62/b304a9b9-b273-48ec-a9f9-cd94e9d94f62.usdz,2026-08-05 19:15:07,huggingface,26.04
49205d9e-f7cc-47e7-874d-8c6fa9509dcf,clipgt-b30ac7f8-55a6-41d9-9c57-5df0762e0e87,26.4.96-91b06fb8,sample_set/26.04_release/b30ac7f8-55a6-41d9-9c57-5df0762e0e87/b30ac7f8-55a6-41d9-9c57-5df0762e0e87.usdz,2026-08-05 19:15:07,huggingface,26.04
18fc8a4a-470f-4370-ba1e-76afeb507f69,clipgt-b3233934-c754-4634-a0f3-0682d8265760,26.4.96-91b06fb8,sample_set/26.04_release/b3233934-c754-4634-a0f3-0682d8265760/b3233934-c754-4634-a0f3-0682d8265760.usdz,2026-08-05 19:15:07,huggingface,26.04
47f984fc-9c26-473d-9630-0e2b06d4868b,clipgt-b35074d7-cd77-4506-9cf7-e122cbd60b6f,26.4.96-91b06fb8,sample_set/26.04_release/b35074d7-cd77-4506-9cf7-e122cbd60b6f/b35074d7-cd77-4506-9cf7-e122cbd60b6f.usdz,2026-08-05 19:15:07,huggingface,26.04
7ea99817-399c-4298-ab3a-73870ded229d,clipgt-b3942662-f316-4a91-b4da-fce76f1249e6,26.4.96-91b06fb8,sample_set/26.04_release/b3942662-f316-4a91-b4da-fce76f1249e6/b3942662-f316-4a91-b4da-fce76f1249e6.usdz,2026-08-05 19:15:07,huggingface,26.04
11e6e3b1-3f8a-4d59-8585-02a4fdc72d34,clipgt-b40f4729-29c4-4846-a04b-72c78832a062,26.4.96-91b06fb8,sample_set/26.04_release/b40f4729-29c4-4846-a04b-72c78832a062/b40f4729-29c4-4846-a04b-72c78832a062.usdz,2026-08-05 19:15:07,huggingface,26.04
ca8cbaec-3e0a-4e4c-ae0f-0be0586aff4f,clipgt-b43f4213-30d7-40b8-8ef5-a7cb1104698f,26.4.96-91b06fb8,sample_set/26.04_release/b43f4213-30d7-40b8-8ef5-a7cb1104698f/b43f4213-30d7-40b8-8ef5-a7cb1104698f.usdz,2026-08-05 19:15:07,huggingface,26.04
315cf7b7-3c8c-4506-9445-afdecf499786,clipgt-b45734f4-01d2-48f7-9296-2ae79a7a89b9,26.4.96-91b06fb8,sample_set/26.04_release/b45734f4-01d2-48f7-9296-2ae79a7a89b9/b45734f4-01d2-48f7-9296-2ae79a7a89b9.usdz,2026-08-05 19:15:07,huggingface,26.04
904facf7-d1b3-44ca-923f-8862db6570a6,clipgt-b45e6497-2b89-4358-b353-234fbd944271,26.4.96-91b06fb8,sample_set/26.04_release/b45e6497-2b89-4358-b353-234fbd944271/b45e6497-2b89-4358-b353-234fbd944271.usdz,2026-08-05 19:15:07,huggingface,26.04
b6680fd6-ebdc-4e40-94c4-d31aea644e3e,clipgt-b4746a06-3e95-4911-b079-6a1baaf6d1b1,26.4.96-91b06fb8,sample_set/26.04_release/b4746a06-3e95-4911-b079-6a1baaf6d1b1/b4746a06-3e95-4911-b079-6a1baaf6d1b1.usdz,2026-08-05 19:15:07,huggingface,26.04
fb69fb40-f44f-4b7b-8ed4-eec2344f2b19,clipgt-b4a3c975-340a-4a0d-9d28-d96b4bc7dc23,26.4.96-91b06fb8,sample_set/26.04_release/b4a3c975-340a-4a0d-9d28-d96b4bc7dc23/b4a3c975-340a-4a0d-9d28-d96b4bc7dc23.usdz,2026-08-05 19:15:07,huggingface,26.04
21a18a81-acd7-44ac-8fe8-59188bc9f41c,clipgt-b4bbb3b3-e5b0-4cbe-b848-4ecc9f86691f,26.4.96-91b06fb8,sample_set/26.04_release/b4bbb3b3-e5b0-4cbe-b848-4ecc9f86691f/b4bbb3b3-e5b0-4cbe-b848-4ecc9f86691f.usdz,2026-08-05 19:15:07,huggingface,26.04
a313bb49-8d44-4765-bd66-0154890abe9b,clipgt-b50ed1e3-a9eb-4ab0-9484-c92e63279fdb,26.4.96-91b06fb8,sample_set/26.04_release/b50ed1e3-a9eb-4ab0-9484-c92e63279fdb/b50ed1e3-a9eb-4ab0-9484-c92e63279fdb.usdz,2026-08-05 19:15:07,huggingface,26.04
d326c1df-6a4e-4f57-ab83-d2f7fe2a1dce,clipgt-b5305cf7-963b-4cb1-87b8-7bcbb6443af8,26.4.96-91b06fb8,sample_set/26.04_release/b5305cf7-963b-4cb1-87b8-7bcbb6443af8/b5305cf7-963b-4cb1-87b8-7bcbb6443af8.usdz,2026-08-05 19:15:07,huggingface,26.04
46a46fff-6e76-407f-9efb-6fe658e9c068,clipgt-b59fd578-58e7-41a0-a07f-5b08ed8b5919,26.4.96-91b06fb8,sample_set/26.04_release/b59fd578-58e7-41a0-a07f-5b08ed8b5919/b59fd578-58e7-41a0-a07f-5b08ed8b5919.usdz,2026-08-05 19:15:07,huggingface,26.04
0a290784-e3ac-41d7-bc69-c57e8b0b08a9,clipgt-b5d12506-227c-4461-b38e-d8ce2ec22247,26.4.96-91b06fb8,sample_set/26.04_release/b5d12506-227c-4461-b38e-d8ce2ec22247/b5d12506-227c-4461-b38e-d8ce2ec22247.usdz,2026-08-05 19:15:07,huggingface,26.04
deb9c0c5-c4a2-4b42-ac96-3baf4372b748,clipgt-b609420f-d0d1-46b2-ab04-254885dfd218,26.4.96-91b06fb8,sample_set/26.04_release/b609420f-d0d1-46b2-ab04-254885dfd218/b609420f-d0d1-46b2-ab04-254885dfd218.usdz,2026-08-05 19:15:07,huggingface,26.04
782d1c0c-45d5-4cac-9e19-e73f55d0871b,clipgt-b65e55e9-f3d5-4445-bdbd-325b07a5c493,26.4.96-91b06fb8,sample_set/26.04_release/b65e55e9-f3d5-4445-bdbd-325b07a5c493/b65e55e9-f3d5-4445-bdbd-325b07a5c493.usdz,2026-08-05 19:15:07,huggingface,26.04
3b597c4d-0113-4bfe-be74-303a8450b68e,clipgt-b661da67-eb54-47d7-8d7b-1d1f8ca1f1e0,26.4.96-91b06fb8,sample_set/26.04_release/b661da67-eb54-47d7-8d7b-1d1f8ca1f1e0/b661da67-eb54-47d7-8d7b-1d1f8ca1f1e0.usdz,2026-08-05 19:15:07,huggingface,26.04
6633ee44-2fc7-49dd-b5e9-6ed52929a80a,clipgt-b680a689-9afe-4d66-accd-41fa7c0fb633,26.4.96-91b06fb8,sample_set/26.04_release/b680a689-9afe-4d66-accd-41fa7c0fb633/b680a689-9afe-4d66-accd-41fa7c0fb633.usdz,2026-08-05 19:15:07,huggingface,26.04
e93ab37c-948f-4f7b-9273-5601f496ad26,clipgt-b6e18bbf-abf9-47ec-893a-467bee1f5eed,26.4.96-91b06fb8,sample_set/26.04_release/b6e18bbf-abf9-47ec-893a-467bee1f5eed/b6e18bbf-abf9-47ec-893a-467bee1f5eed.usdz,2026-08-05 19:15:07,huggingface,26.04
aebd8114-b949-41d1-8cb8-fcbae7130b6e,clipgt-b706e6a9-0c43-4faa-940e-91d80529804f,26.4.96-91b06fb8,sample_set/26.04_release/b706e6a9-0c43-4faa-940e-91d80529804f/b706e6a9-0c43-4faa-940e-91d80529804f.usdz,2026-08-05 19:15:07,huggingface,26.04
365e45e0-543e-4d86-a387-2c7d05326fd9,clipgt-b727530b-d0d4-4ad0-885c-15d14d3a871e,26.4.96-91b06fb8,sample_set/26.04_release/b727530b-d0d4-4ad0-885c-15d14d3a871e/b727530b-d0d4-4ad0-885c-15d14d3a871e.usdz,2026-08-05 19:15:07,huggingface,26.04
c3334e7e-b8d8-4f4c-b111-491a15d09f8f,clipgt-b7b0c60f-8379-4cfc-af65-c0ed19412d06,26.4.96-91b06fb8,sample_set/26.04_release/b7b0c60f-8379-4cfc-af65-c0ed19412d06/b7b0c60f-8379-4cfc-af65-c0ed19412d06.usdz,2026-08-05 19:15:07,huggingface,26.04
ad3b8c91-6a6a-434e-b81c-bbf7c0d8ce62,clipgt-b7bfcbd9-4ab7-46ff-a21c-a5b6d66191a6,26.4.96-91b06fb8,sample_set/26.04_release/b7bfcbd9-4ab7-46ff-a21c-a5b6d66191a6/b7bfcbd9-4ab7-46ff-a21c-a5b6d66191a6.usdz,2026-08-05 19:15:07,huggingface,26.04
0a9afcc8-a35c-452e-9c73-da0a31c3b7e5,clipgt-b7d705f4-9a58-423f-87ce-988aab77fa44,26.4.96-91b06fb8,sample_set/26.04_release/b7d705f4-9a58-423f-87ce-988aab77fa44/b7d705f4-9a58-423f-87ce-988aab77fa44.usdz,2026-08-05 19:15:07,huggingface,26.04
d4eba55f-3230-422c-9d93-97c60b4481e1,clipgt-b8121526-85bf-4f5b-ac50-222e0dddfccc,26.4.96-91b06fb8,sample_set/26.04_release/b8121526-85bf-4f5b-ac50-222e0dddfccc/b8121526-85bf-4f5b-ac50-222e0dddfccc.usdz,2026-08-05 19:15:07,huggingface,26.04
866ad359-2aca-48f4-8991-e6df78a7b413,clipgt-b8336d4b-24b0-4d90-b811-4369eb3f64fa,26.4.96-91b06fb8,sample_set/26.04_release/b8336d4b-24b0-4d90-b811-4369eb3f64fa/b8336d4b-24b0-4d90-b811-4369eb3f64fa.usdz,2026-08-05 19:15:07,huggingface,26.04
5eddcc32-273a-4339-b8c5-8ad84c0cd8fd,clipgt-b84f3fb1-0643-4ed3-87d7-93babebd24a0,26.4.96-91b06fb8,sample_set/26.04_release/b84f3fb1-0643-4ed3-87d7-93babebd24a0/b84f3fb1-0643-4ed3-87d7-93babebd24a0.usdz,2026-08-05 19:15:07,huggingface,26.04
0ee0fd6e-3588-4d72-95a0-4f12e72fe6ed,clipgt-b8566b44-6c1d-4b04-be13-1d7d143047cb,26.4.96-91b06fb8,sample_set/26.04_release/b8566b44-6c1d-4b04-be13-1d7d143047cb/b8566b44-6c1d-4b04-be13-1d7d143047cb.usdz,2026-08-05 19:15:07,huggingface,26.04
dca01d66-22d6-4f5f-bb99-dd4299c6515c,clipgt-b87c3524-0a38-4aa8-8a4b-9af7f230ae84,26.4.96-91b06fb8,sample_set/26.04_release/b87c3524-0a38-4aa8-8a4b-9af7f230ae84/b87c3524-0a38-4aa8-8a4b-9af7f230ae84.usdz,2026-08-05 19:15:07,huggingface,26.04
17109b02-c09c-4c4a-9604-75d0bc948c65,clipgt-b8850f3f-086c-4310-9eff-cc13ce6d940b,26.4.96-91b06fb8,sample_set/26.04_release/b8850f3f-086c-4310-9eff-cc13ce6d940b/b8850f3f-086c-4310-9eff-cc13ce6d940b.usdz,2026-08-05 19:15:07,huggingface,26.04
44fbd864-f970-4fc2-b956-6b29c7a788e8,clipgt-b89326b4-bef7-4cd3-b3a7-d2288f681c57,26.4.96-91b06fb8,sample_set/26.04_release/b89326b4-bef7-4cd3-b3a7-d2288f681c57/b89326b4-bef7-4cd3-b3a7-d2288f681c57.usdz,2026-08-05 19:15:07,huggingface,26.04
e0f34fba-cb4a-4ff7-9263-1aa84545c1ed,clipgt-b8e1992f-517e-4507-998c-983859f42039,26.4.96-91b06fb8,sample_set/26.04_release/b8e1992f-517e-4507-998c-983859f42039/b8e1992f-517e-4507-998c-983859f42039.usdz,2026-08-05 19:15:07,huggingface,26.04
af248564-d7c1-4629-aa0a-cabe7ee1e011,clipgt-ba2cfeb5-fe21-453c-abb6-1bd6cffad6b3,26.4.96-91b06fb8,sample_set/26.04_release/ba2cfeb5-fe21-453c-abb6-1bd6cffad6b3/ba2cfeb5-fe21-453c-abb6-1bd6cffad6b3.usdz,2026-08-05 19:15:07,huggingface,26.04
da8f7045-fcb3-4045-8158-1db7d946f849,clipgt-ba62e10d-7d77-4707-96a6-207e6f6aaecc,26.4.96-91b06fb8,sample_set/26.04_release/ba62e10d-7d77-4707-96a6-207e6f6aaecc/ba62e10d-7d77-4707-96a6-207e6f6aaecc.usdz,2026-08-05 19:15:07,huggingface,26.04
3081eebc-cc8d-42f7-af90-eb686af01702,clipgt-ba91fe2c-c4bc-458f-8708-4ce345e675c7,26.4.96-91b06fb8,sample_set/26.04_release/ba91fe2c-c4bc-458f-8708-4ce345e675c7/ba91fe2c-c4bc-458f-8708-4ce345e675c7.usdz,2026-08-05 19:15:07,huggingface,26.04
42ee77ec-4258-491d-be8b-05dfdca0bb4f,clipgt-baabc57d-5255-43f9-a0b8-74490fb77494,26.4.96-91b06fb8,sample_set/26.04_release/baabc57d-5255-43f9-a0b8-74490fb77494/baabc57d-5255-43f9-a0b8-74490fb77494.usdz,2026-08-05 19:15:07,huggingface,26.04
8f25f275-cbf4-4ea0-aedc-ff7c62bc0d39,clipgt-bad7a546-ebed-4ba6-9fd5-a0925e725689,26.4.96-91b06fb8,sample_set/26.04_release/bad7a546-ebed-4ba6-9fd5-a0925e725689/bad7a546-ebed-4ba6-9fd5-a0925e725689.usdz,2026-08-05 19:15:07,huggingface,26.04
63ad9eeb-b9ae-46b1-bee1-e4b9f6ed6337,clipgt-bad8bcb5-b305-426b-9ca9-1d9504f2fa3b,26.4.96-91b06fb8,sample_set/26.04_release/bad8bcb5-b305-426b-9ca9-1d9504f2fa3b/bad8bcb5-b305-426b-9ca9-1d9504f2fa3b.usdz,2026-08-05 19:15:07,huggingface,26.04
7114cb2f-ec74-447e-b9e9-0b4c87b11e37,clipgt-bb16e4a7-9a43-4454-818f-c7b07d22c0c6,26.4.96-91b06fb8,sample_set/26.04_release/bb16e4a7-9a43-4454-818f-c7b07d22c0c6/bb16e4a7-9a43-4454-818f-c7b07d22c0c6.usdz,2026-08-05 19:15:07,huggingface,26.04
78ef4c33-c611-48f4-a12a-42fff1ccda47,clipgt-bb1b395f-c51d-4a16-87ad-7310a7bbf086,26.4.96-91b06fb8,sample_set/26.04_release/bb1b395f-c51d-4a16-87ad-7310a7bbf086/bb1b395f-c51d-4a16-87ad-7310a7bbf086.usdz,2026-08-05 19:15:07,huggingface,26.04
73c6f926-04e8-454c-8540-263900e876e7,clipgt-bb4394e7-7485-43f3-877c-f83e40d48a13,26.4.96-91b06fb8,sample_set/26.04_release/bb4394e7-7485-43f3-877c-f83e40d48a13/bb4394e7-7485-43f3-877c-f83e40d48a13.usdz,2026-08-05 19:15:07,huggingface,26.04
889302a0-42bd-49d4-b463-b42dd2fbfd3a,clipgt-bb4c859c-a4af-49ce-ad4d-0c4347053dd8,26.4.96-91b06fb8,sample_set/26.04_release/bb4c859c-a4af-49ce-ad4d-0c4347053dd8/bb4c859c-a4af-49ce-ad4d-0c4347053dd8.usdz,2026-08-05 19:15:07,huggingface,26.04
a70e0c6d-740b-4249-a86d-b63f1eec7eef,clipgt-bb5389f1-9514-4cfa-8322-dae897ed3786,26.4.96-91b06fb8,sample_set/26.04_release/bb5389f1-9514-4cfa-8322-dae897ed3786/bb5389f1-9514-4cfa-8322-dae897ed3786.usdz,2026-08-05 19:15:07,huggingface,26.04
e16205f7-dda4-4cf0-a112-c03b9194f6d9,clipgt-bb686dcc-99d8-460d-92d2-85ec047000f1,26.4.96-91b06fb8,sample_set/26.04_release/bb686dcc-99d8-460d-92d2-85ec047000f1/bb686dcc-99d8-460d-92d2-85ec047000f1.usdz,2026-08-05 19:15:07,huggingface,26.04
ea738e26-a8fc-4acb-ace4-10e47aadfaf0,clipgt-bbc1699d-be16-42e4-9723-14a45c9c5f59,26.4.96-91b06fb8,sample_set/26.04_release/bbc1699d-be16-42e4-9723-14a45c9c5f59/bbc1699d-be16-42e4-9723-14a45c9c5f59.usdz,2026-08-05 19:15:07,huggingface,26.04
a8ce4494-8c06-4cf4-9a38-5ead38599bfa,clipgt-bbc85cf8-8056-4780-b746-5846768ed6b3,26.4.96-91b06fb8,sample_set/26.04_release/bbc85cf8-8056-4780-b746-5846768ed6b3/bbc85cf8-8056-4780-b746-5846768ed6b3.usdz,2026-08-05 19:15:07,huggingface,26.04
edc638d6-cdfd-479a-9a6b-8dd7310d2dbc,clipgt-bbf8ca4c-c999-4dd4-bb21-cb05832c86bb,26.4.96-91b06fb8,sample_set/26.04_release/bbf8ca4c-c999-4dd4-bb21-cb05832c86bb/bbf8ca4c-c999-4dd4-bb21-cb05832c86bb.usdz,2026-08-05 19:15:07,huggingface,26.04
decd4419-b485-4112-8222-9aaaa271aae9,clipgt-bc309fd6-f660-43eb-84aa-c514bffa305e,26.4.96-91b06fb8,sample_set/26.04_release/bc309fd6-f660-43eb-84aa-c514bffa305e/bc309fd6-f660-43eb-84aa-c514bffa305e.usdz,2026-08-05 19:15:07,huggingface,26.04
90568f68-5660-492a-808d-b093f41700ea,clipgt-bc6bb6bd-6a9f-43c6-a2dc-7edfc5f27f55,26.4.96-91b06fb8,sample_set/26.04_release/bc6bb6bd-6a9f-43c6-a2dc-7edfc5f27f55/bc6bb6bd-6a9f-43c6-a2dc-7edfc5f27f55.usdz,2026-08-05 19:15:07,huggingface,26.04
024a9932-162f-44b9-bb10-fedebbddccfd,clipgt-bc843fa0-b475-46af-8e88-ba1597c02128,26.4.96-91b06fb8,sample_set/26.04_release/bc843fa0-b475-46af-8e88-ba1597c02128/bc843fa0-b475-46af-8e88-ba1597c02128.usdz,2026-08-05 19:15:07,huggingface,26.04
831afe9c-6fbf-4ec9-833a-39c93b8e5bb0,clipgt-bc9ffa8d-7428-49b9-9c1e-54d9e27f134b,26.4.96-91b06fb8,sample_set/26.04_release/bc9ffa8d-7428-49b9-9c1e-54d9e27f134b/bc9ffa8d-7428-49b9-9c1e-54d9e27f134b.usdz,2026-08-05 19:15:07,huggingface,26.04
fc908e18-5b29-4662-9832-ec218d4038ba,clipgt-bd0d494f-fd3c-4d53-a4b2-7e7f3519b3f9,26.4.96-91b06fb8,sample_set/26.04_release/bd0d494f-fd3c-4d53-a4b2-7e7f3519b3f9/bd0d494f-fd3c-4d53-a4b2-7e7f3519b3f9.usdz,2026-08-05 19:15:07,huggingface,26.04
5b56143b-fd9b-446c-b1d9-7c4e800587cd,clipgt-bd2861b3-ef20-4563-a7b6-4f2f9423326c,26.4.96-91b06fb8,sample_set/26.04_release/bd2861b3-ef20-4563-a7b6-4f2f9423326c/bd2861b3-ef20-4563-a7b6-4f2f9423326c.usdz,2026-08-05 19:15:07,huggingface,26.04
dad80914-94aa-4510-8d1c-068401e71624,clipgt-bd2e4de4-3ba5-4b18-a79c-5edf9a5518ca,26.4.96-91b06fb8,sample_set/26.04_release/bd2e4de4-3ba5-4b18-a79c-5edf9a5518ca/bd2e4de4-3ba5-4b18-a79c-5edf9a5518ca.usdz,2026-08-05 19:15:07,huggingface,26.04
b540031b-3950-4fc8-9936-d1ca93a33c5c,clipgt-bd4383fb-620f-468f-9b40-17e72807d224,26.4.96-91b06fb8,sample_set/26.04_release/bd4383fb-620f-468f-9b40-17e72807d224/bd4383fb-620f-468f-9b40-17e72807d224.usdz,2026-08-05 19:15:07,huggingface,26.04
b56026be-0957-4f17-a064-f6d0fe6edcb6,clipgt-bd6387a0-ca7d-4c02-a684-90c141acbc19,26.4.96-91b06fb8,sample_set/26.04_release/bd6387a0-ca7d-4c02-a684-90c141acbc19/bd6387a0-ca7d-4c02-a684-90c141acbc19.usdz,2026-08-05 19:15:07,huggingface,26.04
1640289c-32bb-43fe-8b83-d09ef32c8bfe,clipgt-bdc3344d-4e43-45b9-807c-f7526199e4ef,26.4.96-91b06fb8,sample_set/26.04_release/bdc3344d-4e43-45b9-807c-f7526199e4ef/bdc3344d-4e43-45b9-807c-f7526199e4ef.usdz,2026-08-05 19:15:07,huggingface,26.04
41ccad2e-6f19-4115-9188-b225a25cc4e5,clipgt-bdf2c763-f8a8-4a01-9efe-6482cf9f806d,26.4.96-91b06fb8,sample_set/26.04_release/bdf2c763-f8a8-4a01-9efe-6482cf9f806d/bdf2c763-f8a8-4a01-9efe-6482cf9f806d.usdz,2026-08-05 19:15:07,huggingface,26.04
a6e3a59e-fd0c-400a-a047-aa79645046b0,clipgt-be087898-8bd5-4f41-82a8-ff3d875ef026,26.4.96-91b06fb8,sample_set/26.04_release/be087898-8bd5-4f41-82a8-ff3d875ef026/be087898-8bd5-4f41-82a8-ff3d875ef026.usdz,2026-08-05 19:15:07,huggingface,26.04
17541bd9-0797-4133-a311-a8e640502cde,clipgt-be0d3628-098d-4ac7-a52c-36b71c50e293,26.4.96-91b06fb8,sample_set/26.04_release/be0d3628-098d-4ac7-a52c-36b71c50e293/be0d3628-098d-4ac7-a52c-36b71c50e293.usdz,2026-08-05 19:15:07,huggingface,26.04
df973256-bad9-44b9-b056-42239e1dc9cd,clipgt-be3160a6-4490-45ff-aa03-acddbfbcf36a,26.4.96-91b06fb8,sample_set/26.04_release/be3160a6-4490-45ff-aa03-acddbfbcf36a/be3160a6-4490-45ff-aa03-acddbfbcf36a.usdz,2026-08-05 19:15:07,huggingface,26.04
dca9b591-24ab-4f6c-85ff-b1e97bd3b793,clipgt-be6cb24e-b69c-4967-8a49-09d9d150a12a,26.4.96-91b06fb8,sample_set/26.04_release/be6cb24e-b69c-4967-8a49-09d9d150a12a/be6cb24e-b69c-4967-8a49-09d9d150a12a.usdz,2026-08-05 19:15:07,huggingface,26.04
31e3a95a-6db0-433c-bfc0-c9444fd81b5b,clipgt-be794864-766e-438a-86d7-ec06da5ee921,26.4.96-91b06fb8,sample_set/26.04_release/be794864-766e-438a-86d7-ec06da5ee921/be794864-766e-438a-86d7-ec06da5ee921.usdz,2026-08-05 19:15:07,huggingface,26.04
38f6d02e-885c-4a6f-af2f-ef93c936a2ac,clipgt-be9a1742-c4f2-42aa-bbe0-13b071abfeea,26.4.96-91b06fb8,sample_set/26.04_release/be9a1742-c4f2-42aa-bbe0-13b071abfeea/be9a1742-c4f2-42aa-bbe0-13b071abfeea.usdz,2026-08-05 19:15:07,huggingface,26.04
b19c971e-fc30-4868-87c9-80ca39924106,clipgt-beebc21f-65c2-4c8e-9755-131231b175e3,26.4.96-91b06fb8,sample_set/26.04_release/beebc21f-65c2-4c8e-9755-131231b175e3/beebc21f-65c2-4c8e-9755-131231b175e3.usdz,2026-08-05 19:15:07,huggingface,26.04
2973acc4-358c-4339-a7c3-fc92dcb1924f,clipgt-bf56fd00-f06d-4af9-903a-2cf8d0e0589d,26.4.96-91b06fb8,sample_set/26.04_release/bf56fd00-f06d-4af9-903a-2cf8d0e0589d/bf56fd00-f06d-4af9-903a-2cf8d0e0589d.usdz,2026-08-05 19:15:07,huggingface,26.04
4e2537c1-485f-4123-aac0-60d9d77ab7c7,clipgt-bfb44da0-94d3-4f5a-8a5a-a22083e37117,26.4.96-91b06fb8,sample_set/26.04_release/bfb44da0-94d3-4f5a-8a5a-a22083e37117/bfb44da0-94d3-4f5a-8a5a-a22083e37117.usdz,2026-08-05 19:15:07,huggingface,26.04
8f30778c-9b35-4a61-b3e9-afd33008044f,clipgt-c00ec009-0efe-4b28-a85a-9b76b1bda069,26.4.96-91b06fb8,sample_set/26.04_release/c00ec009-0efe-4b28-a85a-9b76b1bda069/c00ec009-0efe-4b28-a85a-9b76b1bda069.usdz,2026-08-05 19:15:07,huggingface,26.04
97fb5e3a-2cba-499b-9768-b7499fb34495,clipgt-c0268e70-6d17-4232-a4e5-62c865f5d9ba,26.4.96-91b06fb8,sample_set/26.04_release/c0268e70-6d17-4232-a4e5-62c865f5d9ba/c0268e70-6d17-4232-a4e5-62c865f5d9ba.usdz,2026-08-05 19:15:07,huggingface,26.04
b806d16b-4509-4ee5-bb84-d8a1b9c61e27,clipgt-c0287270-a748-4317-9b3a-7420f63db47a,26.4.96-91b06fb8,sample_set/26.04_release/c0287270-a748-4317-9b3a-7420f63db47a/c0287270-a748-4317-9b3a-7420f63db47a.usdz,2026-08-05 19:15:07,huggingface,26.04
4e5cef29-4aba-495b-a42f-07dc897c92b5,clipgt-c099d336-1152-4d57-b121-f325d8acb0e4,26.4.96-91b06fb8,sample_set/26.04_release/c099d336-1152-4d57-b121-f325d8acb0e4/c099d336-1152-4d57-b121-f325d8acb0e4.usdz,2026-08-05 19:15:07,huggingface,26.04
f6aa12c2-3e43-4bf4-b7f7-7d3cba99287f,clipgt-c11ccf9f-65fc-4054-b945-d514c5fc7943,26.4.96-91b06fb8,sample_set/26.04_release/c11ccf9f-65fc-4054-b945-d514c5fc7943/c11ccf9f-65fc-4054-b945-d514c5fc7943.usdz,2026-08-05 19:15:07,huggingface,26.04
40185153-4102-42b4-904c-1f7c8ab9f490,clipgt-c1258d64-ffa2-408b-94ad-1060674f480a,26.4.96-91b06fb8,sample_set/26.04_release/c1258d64-ffa2-408b-94ad-1060674f480a/c1258d64-ffa2-408b-94ad-1060674f480a.usdz,2026-08-05 19:15:07,huggingface,26.04
ce59ee31-0d2c-4bca-9db6-b259bc3c9460,clipgt-c131bc24-ae60-4d16-a60c-2f4501763269,26.4.96-91b06fb8,sample_set/26.04_release/c131bc24-ae60-4d16-a60c-2f4501763269/c131bc24-ae60-4d16-a60c-2f4501763269.usdz,2026-08-05 19:15:07,huggingface,26.04
62f22308-63d4-400d-ae50-239a5a7a7051,clipgt-c148b111-cd19-4dda-a49d-15eb91850656,26.4.96-91b06fb8,sample_set/26.04_release/c148b111-cd19-4dda-a49d-15eb91850656/c148b111-cd19-4dda-a49d-15eb91850656.usdz,2026-08-05 19:15:07,huggingface,26.04
18a70b17-9893-4dc2-ada8-dd5ee58a911a,clipgt-c16477bc-54aa-4c57-ac87-3104a05d284e,26.4.96-91b06fb8,sample_set/26.04_release/c16477bc-54aa-4c57-ac87-3104a05d284e/c16477bc-54aa-4c57-ac87-3104a05d284e.usdz,2026-08-05 19:15:07,huggingface,26.04
a8f5fa5f-2032-4dbc-b409-5f0f6b412da5,clipgt-c188e702-7240-4987-b61c-9d6d7fd7e86f,26.4.96-91b06fb8,sample_set/26.04_release/c188e702-7240-4987-b61c-9d6d7fd7e86f/c188e702-7240-4987-b61c-9d6d7fd7e86f.usdz,2026-08-05 19:15:07,huggingface,26.04
1dec36ae-1ddb-4a3e-90ac-fb871fb08d9d,clipgt-c18eafbb-0606-4695-9525-c7b3585d02db,26.4.96-91b06fb8,sample_set/26.04_release/c18eafbb-0606-4695-9525-c7b3585d02db/c18eafbb-0606-4695-9525-c7b3585d02db.usdz,2026-08-05 19:15:07,huggingface,26.04
1365a770-30ae-4a25-b8d5-48ed6abcc84e,clipgt-c25bc17c-e4f9-4880-ae9c-040d89d9c61f,26.4.96-91b06fb8,sample_set/26.04_release/c25bc17c-e4f9-4880-ae9c-040d89d9c61f/c25bc17c-e4f9-4880-ae9c-040d89d9c61f.usdz,2026-08-05 19:15:07,huggingface,26.04
ce0b829c-7e0f-4738-914b-4c280f2deaf3,clipgt-c2b92dec-69e5-45ce-bfb8-87c556e274b1,26.4.96-91b06fb8,sample_set/26.04_release/c2b92dec-69e5-45ce-bfb8-87c556e274b1/c2b92dec-69e5-45ce-bfb8-87c556e274b1.usdz,2026-08-05 19:15:07,huggingface,26.04
bbd5fff5-2684-4271-8393-b65693578efb,clipgt-c30139ac-c783-4531-ac27-a87a69f74f8a,26.4.96-91b06fb8,sample_set/26.04_release/c30139ac-c783-4531-ac27-a87a69f74f8a/c30139ac-c783-4531-ac27-a87a69f74f8a.usdz,2026-08-05 19:15:07,huggingface,26.04
668e9def-be58-4921-9bfc-298bdeec71f9,clipgt-c326465f-e1cd-4191-8778-9b4be26d2836,26.4.96-91b06fb8,sample_set/26.04_release/c326465f-e1cd-4191-8778-9b4be26d2836/c326465f-e1cd-4191-8778-9b4be26d2836.usdz,2026-08-05 19:15:07,huggingface,26.04
3403453f-23c1-4f80-b49e-4fbb0918dfa7,clipgt-c3d4065e-ee11-4fcc-a7f0-41b031316544,26.4.96-91b06fb8,sample_set/26.04_release/c3d4065e-ee11-4fcc-a7f0-41b031316544/c3d4065e-ee11-4fcc-a7f0-41b031316544.usdz,2026-08-05 19:15:07,huggingface,26.04
c628e4e5-ab8a-450b-a87c-9ada33926420,clipgt-c404b833-65c7-4519-aad8-449b5af8b3f2,26.4.96-91b06fb8,sample_set/26.04_release/c404b833-65c7-4519-aad8-449b5af8b3f2/c404b833-65c7-4519-aad8-449b5af8b3f2.usdz,2026-08-05 19:15:07,huggingface,26.04
21f2367a-8d3a-4bb2-b9ca-6baf5d64e75c,clipgt-c4100c5d-aa42-4e68-a7e8-1704768a453d,26.4.96-91b06fb8,sample_set/26.04_release/c4100c5d-aa42-4e68-a7e8-1704768a453d/c4100c5d-aa42-4e68-a7e8-1704768a453d.usdz,2026-08-05 19:15:07,huggingface,26.04
d8abcd92-bbb9-4b31-a033-76a933e0f1f1,clipgt-c4a58f83-eeba-4f43-a5b6-6075b7a8437e,26.4.96-91b06fb8,sample_set/26.04_release/c4a58f83-eeba-4f43-a5b6-6075b7a8437e/c4a58f83-eeba-4f43-a5b6-6075b7a8437e.usdz,2026-08-05 19:15:07,huggingface,26.04
5c86fda7-3cb8-4045-9cf1-9d1d7fe6993d,clipgt-c51a2930-b9f6-4748-b67d-38fa7f0495f2,26.4.96-91b06fb8,sample_set/26.04_release/c51a2930-b9f6-4748-b67d-38fa7f0495f2/c51a2930-b9f6-4748-b67d-38fa7f0495f2.usdz,2026-08-05 19:15:07,huggingface,26.04
67d1b841-2a86-4d77-89ab-295a8d1d200b,clipgt-c5638d32-5df6-4cfc-b07a-b9948309d573,26.4.96-91b06fb8,sample_set/26.04_release/c5638d32-5df6-4cfc-b07a-b9948309d573/c5638d32-5df6-4cfc-b07a-b9948309d573.usdz,2026-08-05 19:15:07,huggingface,26.04
bb5945d4-e857-4874-86a9-518b8177f664,clipgt-c59e9d03-fba8-423b-b79c-06594cffff10,26.4.96-91b06fb8,sample_set/26.04_release/c59e9d03-fba8-423b-b79c-06594cffff10/c59e9d03-fba8-423b-b79c-06594cffff10.usdz,2026-08-05 19:15:07,huggingface,26.04
80b08338-3bd7-4616-830a-9bce57458995,clipgt-c5da4975-f324-48bc-823c-885d1e1ae0ea,26.4.96-91b06fb8,sample_set/26.04_release/c5da4975-f324-48bc-823c-885d1e1ae0ea/c5da4975-f324-48bc-823c-885d1e1ae0ea.usdz,2026-08-05 19:15:07,huggingface,26.04
62b73040-8dec-43cf-81b3-7d435ed8a535,clipgt-c60175e9-28dc-44cc-b34f-40347cc3861b,26.4.96-91b06fb8,sample_set/26.04_release/c60175e9-28dc-44cc-b34f-40347cc3861b/c60175e9-28dc-44cc-b34f-40347cc3861b.usdz,2026-08-05 19:15:07,huggingface,26.04
96992a2a-0c54-4f0f-9348-773ff8ee6e66,clipgt-c6567f4a-ae33-41cb-bda6-c683a280141a,26.4.96-91b06fb8,sample_set/26.04_release/c6567f4a-ae33-41cb-bda6-c683a280141a/c6567f4a-ae33-41cb-bda6-c683a280141a.usdz,2026-08-05 19:15:07,huggingface,26.04
74010164-4c4f-4562-b816-72020aaf1943,clipgt-c67bdfef-f86b-44d4-a429-a8f2371dd1d3,26.4.96-91b06fb8,sample_set/26.04_release/c67bdfef-f86b-44d4-a429-a8f2371dd1d3/c67bdfef-f86b-44d4-a429-a8f2371dd1d3.usdz,2026-08-05 19:15:07,huggingface,26.04
82ec2550-a980-4e38-888c-415754501425,clipgt-c692a017-f113-48c0-b1dc-c6383490edb5,26.4.96-91b06fb8,sample_set/26.04_release/c692a017-f113-48c0-b1dc-c6383490edb5/c692a017-f113-48c0-b1dc-c6383490edb5.usdz,2026-08-05 19:15:07,huggingface,26.04
662ff295-500c-4872-8f5d-8f65e0ad50a7,clipgt-c6c01d25-ff8a-4cc3-9d33-27598d48dd90,26.4.96-91b06fb8,sample_set/26.04_release/c6c01d25-ff8a-4cc3-9d33-27598d48dd90/c6c01d25-ff8a-4cc3-9d33-27598d48dd90.usdz,2026-08-05 19:15:07,huggingface,26.04
3f9d9b8f-b21c-4f36-a3b6-d156270131b7,clipgt-c6ebf66e-2474-4de9-a436-3abdec13a05b,26.4.96-91b06fb8,sample_set/26.04_release/c6ebf66e-2474-4de9-a436-3abdec13a05b/c6ebf66e-2474-4de9-a436-3abdec13a05b.usdz,2026-08-05 19:15:07,huggingface,26.04
aa845d18-9413-4cc3-9a6a-7fd2cb19d5e9,clipgt-c6fda46d-1c2c-4646-af7c-caa041c5d27d,26.4.96-91b06fb8,sample_set/26.04_release/c6fda46d-1c2c-4646-af7c-caa041c5d27d/c6fda46d-1c2c-4646-af7c-caa041c5d27d.usdz,2026-08-05 19:15:07,huggingface,26.04
5a292edd-e101-4588-b801-94469e744db1,clipgt-c71afeca-6381-49d6-98ef-3c5fb9fe32c8,26.4.96-91b06fb8,sample_set/26.04_release/c71afeca-6381-49d6-98ef-3c5fb9fe32c8/c71afeca-6381-49d6-98ef-3c5fb9fe32c8.usdz,2026-08-05 19:15:07,huggingface,26.04
8b0cc895-88cc-447a-ae62-c4506bba84a7,clipgt-c76072c5-82a6-4b1e-b62f-a9da2ef48762,26.4.96-91b06fb8,sample_set/26.04_release/c76072c5-82a6-4b1e-b62f-a9da2ef48762/c76072c5-82a6-4b1e-b62f-a9da2ef48762.usdz,2026-08-05 19:15:07,huggingface,26.04
d53f6632-c818-42f8-8b51-eb0e3994aec1,clipgt-c77fd5cd-89ba-4bca-89e1-71810a3accad,26.4.96-91b06fb8,sample_set/26.04_release/c77fd5cd-89ba-4bca-89e1-71810a3accad/c77fd5cd-89ba-4bca-89e1-71810a3accad.usdz,2026-08-05 19:15:07,huggingface,26.04
94553e55-91b0-4c0c-ae41-8e0f8ce74d91,clipgt-c7956ed6-0be6-44f2-8066-da068a6352b4,26.4.96-91b06fb8,sample_set/26.04_release/c7956ed6-0be6-44f2-8066-da068a6352b4/c7956ed6-0be6-44f2-8066-da068a6352b4.usdz,2026-08-05 19:15:07,huggingface,26.04
f290bbcc-b549-4361-ae39-c5144d096f0f,clipgt-c7c79213-4972-4cf7-b5f7-85f15feac500,26.4.96-91b06fb8,sample_set/26.04_release/c7c79213-4972-4cf7-b5f7-85f15feac500/c7c79213-4972-4cf7-b5f7-85f15feac500.usdz,2026-08-05 19:15:07,huggingface,26.04
66219116-fffe-4ee5-abaf-5f79d2ac67b5,clipgt-c838816a-2765-4981-b5aa-4160d400f92d,26.4.96-91b06fb8,sample_set/26.04_release/c838816a-2765-4981-b5aa-4160d400f92d/c838816a-2765-4981-b5aa-4160d400f92d.usdz,2026-08-05 19:15:07,huggingface,26.04
6b3a1867-e806-4582-950b-f3df3ea63085,clipgt-c860712d-9b2d-4639-811c-52d2be254a04,26.4.96-91b06fb8,sample_set/26.04_release/c860712d-9b2d-4639-811c-52d2be254a04/c860712d-9b2d-4639-811c-52d2be254a04.usdz,2026-08-05 19:15:07,huggingface,26.04
b385a0ca-d2cb-4b5e-b100-65dae387de3a,clipgt-c8641276-c887-465d-b88e-df70bd7214b6,26.4.96-91b06fb8,sample_set/26.04_release/c8641276-c887-465d-b88e-df70bd7214b6/c8641276-c887-465d-b88e-df70bd7214b6.usdz,2026-08-05 19:15:07,huggingface,26.04
8f076c1a-19be-4e4a-a106-aa0ff9431549,clipgt-c88ff67f-e20d-4528-a085-37ac52e7be8a,26.4.96-91b06fb8,sample_set/26.04_release/c88ff67f-e20d-4528-a085-37ac52e7be8a/c88ff67f-e20d-4528-a085-37ac52e7be8a.usdz,2026-08-05 19:15:07,huggingface,26.04
2ee67737-e70f-4771-9e5c-32dcd47c3a3c,clipgt-c8c798be-9854-4043-80c1-a45cd584c8ae,26.4.96-91b06fb8,sample_set/26.04_release/c8c798be-9854-4043-80c1-a45cd584c8ae/c8c798be-9854-4043-80c1-a45cd584c8ae.usdz,2026-08-05 19:15:07,huggingface,26.04
071ab476-8ad5-45c0-aca9-9d627b23daad,clipgt-c8e4cce1-6932-4a35-8419-072cd6c656a4,26.4.96-91b06fb8,sample_set/26.04_release/c8e4cce1-6932-4a35-8419-072cd6c656a4/c8e4cce1-6932-4a35-8419-072cd6c656a4.usdz,2026-08-05 19:15:07,huggingface,26.04
05d99452-bcdc-446e-8a63-933aec2472af,clipgt-c9047f0b-3765-4793-b6f8-e05eaadcad3b,26.4.96-91b06fb8,sample_set/26.04_release/c9047f0b-3765-4793-b6f8-e05eaadcad3b/c9047f0b-3765-4793-b6f8-e05eaadcad3b.usdz,2026-08-05 19:15:07,huggingface,26.04
a5598f29-cceb-4995-bd20-476b4eb0b4b3,clipgt-c92137b4-0ce7-4d65-a44c-414d7c104b76,26.4.96-91b06fb8,sample_set/26.04_release/c92137b4-0ce7-4d65-a44c-414d7c104b76/c92137b4-0ce7-4d65-a44c-414d7c104b76.usdz,2026-08-05 19:15:07,huggingface,26.04
520025a6-330f-4c48-836b-597e5efc8e64,clipgt-c928d7e1-164a-4940-b17d-692bea9210d5,26.4.96-91b06fb8,sample_set/26.04_release/c928d7e1-164a-4940-b17d-692bea9210d5/c928d7e1-164a-4940-b17d-692bea9210d5.usdz,2026-08-05 19:15:07,huggingface,26.04
ce8cc27a-9013-40e5-9645-7aa97eb664ce,clipgt-c9311b4c-5380-45e9-a855-9b5c4e27afe8,26.4.96-91b06fb8,sample_set/26.04_release/c9311b4c-5380-45e9-a855-9b5c4e27afe8/c9311b4c-5380-45e9-a855-9b5c4e27afe8.usdz,2026-08-05 19:15:07,huggingface,26.04
42823321-9bfd-463f-98fe-1f974d7101e2,clipgt-c97537ee-83a4-4259-98d8-c61790ea7613,26.4.96-91b06fb8,sample_set/26.04_release/c97537ee-83a4-4259-98d8-c61790ea7613/c97537ee-83a4-4259-98d8-c61790ea7613.usdz,2026-08-05 19:15:07,huggingface,26.04
b5ae7568-1f93-45f7-becb-d912a984bad4,clipgt-c9794ef0-4b7d-4682-8813-f1e23c5916d7,26.4.96-91b06fb8,sample_set/26.04_release/c9794ef0-4b7d-4682-8813-f1e23c5916d7/c9794ef0-4b7d-4682-8813-f1e23c5916d7.usdz,2026-08-05 19:15:07,huggingface,26.04
94497642-2b31-4196-86d3-4a950033e754,clipgt-c9836782-1533-4ad3-8ae9-23282d5e09cb,26.4.96-91b06fb8,sample_set/26.04_release/c9836782-1533-4ad3-8ae9-23282d5e09cb/c9836782-1533-4ad3-8ae9-23282d5e09cb.usdz,2026-08-05 19:15:07,huggingface,26.04
344ddba1-7044-4802-bc6b-6416b765d050,clipgt-c9c18f64-af95-4b11-b2db-c6370d51ed53,26.4.96-91b06fb8,sample_set/26.04_release/c9c18f64-af95-4b11-b2db-c6370d51ed53/c9c18f64-af95-4b11-b2db-c6370d51ed53.usdz,2026-08-05 19:15:07,huggingface,26.04
f609db7f-4566-4aad-9b17-597dfe537b7a,clipgt-ca173de1-7cc2-4bf9-865a-57c9af85bb8c,26.4.96-91b06fb8,sample_set/26.04_release/ca173de1-7cc2-4bf9-865a-57c9af85bb8c/ca173de1-7cc2-4bf9-865a-57c9af85bb8c.usdz,2026-08-05 19:15:07,huggingface,26.04
2526e271-2435-439f-8bd7-e5c3622ed3e2,clipgt-ca2cb16e-b2f0-41fc-a35b-5b152a12956e,26.4.96-91b06fb8,sample_set/26.04_release/ca2cb16e-b2f0-41fc-a35b-5b152a12956e/ca2cb16e-b2f0-41fc-a35b-5b152a12956e.usdz,2026-08-05 19:15:07,huggingface,26.04
bd877dfb-4bf1-4fbb-a711-c117cb10d52b,clipgt-ca481583-5812-4288-ad42-82643cfb7097,26.4.96-91b06fb8,sample_set/26.04_release/ca481583-5812-4288-ad42-82643cfb7097/ca481583-5812-4288-ad42-82643cfb7097.usdz,2026-08-05 19:15:07,huggingface,26.04
7f923a02-e606-4287-b3bd-eb405183c87b,clipgt-ca7accbc-3505-4fe3-9ef8-ad1e5a5041e4,26.4.96-91b06fb8,sample_set/26.04_release/ca7accbc-3505-4fe3-9ef8-ad1e5a5041e4/ca7accbc-3505-4fe3-9ef8-ad1e5a5041e4.usdz,2026-08-05 19:15:07,huggingface,26.04
e7dec70b-8d12-483f-b1d5-4dc56b50b864,clipgt-ca97c826-dfb7-4fec-8087-b9fb69987d7b,26.4.96-91b06fb8,sample_set/26.04_release/ca97c826-dfb7-4fec-8087-b9fb69987d7b/ca97c826-dfb7-4fec-8087-b9fb69987d7b.usdz,2026-08-05 19:15:07,huggingface,26.04
5b408d81-021b-4acd-b05d-fee5ebdbfca9,clipgt-cb157636-0dfe-4124-a512-654903465ab2,26.4.96-91b06fb8,sample_set/26.04_release/cb157636-0dfe-4124-a512-654903465ab2/cb157636-0dfe-4124-a512-654903465ab2.usdz,2026-08-05 19:15:07,huggingface,26.04
cb75f0e7-c9b0-4253-98cb-0e450c776709,clipgt-cb1b00aa-b3a5-40b2-99d1-5175d6f70e13,26.4.96-91b06fb8,sample_set/26.04_release/cb1b00aa-b3a5-40b2-99d1-5175d6f70e13/cb1b00aa-b3a5-40b2-99d1-5175d6f70e13.usdz,2026-08-05 19:15:07,huggingface,26.04
092a2932-546e-4f4b-ac0c-8614c4654782,clipgt-cb6b172b-7319-44fd-aabc-4b61e6ca8f13,26.4.96-91b06fb8,sample_set/26.04_release/cb6b172b-7319-44fd-aabc-4b61e6ca8f13/cb6b172b-7319-44fd-aabc-4b61e6ca8f13.usdz,2026-08-05 19:15:07,huggingface,26.04
aabd2481-b7fb-4aed-82b8-43a93bca9cdf,clipgt-cb882dc8-3a6f-46e6-a157-f245eb1b58c2,26.4.96-91b06fb8,sample_set/26.04_release/cb882dc8-3a6f-46e6-a157-f245eb1b58c2/cb882dc8-3a6f-46e6-a157-f245eb1b58c2.usdz,2026-08-05 19:15:07,huggingface,26.04
f3450fd3-e8e9-4242-8741-7060be7a87c8,clipgt-cb909f6e-6488-405b-9bb0-c9b50d29a7c2,26.4.96-91b06fb8,sample_set/26.04_release/cb909f6e-6488-405b-9bb0-c9b50d29a7c2/cb909f6e-6488-405b-9bb0-c9b50d29a7c2.usdz,2026-08-05 19:15:07,huggingface,26.04
98aa5c25-fe4f-4d61-8e8d-cf46c71d9b33,clipgt-cc466599-a3da-438c-b3ef-fdc6bd282e31,26.4.96-91b06fb8,sample_set/26.04_release/cc466599-a3da-438c-b3ef-fdc6bd282e31/cc466599-a3da-438c-b3ef-fdc6bd282e31.usdz,2026-08-05 19:15:07,huggingface,26.04
add1e958-3852-4eaa-87b7-20dc0506222a,clipgt-cca40c7a-35b5-449f-a177-f7be61c96660,26.4.96-91b06fb8,sample_set/26.04_release/cca40c7a-35b5-449f-a177-f7be61c96660/cca40c7a-35b5-449f-a177-f7be61c96660.usdz,2026-08-05 19:15:07,huggingface,26.04
e1d43020-2678-4fbc-871f-0c66204a63fc,clipgt-ccb80b67-0cd9-4419-987f-d985d4a78d55,26.4.96-91b06fb8,sample_set/26.04_release/ccb80b67-0cd9-4419-987f-d985d4a78d55/ccb80b67-0cd9-4419-987f-d985d4a78d55.usdz,2026-08-05 19:15:07,huggingface,26.04
64af053a-698b-4f0f-89eb-e92da784c18b,clipgt-ccc1ac21-05b2-414c-83ab-647eaf562fc1,26.4.96-91b06fb8,sample_set/26.04_release/ccc1ac21-05b2-414c-83ab-647eaf562fc1/ccc1ac21-05b2-414c-83ab-647eaf562fc1.usdz,2026-08-05 19:15:07,huggingface,26.04
1e6df113-7bcf-4e2e-be51-364a43cd92f9,clipgt-ccd14274-9097-4651-b5b7-d89359531faf,26.4.96-91b06fb8,sample_set/26.04_release/ccd14274-9097-4651-b5b7-d89359531faf/ccd14274-9097-4651-b5b7-d89359531faf.usdz,2026-08-05 19:15:07,huggingface,26.04
68c9739b-d6f5-41a6-aa95-6aae9718aa7a,clipgt-ccfa26c0-68d3-4869-8b79-180d1865ea59,26.4.96-91b06fb8,sample_set/26.04_release/ccfa26c0-68d3-4869-8b79-180d1865ea59/ccfa26c0-68d3-4869-8b79-180d1865ea59.usdz,2026-08-05 19:15:07,huggingface,26.04
c36d3e3d-88b5-4d8e-ae9b-b431df2aaa08,clipgt-cd165b64-8c2b-4ec1-9c84-be0b8bbb6e19,26.4.96-91b06fb8,sample_set/26.04_release/cd165b64-8c2b-4ec1-9c84-be0b8bbb6e19/cd165b64-8c2b-4ec1-9c84-be0b8bbb6e19.usdz,2026-08-05 19:15:07,huggingface,26.04
03b05de1-49bd-4881-a38c-186b85ecd9d1,clipgt-cd344c66-c53e-404b-bb11-a4910c62d8d0,26.4.96-91b06fb8,sample_set/26.04_release/cd344c66-c53e-404b-bb11-a4910c62d8d0/cd344c66-c53e-404b-bb11-a4910c62d8d0.usdz,2026-08-05 19:15:07,huggingface,26.04
24feec11-aa06-4ac3-af54-9abd9c025ca2,clipgt-cd3958e4-7022-4cba-96e4-44832f6ce7db,26.4.96-91b06fb8,sample_set/26.04_release/cd3958e4-7022-4cba-96e4-44832f6ce7db/cd3958e4-7022-4cba-96e4-44832f6ce7db.usdz,2026-08-05 19:15:07,huggingface,26.04
6f86b08a-9560-49c4-9553-7c1cd6feeef3,clipgt-cd431630-55a5-4056-ba5e-7362040fa289,26.4.96-91b06fb8,sample_set/26.04_release/cd431630-55a5-4056-ba5e-7362040fa289/cd431630-55a5-4056-ba5e-7362040fa289.usdz,2026-08-05 19:15:07,huggingface,26.04
11409c08-895b-41cf-8f68-cc78f8adeaba,clipgt-cda8a096-0982-4a91-b721-624dac7c83b8,26.4.96-91b06fb8,sample_set/26.04_release/cda8a096-0982-4a91-b721-624dac7c83b8/cda8a096-0982-4a91-b721-624dac7c83b8.usdz,2026-08-05 19:15:07,huggingface,26.04
e9b9513e-ebf2-4c9a-8e3e-808408542072,clipgt-cdf95fd1-c0eb-490c-b0a1-42f3244b1bf1,26.4.96-91b06fb8,sample_set/26.04_release/cdf95fd1-c0eb-490c-b0a1-42f3244b1bf1/cdf95fd1-c0eb-490c-b0a1-42f3244b1bf1.usdz,2026-08-05 19:15:07,huggingface,26.04
769f03af-bdad-4031-a0b6-b18de332d24b,clipgt-ce07b2c9-a3a9-4ce8-82a0-bf68c36d6453,26.4.96-91b06fb8,sample_set/26.04_release/ce07b2c9-a3a9-4ce8-82a0-bf68c36d6453/ce07b2c9-a3a9-4ce8-82a0-bf68c36d6453.usdz,2026-08-05 19:15:07,huggingface,26.04
0e2b0c03-6f9d-4403-b81d-193db60a0666,clipgt-ce75af77-b53c-41b1-8524-390e317d4683,26.4.96-91b06fb8,sample_set/26.04_release/ce75af77-b53c-41b1-8524-390e317d4683/ce75af77-b53c-41b1-8524-390e317d4683.usdz,2026-08-05 19:15:07,huggingface,26.04
d4cd097b-9349-4790-8ec4-b946a19f9616,clipgt-cec140b1-b12b-462a-94e9-80374ada2e26,26.4.96-91b06fb8,sample_set/26.04_release/cec140b1-b12b-462a-94e9-80374ada2e26/cec140b1-b12b-462a-94e9-80374ada2e26.usdz,2026-08-05 19:15:07,huggingface,26.04
519597b3-157e-4a2a-911f-acf44eda878f,clipgt-cf34e1e7-34d0-4c28-806f-0d9be6967abc,26.4.96-91b06fb8,sample_set/26.04_release/cf34e1e7-34d0-4c28-806f-0d9be6967abc/cf34e1e7-34d0-4c28-806f-0d9be6967abc.usdz,2026-08-05 19:15:07,huggingface,26.04
532502dd-f9fd-4f12-94d4-0553c67bda67,clipgt-cf3e7570-25be-4508-ad1c-ad6cba3eb2d1,26.4.96-91b06fb8,sample_set/26.04_release/cf3e7570-25be-4508-ad1c-ad6cba3eb2d1/cf3e7570-25be-4508-ad1c-ad6cba3eb2d1.usdz,2026-08-05 19:15:07,huggingface,26.04
7db0ddb6-b718-43a7-adc2-03e4e7f02db9,clipgt-cf5076fd-0662-48f5-86cf-04819066ebb0,26.4.96-91b06fb8,sample_set/26.04_release/cf5076fd-0662-48f5-86cf-04819066ebb0/cf5076fd-0662-48f5-86cf-04819066ebb0.usdz,2026-08-05 19:15:07,huggingface,26.04
1b3a21ff-7b8e-4b6f-982e-1ae9c334ac81,clipgt-cf9ca3f2-19c1-4bfb-8e10-9463bd85d800,26.4.96-91b06fb8,sample_set/26.04_release/cf9ca3f2-19c1-4bfb-8e10-9463bd85d800/cf9ca3f2-19c1-4bfb-8e10-9463bd85d800.usdz,2026-08-05 19:15:07,huggingface,26.04
c1b3d41f-1267-42fd-a874-9e027f213890,clipgt-cfb360e9-76cf-46ee-a7c2-d9e87f4a1baf,26.4.96-91b06fb8,sample_set/26.04_release/cfb360e9-76cf-46ee-a7c2-d9e87f4a1baf/cfb360e9-76cf-46ee-a7c2-d9e87f4a1baf.usdz,2026-08-05 19:15:07,huggingface,26.04
271bd03b-4200-4963-87d3-c4b666741f96,clipgt-cfc22ce8-a942-4e2a-90de-ff5a5d375287,26.4.96-91b06fb8,sample_set/26.04_release/cfc22ce8-a942-4e2a-90de-ff5a5d375287/cfc22ce8-a942-4e2a-90de-ff5a5d375287.usdz,2026-08-05 19:15:07,huggingface,26.04
1af70673-1729-48e0-b669-38862f87b581,clipgt-d06dd0f0-ce59-4de2-a3c7-404e486b3354,26.4.96-91b06fb8,sample_set/26.04_release/d06dd0f0-ce59-4de2-a3c7-404e486b3354/d06dd0f0-ce59-4de2-a3c7-404e486b3354.usdz,2026-08-05 19:15:07,huggingface,26.04
ebf5b538-af62-48e6-89c4-19e32f233466,clipgt-d078258b-9339-425d-a040-68346ef0d5bc,26.4.96-91b06fb8,sample_set/26.04_release/d078258b-9339-425d-a040-68346ef0d5bc/d078258b-9339-425d-a040-68346ef0d5bc.usdz,2026-08-05 19:15:07,huggingface,26.04
1e7c71d7-c4c2-4e2a-a78e-a208680b23a3,clipgt-d0962d4d-23c0-4b5d-a059-2c1435f81468,26.4.96-91b06fb8,sample_set/26.04_release/d0962d4d-23c0-4b5d-a059-2c1435f81468/d0962d4d-23c0-4b5d-a059-2c1435f81468.usdz,2026-08-05 19:15:07,huggingface,26.04
50124b12-bb6c-4c93-9c37-d0a5d923c980,clipgt-d0a5056e-f552-42e2-94df-2aaf8e3f8f66,26.4.96-91b06fb8,sample_set/26.04_release/d0a5056e-f552-42e2-94df-2aaf8e3f8f66/d0a5056e-f552-42e2-94df-2aaf8e3f8f66.usdz,2026-08-05 19:15:07,huggingface,26.04
6757abd3-7ccc-4f63-b943-1d3bdd775e16,clipgt-d0b9a872-bbc5-4df6-b89d-7987e8ead288,26.4.96-91b06fb8,sample_set/26.04_release/d0b9a872-bbc5-4df6-b89d-7987e8ead288/d0b9a872-bbc5-4df6-b89d-7987e8ead288.usdz,2026-08-05 19:15:07,huggingface,26.04
6425d1b8-70c1-4a78-b728-bd0f3b35095a,clipgt-d0d8a2b6-ac68-4e21-ae93-b30284b3fe2f,26.4.96-91b06fb8,sample_set/26.04_release/d0d8a2b6-ac68-4e21-ae93-b30284b3fe2f/d0d8a2b6-ac68-4e21-ae93-b30284b3fe2f.usdz,2026-08-05 19:15:07,huggingface,26.04
201a1f10-409e-493b-80c1-f2bff75ead6a,clipgt-d0f64342-1f39-41ea-b1eb-be9a5d47ddca,26.4.96-91b06fb8,sample_set/26.04_release/d0f64342-1f39-41ea-b1eb-be9a5d47ddca/d0f64342-1f39-41ea-b1eb-be9a5d47ddca.usdz,2026-08-05 19:15:07,huggingface,26.04
84f7e96b-ce1a-419e-bcde-e052e96ff145,clipgt-d1681242-2510-4d3e-be98-15b2d35a636e,26.4.96-91b06fb8,sample_set/26.04_release/d1681242-2510-4d3e-be98-15b2d35a636e/d1681242-2510-4d3e-be98-15b2d35a636e.usdz,2026-08-05 19:15:07,huggingface,26.04
89cb206e-09b5-4e84-b094-1742115ff128,clipgt-d19d1b01-9e6b-465f-bb85-d11718a526c7,26.4.96-91b06fb8,sample_set/26.04_release/d19d1b01-9e6b-465f-bb85-d11718a526c7/d19d1b01-9e6b-465f-bb85-d11718a526c7.usdz,2026-08-05 19:15:07,huggingface,26.04
ea3c2390-6bcc-46a8-985d-513d677ccaee,clipgt-d1a2c0f0-d46e-43a7-96a3-c75883102e59,26.4.96-91b06fb8,sample_set/26.04_release/d1a2c0f0-d46e-43a7-96a3-c75883102e59/d1a2c0f0-d46e-43a7-96a3-c75883102e59.usdz,2026-08-05 19:15:07,huggingface,26.04
8b94bf11-b30b-495f-ac6e-2c4b6c277cf7,clipgt-d1ba973a-5f8b-4cc1-9016-9f1205b5ded8,26.4.96-91b06fb8,sample_set/26.04_release/d1ba973a-5f8b-4cc1-9016-9f1205b5ded8/d1ba973a-5f8b-4cc1-9016-9f1205b5ded8.usdz,2026-08-05 19:15:07,huggingface,26.04
d0c69b51-dac5-476b-b735-63b49f7c19f2,clipgt-d1d75933-68a8-4397-ab1e-36ae36f9e312,26.4.96-91b06fb8,sample_set/26.04_release/d1d75933-68a8-4397-ab1e-36ae36f9e312/d1d75933-68a8-4397-ab1e-36ae36f9e312.usdz,2026-08-05 19:15:07,huggingface,26.04
ae6181c4-d2f7-4561-a594-43915974d388,clipgt-d1fc143d-0112-46df-9bd4-26db770c873e,26.4.96-91b06fb8,sample_set/26.04_release/d1fc143d-0112-46df-9bd4-26db770c873e/d1fc143d-0112-46df-9bd4-26db770c873e.usdz,2026-08-05 19:15:07,huggingface,26.04
0c6f2a46-a18b-4160-a715-deb669ae3f56,clipgt-d24efb00-8b5d-416b-afe6-84e4e09b92da,26.4.96-91b06fb8,sample_set/26.04_release/d24efb00-8b5d-416b-afe6-84e4e09b92da/d24efb00-8b5d-416b-afe6-84e4e09b92da.usdz,2026-08-05 19:15:07,huggingface,26.04
361722f7-cd94-4829-9554-ca6dee593fc3,clipgt-d2a7ae02-b6ed-4ffc-b245-be1b4b676c8f,26.4.96-91b06fb8,sample_set/26.04_release/d2a7ae02-b6ed-4ffc-b245-be1b4b676c8f/d2a7ae02-b6ed-4ffc-b245-be1b4b676c8f.usdz,2026-08-05 19:15:07,huggingface,26.04
d423c4c6-449a-4a86-a67d-dd9ca906bc8a,clipgt-d2b2fe82-d2ef-4c48-933e-40c73980d951,26.4.96-91b06fb8,sample_set/26.04_release/d2b2fe82-d2ef-4c48-933e-40c73980d951/d2b2fe82-d2ef-4c48-933e-40c73980d951.usdz,2026-08-05 19:15:07,huggingface,26.04
cdec2821-eca8-4568-8d89-a702577eec75,clipgt-d2bac57f-a0d3-4b76-8c48-621963886ead,26.4.96-91b06fb8,sample_set/26.04_release/d2bac57f-a0d3-4b76-8c48-621963886ead/d2bac57f-a0d3-4b76-8c48-621963886ead.usdz,2026-08-05 19:15:07,huggingface,26.04
13c9471d-5472-4b34-b822-94c7bc359ca7,clipgt-d30c3636-94f9-4b5e-acfe-e350f31f8f0d,26.4.96-91b06fb8,sample_set/26.04_release/d30c3636-94f9-4b5e-acfe-e350f31f8f0d/d30c3636-94f9-4b5e-acfe-e350f31f8f0d.usdz,2026-08-05 19:15:07,huggingface,26.04
e46863aa-b43d-4ee4-995b-5249ed9c1473,clipgt-d32206ef-c011-47be-8d14-aa3936347008,26.4.96-91b06fb8,sample_set/26.04_release/d32206ef-c011-47be-8d14-aa3936347008/d32206ef-c011-47be-8d14-aa3936347008.usdz,2026-08-05 19:15:07,huggingface,26.04
e51b712e-a3c5-451d-802d-fc9c532b8f5d,clipgt-d3267951-0283-4e10-b3b9-496dcb191a67,26.4.96-91b06fb8,sample_set/26.04_release/d3267951-0283-4e10-b3b9-496dcb191a67/d3267951-0283-4e10-b3b9-496dcb191a67.usdz,2026-08-05 19:15:07,huggingface,26.04
853dda63-6664-4f9b-bc27-a604a7a2d3e5,clipgt-d3403a81-2bf1-4e2f-a7b3-769405988f75,26.4.96-91b06fb8,sample_set/26.04_release/d3403a81-2bf1-4e2f-a7b3-769405988f75/d3403a81-2bf1-4e2f-a7b3-769405988f75.usdz,2026-08-05 19:15:07,huggingface,26.04
5654c536-5368-47e7-91e8-fac91bc101d5,clipgt-d34c6b10-466e-41fa-8c40-0083fb7ae69f,26.4.96-91b06fb8,sample_set/26.04_release/d34c6b10-466e-41fa-8c40-0083fb7ae69f/d34c6b10-466e-41fa-8c40-0083fb7ae69f.usdz,2026-08-05 19:15:07,huggingface,26.04
23983c1d-8e7a-4b6c-9f62-85dd189d1c9c,clipgt-d35e7c57-2f5d-4de9-98c5-9e218e4e18f1,26.4.96-91b06fb8,sample_set/26.04_release/d35e7c57-2f5d-4de9-98c5-9e218e4e18f1/d35e7c57-2f5d-4de9-98c5-9e218e4e18f1.usdz,2026-08-05 19:15:07,huggingface,26.04
ac2fdb69-a14a-426d-ab31-9554ef397dbb,clipgt-d369db8b-8b62-4e69-83b9-f1c247062db7,26.4.96-91b06fb8,sample_set/26.04_release/d369db8b-8b62-4e69-83b9-f1c247062db7/d369db8b-8b62-4e69-83b9-f1c247062db7.usdz,2026-08-05 19:15:07,huggingface,26.04
75469a88-06a3-4a0e-9eb5-8debe486639b,clipgt-d38cf375-2145-4788-910d-6edb3e0d1398,26.4.96-91b06fb8,sample_set/26.04_release/d38cf375-2145-4788-910d-6edb3e0d1398/d38cf375-2145-4788-910d-6edb3e0d1398.usdz,2026-08-05 19:15:07,huggingface,26.04
302b0d9c-79e4-4e06-b6ce-4d8e6835404a,clipgt-d41fea1d-2637-4577-8b91-574e4d35ec8e,26.4.96-91b06fb8,sample_set/26.04_release/d41fea1d-2637-4577-8b91-574e4d35ec8e/d41fea1d-2637-4577-8b91-574e4d35ec8e.usdz,2026-08-05 19:15:07,huggingface,26.04
6daf5ee6-883c-4d89-905c-8c0224b0898c,clipgt-d42754e7-7a14-4436-9284-c0c4545f32ba,26.4.96-91b06fb8,sample_set/26.04_release/d42754e7-7a14-4436-9284-c0c4545f32ba/d42754e7-7a14-4436-9284-c0c4545f32ba.usdz,2026-08-05 19:15:07,huggingface,26.04
4e28eab5-b695-414d-9126-51c468f186f7,clipgt-d427d9ef-70a0-4a1a-8e11-ff1763cc9cf3,26.4.96-91b06fb8,sample_set/26.04_release/d427d9ef-70a0-4a1a-8e11-ff1763cc9cf3/d427d9ef-70a0-4a1a-8e11-ff1763cc9cf3.usdz,2026-08-05 19:15:07,huggingface,26.04
4ed71c9b-dd87-4d1a-bcf9-766272e72b5c,clipgt-d4390315-938c-4a34-9345-b2311393eb18,26.4.96-91b06fb8,sample_set/26.04_release/d4390315-938c-4a34-9345-b2311393eb18/d4390315-938c-4a34-9345-b2311393eb18.usdz,2026-08-05 19:15:07,huggingface,26.04
995f0bf5-c692-44f1-9a7c-451c29779119,clipgt-d4676b71-65a6-47b4-8195-db9a744be261,26.4.96-91b06fb8,sample_set/26.04_release/d4676b71-65a6-47b4-8195-db9a744be261/d4676b71-65a6-47b4-8195-db9a744be261.usdz,2026-08-05 19:15:07,huggingface,26.04
a90d3902-163b-471d-ad57-eade92d5e256,clipgt-d4d6473d-a4a6-43a8-9a6d-3290778aced9,26.4.96-91b06fb8,sample_set/26.04_release/d4d6473d-a4a6-43a8-9a6d-3290778aced9/d4d6473d-a4a6-43a8-9a6d-3290778aced9.usdz,2026-08-05 19:15:07,huggingface,26.04
3e4496ec-ba52-427b-8817-c215f3d93422,clipgt-d4e2523f-518c-4ae3-8594-ef812238762e,26.4.96-91b06fb8,sample_set/26.04_release/d4e2523f-518c-4ae3-8594-ef812238762e/d4e2523f-518c-4ae3-8594-ef812238762e.usdz,2026-08-05 19:15:07,huggingface,26.04
ba2d9ac4-80dc-4d93-8739-83b3c417ee0a,clipgt-d4e69a53-bcb6-4204-986f-e6649184299e,26.4.96-91b06fb8,sample_set/26.04_release/d4e69a53-bcb6-4204-986f-e6649184299e/d4e69a53-bcb6-4204-986f-e6649184299e.usdz,2026-08-05 19:15:07,huggingface,26.04
e335d34c-17c3-46ed-aec1-69129b7e6642,clipgt-d52a8f79-c6cc-4a47-b595-f0f431d28de8,26.4.96-91b06fb8,sample_set/26.04_release/d52a8f79-c6cc-4a47-b595-f0f431d28de8/d52a8f79-c6cc-4a47-b595-f0f431d28de8.usdz,2026-08-05 19:15:07,huggingface,26.04
e2f43416-3d3f-49c0-9e09-2e670a83e085,clipgt-d54d0ed1-a494-42c6-bfb0-ffde27c7ef57,26.4.96-91b06fb8,sample_set/26.04_release/d54d0ed1-a494-42c6-bfb0-ffde27c7ef57/d54d0ed1-a494-42c6-bfb0-ffde27c7ef57.usdz,2026-08-05 19:15:07,huggingface,26.04
c9f82bed-f52c-439d-912c-20dcd92cf8ec,clipgt-d55a19e6-f7e2-441f-a1e3-451d1230fc5b,26.4.96-91b06fb8,sample_set/26.04_release/d55a19e6-f7e2-441f-a1e3-451d1230fc5b/d55a19e6-f7e2-441f-a1e3-451d1230fc5b.usdz,2026-08-05 19:15:07,huggingface,26.04
be905980-66fd-4869-8e13-8e8d0d989ccb,clipgt-d58261d5-4d15-49c2-8365-3e9bd8c8f651,26.4.96-91b06fb8,sample_set/26.04_release/d58261d5-4d15-49c2-8365-3e9bd8c8f651/d58261d5-4d15-49c2-8365-3e9bd8c8f651.usdz,2026-08-05 19:15:07,huggingface,26.04
47d10a08-df17-45ee-8655-9526fa48d510,clipgt-d5c526a6-4cec-4a62-bbc9-0d76dddd4db8,26.4.96-91b06fb8,sample_set/26.04_release/d5c526a6-4cec-4a62-bbc9-0d76dddd4db8/d5c526a6-4cec-4a62-bbc9-0d76dddd4db8.usdz,2026-08-05 19:15:07,huggingface,26.04
922f0a1a-8abe-4241-8214-bd5d965652ad,clipgt-d5cc3763-8c76-41f3-a02f-218965e25ef7,26.4.96-91b06fb8,sample_set/26.04_release/d5cc3763-8c76-41f3-a02f-218965e25ef7/d5cc3763-8c76-41f3-a02f-218965e25ef7.usdz,2026-08-05 19:15:07,huggingface,26.04
54fa07ab-9ed3-42ec-94ba-ced2e2d509f9,clipgt-d5e79abb-b889-4199-a50c-0e999447709d,26.4.96-91b06fb8,sample_set/26.04_release/d5e79abb-b889-4199-a50c-0e999447709d/d5e79abb-b889-4199-a50c-0e999447709d.usdz,2026-08-05 19:15:07,huggingface,26.04
20357c9a-7eff-44f5-8381-ecf3d52fbb8c,clipgt-d5f732f6-eb2a-4aec-98f0-14d9204091b9,26.4.96-91b06fb8,sample_set/26.04_release/d5f732f6-eb2a-4aec-98f0-14d9204091b9/d5f732f6-eb2a-4aec-98f0-14d9204091b9.usdz,2026-08-05 19:15:07,huggingface,26.04
82459417-4982-462b-a526-918edbda983d,clipgt-d5f874a2-d08e-4dad-b985-9c067a862b09,26.4.96-91b06fb8,sample_set/26.04_release/d5f874a2-d08e-4dad-b985-9c067a862b09/d5f874a2-d08e-4dad-b985-9c067a862b09.usdz,2026-08-05 19:15:07,huggingface,26.04
eef40c51-3f92-4a7b-8213-3697627dde6b,clipgt-d604fdc3-c0ca-4e41-8a9a-e601ec30e9f1,26.4.96-91b06fb8,sample_set/26.04_release/d604fdc3-c0ca-4e41-8a9a-e601ec30e9f1/d604fdc3-c0ca-4e41-8a9a-e601ec30e9f1.usdz,2026-08-05 19:15:07,huggingface,26.04
362ba592-f1c3-49c9-9922-5fd069ecc571,clipgt-d641893f-158c-4c51-bce1-2e7bba558496,26.4.96-91b06fb8,sample_set/26.04_release/d641893f-158c-4c51-bce1-2e7bba558496/d641893f-158c-4c51-bce1-2e7bba558496.usdz,2026-08-05 19:15:07,huggingface,26.04
f9a444b5-a1bb-47a9-8006-3e7f8b9c11d3,clipgt-d65a3bcf-e0cb-4678-8601-2dd2f725aaf3,26.4.96-91b06fb8,sample_set/26.04_release/d65a3bcf-e0cb-4678-8601-2dd2f725aaf3/d65a3bcf-e0cb-4678-8601-2dd2f725aaf3.usdz,2026-08-05 19:15:07,huggingface,26.04
03de259e-4f1d-4910-97fb-030b2cf45838,clipgt-d6fea552-5873-4580-87dc-e1893ec6b82d,26.4.96-91b06fb8,sample_set/26.04_release/d6fea552-5873-4580-87dc-e1893ec6b82d/d6fea552-5873-4580-87dc-e1893ec6b82d.usdz,2026-08-05 19:15:07,huggingface,26.04
52e9efb6-a6b6-45b1-8be8-09ec49399bb2,clipgt-d70db121-938c-464b-bf83-d2f2f2da1a2b,26.4.96-91b06fb8,sample_set/26.04_release/d70db121-938c-464b-bf83-d2f2f2da1a2b/d70db121-938c-464b-bf83-d2f2f2da1a2b.usdz,2026-08-05 19:15:07,huggingface,26.04
b4b7e11e-b6b9-4587-baf3-44728970d09b,clipgt-d7328fed-a0ce-452c-a966-1b010d09e2dd,26.4.96-91b06fb8,sample_set/26.04_release/d7328fed-a0ce-452c-a966-1b010d09e2dd/d7328fed-a0ce-452c-a966-1b010d09e2dd.usdz,2026-08-05 19:15:07,huggingface,26.04
4e479862-c401-443e-8e43-27a34fb5f90e,clipgt-d7533867-041f-4913-a50e-c86e4634c59d,26.4.96-91b06fb8,sample_set/26.04_release/d7533867-041f-4913-a50e-c86e4634c59d/d7533867-041f-4913-a50e-c86e4634c59d.usdz,2026-08-05 19:15:07,huggingface,26.04
5228006c-3203-4b61-ab63-3bc39ba3c0d6,clipgt-d7a39a99-683b-4e81-9ff2-475ed4de90fc,26.4.96-91b06fb8,sample_set/26.04_release/d7a39a99-683b-4e81-9ff2-475ed4de90fc/d7a39a99-683b-4e81-9ff2-475ed4de90fc.usdz,2026-08-05 19:15:07,huggingface,26.04
adf46707-9112-4ecf-ae25-7c22e64c2446,clipgt-d7dd965b-cbe9-41ec-aba8-0ef08fe398ad,26.4.96-91b06fb8,sample_set/26.04_release/d7dd965b-cbe9-41ec-aba8-0ef08fe398ad/d7dd965b-cbe9-41ec-aba8-0ef08fe398ad.usdz,2026-08-05 19:15:07,huggingface,26.04
7c171f32-4881-46f4-a3be-903c90c4aafb,clipgt-d85682b8-f612-4aa3-90a2-ee2bb86151e6,26.4.96-91b06fb8,sample_set/26.04_release/d85682b8-f612-4aa3-90a2-ee2bb86151e6/d85682b8-f612-4aa3-90a2-ee2bb86151e6.usdz,2026-08-05 19:15:07,huggingface,26.04
807f57c5-c5f5-4265-9fa5-0b1b6e6551a6,clipgt-d875796d-318e-408f-8b57-772c8736b81d,26.4.96-91b06fb8,sample_set/26.04_release/d875796d-318e-408f-8b57-772c8736b81d/d875796d-318e-408f-8b57-772c8736b81d.usdz,2026-08-05 19:15:07,huggingface,26.04
40740e0f-f603-4e62-862d-1a93fe1f10c7,clipgt-d8ba63a8-1ac8-453f-9f33-a8511914621a,26.4.96-91b06fb8,sample_set/26.04_release/d8ba63a8-1ac8-453f-9f33-a8511914621a/d8ba63a8-1ac8-453f-9f33-a8511914621a.usdz,2026-08-05 19:15:07,huggingface,26.04
48adf4d5-88b2-4c27-986d-41d509541d6e,clipgt-d8bfaaf2-add3-4ed8-8fe6-744c059bbccf,26.4.96-91b06fb8,sample_set/26.04_release/d8bfaaf2-add3-4ed8-8fe6-744c059bbccf/d8bfaaf2-add3-4ed8-8fe6-744c059bbccf.usdz,2026-08-05 19:15:07,huggingface,26.04
be053e64-0dd2-4f3d-84d6-4ecf0a95f1e3,clipgt-d8c8ac7b-c550-47af-8002-5625bedfc995,26.4.96-91b06fb8,sample_set/26.04_release/d8c8ac7b-c550-47af-8002-5625bedfc995/d8c8ac7b-c550-47af-8002-5625bedfc995.usdz,2026-08-05 19:15:07,huggingface,26.04
272b618d-d1a0-4c48-8153-ebdd4e59ed0a,clipgt-d95b0b2d-af97-483e-9180-50e8ad7c6587,26.4.96-91b06fb8,sample_set/26.04_release/d95b0b2d-af97-483e-9180-50e8ad7c6587/d95b0b2d-af97-483e-9180-50e8ad7c6587.usdz,2026-08-05 19:15:07,huggingface,26.04
a96a577d-cc88-4562-9bbf-79cd3adcce24,clipgt-d96fcf8e-378a-474c-863d-57dd26412e9a,26.4.96-91b06fb8,sample_set/26.04_release/d96fcf8e-378a-474c-863d-57dd26412e9a/d96fcf8e-378a-474c-863d-57dd26412e9a.usdz,2026-08-05 19:15:07,huggingface,26.04
575c7caf-3284-40c7-83b6-d58b7c5a7ee0,clipgt-d973bef0-7650-4f26-9581-bfb7bef29312,26.4.96-91b06fb8,sample_set/26.04_release/d973bef0-7650-4f26-9581-bfb7bef29312/d973bef0-7650-4f26-9581-bfb7bef29312.usdz,2026-08-05 19:15:07,huggingface,26.04
a6c05b74-c96b-4ecf-aef2-eb4c1b634eca,clipgt-d98c59ff-ef24-4b03-9e4e-553471a701ba,26.4.96-91b06fb8,sample_set/26.04_release/d98c59ff-ef24-4b03-9e4e-553471a701ba/d98c59ff-ef24-4b03-9e4e-553471a701ba.usdz,2026-08-05 19:15:07,huggingface,26.04
0f258775-121c-48e9-9d86-8d23b8ce2afa,clipgt-d9af9815-c264-4be6-9a24-00d061f3ce4d,26.4.96-91b06fb8,sample_set/26.04_release/d9af9815-c264-4be6-9a24-00d061f3ce4d/d9af9815-c264-4be6-9a24-00d061f3ce4d.usdz,2026-08-05 19:15:07,huggingface,26.04
e4640119-2865-4457-acce-daa262ea6b1c,clipgt-d9c1b946-498f-4cc2-8145-80d16a05c5d3,26.4.96-91b06fb8,sample_set/26.04_release/d9c1b946-498f-4cc2-8145-80d16a05c5d3/d9c1b946-498f-4cc2-8145-80d16a05c5d3.usdz,2026-08-05 19:15:07,huggingface,26.04
b2547800-9425-4b8a-a83b-55a11e9fec3a,clipgt-dad780b9-1b99-4524-ad4a-d35e6b77e6fa,26.4.96-91b06fb8,sample_set/26.04_release/dad780b9-1b99-4524-ad4a-d35e6b77e6fa/dad780b9-1b99-4524-ad4a-d35e6b77e6fa.usdz,2026-08-05 19:15:07,huggingface,26.04
e624d208-d08c-4264-b998-058b0a31b4ce,clipgt-db529700-208c-414d-820e-84dd75b8caa8,26.4.96-91b06fb8,sample_set/26.04_release/db529700-208c-414d-820e-84dd75b8caa8/db529700-208c-414d-820e-84dd75b8caa8.usdz,2026-08-05 19:15:07,huggingface,26.04
0e1847f5-f289-452b-9566-1cfc728ece67,clipgt-db69d4e5-aaca-4977-a9c0-f304fcf6484e,26.4.96-91b06fb8,sample_set/26.04_release/db69d4e5-aaca-4977-a9c0-f304fcf6484e/db69d4e5-aaca-4977-a9c0-f304fcf6484e.usdz,2026-08-05 19:15:07,huggingface,26.04
93e07641-f0b7-473a-b3a1-c16a1fee6756,clipgt-db6a7b48-8079-4c37-a284-2162cc414ee4,26.4.96-91b06fb8,sample_set/26.04_release/db6a7b48-8079-4c37-a284-2162cc414ee4/db6a7b48-8079-4c37-a284-2162cc414ee4.usdz,2026-08-05 19:15:07,huggingface,26.04
984d4285-ce26-4dcd-88f7-883ce746e61a,clipgt-db8693db-cd5a-45ab-9bce-6092b8086e1c,26.4.96-91b06fb8,sample_set/26.04_release/db8693db-cd5a-45ab-9bce-6092b8086e1c/db8693db-cd5a-45ab-9bce-6092b8086e1c.usdz,2026-08-05 19:15:07,huggingface,26.04
009c7d76-eb55-42be-bb51-3fb090059e3c,clipgt-dba136f2-22ba-4407-8b87-a2ad5272b8c5,26.4.96-91b06fb8,sample_set/26.04_release/dba136f2-22ba-4407-8b87-a2ad5272b8c5/dba136f2-22ba-4407-8b87-a2ad5272b8c5.usdz,2026-08-05 19:15:07,huggingface,26.04
8a1069e2-a53b-466e-a0b6-7a9edbce31ae,clipgt-dbfd6c72-9060-4a3e-b0f8-1ee57befde90,26.4.96-91b06fb8,sample_set/26.04_release/dbfd6c72-9060-4a3e-b0f8-1ee57befde90/dbfd6c72-9060-4a3e-b0f8-1ee57befde90.usdz,2026-08-05 19:15:07,huggingface,26.04
117bb5ee-bbb7-4560-8f8a-f11116082be7,clipgt-dc1966f4-c32c-4028-a4c2-7515ceb1af1f,26.4.96-91b06fb8,sample_set/26.04_release/dc1966f4-c32c-4028-a4c2-7515ceb1af1f/dc1966f4-c32c-4028-a4c2-7515ceb1af1f.usdz,2026-08-05 19:15:07,huggingface,26.04
d0d9a33b-1a0b-449c-af53-84c1e15af686,clipgt-dc21dc72-bb36-4ad4-a758-1c39db316deb,26.4.96-91b06fb8,sample_set/26.04_release/dc21dc72-bb36-4ad4-a758-1c39db316deb/dc21dc72-bb36-4ad4-a758-1c39db316deb.usdz,2026-08-05 19:15:07,huggingface,26.04
7137e87d-9156-4827-81f3-75ed804c2a37,clipgt-dc222bc3-c7bc-47f8-8106-778b3059c53e,26.4.96-91b06fb8,sample_set/26.04_release/dc222bc3-c7bc-47f8-8106-778b3059c53e/dc222bc3-c7bc-47f8-8106-778b3059c53e.usdz,2026-08-05 19:15:07,huggingface,26.04
5dd60864-fab4-488e-9920-d99e588759d5,clipgt-dc2b1bc4-af24-45aa-8a03-19cd1333d0cc,26.4.96-91b06fb8,sample_set/26.04_release/dc2b1bc4-af24-45aa-8a03-19cd1333d0cc/dc2b1bc4-af24-45aa-8a03-19cd1333d0cc.usdz,2026-08-05 19:15:07,huggingface,26.04
98b58452-6e07-456b-9f42-fcf2f84fc886,clipgt-dc401449-4b7b-42da-86a1-76b903e2290d,26.4.96-91b06fb8,sample_set/26.04_release/dc401449-4b7b-42da-86a1-76b903e2290d/dc401449-4b7b-42da-86a1-76b903e2290d.usdz,2026-08-05 19:15:07,huggingface,26.04
2c6d8845-7246-45e8-9b4a-606d25e6acc3,clipgt-dc6e2af1-716c-44ba-84c0-b234ea4dbd31,26.4.96-91b06fb8,sample_set/26.04_release/dc6e2af1-716c-44ba-84c0-b234ea4dbd31/dc6e2af1-716c-44ba-84c0-b234ea4dbd31.usdz,2026-08-05 19:15:07,huggingface,26.04
8513e5d9-3247-4119-a4f8-65a453110c66,clipgt-dceaf6a1-41d3-4268-b34c-9701eb9cb7e1,26.4.96-91b06fb8,sample_set/26.04_release/dceaf6a1-41d3-4268-b34c-9701eb9cb7e1/dceaf6a1-41d3-4268-b34c-9701eb9cb7e1.usdz,2026-08-05 19:15:07,huggingface,26.04
457b92a5-ed89-4b62-bab5-f51198c2a639,clipgt-dd31c350-22be-4504-bcde-06a9aaf83423,26.4.96-91b06fb8,sample_set/26.04_release/dd31c350-22be-4504-bcde-06a9aaf83423/dd31c350-22be-4504-bcde-06a9aaf83423.usdz,2026-08-05 19:15:07,huggingface,26.04
ab17bbff-ecd6-4eb5-b49e-23ef868b9fdb,clipgt-dd56464d-86a7-4861-8723-cb06ef86747e,26.4.96-91b06fb8,sample_set/26.04_release/dd56464d-86a7-4861-8723-cb06ef86747e/dd56464d-86a7-4861-8723-cb06ef86747e.usdz,2026-08-05 19:15:07,huggingface,26.04
7e70024e-12c5-44e2-8d78-14dd65051062,clipgt-dd6b54a2-d85d-4050-9042-6b66eb4292e1,26.4.96-91b06fb8,sample_set/26.04_release/dd6b54a2-d85d-4050-9042-6b66eb4292e1/dd6b54a2-d85d-4050-9042-6b66eb4292e1.usdz,2026-08-05 19:15:07,huggingface,26.04
87f17c79-c2c9-4167-a891-d33c759acc6b,clipgt-dd9fd9d1-f3cd-4bae-8093-b1273eddba08,26.4.96-91b06fb8,sample_set/26.04_release/dd9fd9d1-f3cd-4bae-8093-b1273eddba08/dd9fd9d1-f3cd-4bae-8093-b1273eddba08.usdz,2026-08-05 19:15:07,huggingface,26.04
11964a94-608d-4308-b00f-85324cabf93e,clipgt-ddb6a43a-f63e-477d-9fa8-bb282fed7454,26.4.96-91b06fb8,sample_set/26.04_release/ddb6a43a-f63e-477d-9fa8-bb282fed7454/ddb6a43a-f63e-477d-9fa8-bb282fed7454.usdz,2026-08-05 19:15:07,huggingface,26.04
5165c570-8eb4-4943-944d-d44fa7bc6f84,clipgt-ddc3e8df-b368-40f0-bb6a-9d9f4f568cd4,26.4.96-91b06fb8,sample_set/26.04_release/ddc3e8df-b368-40f0-bb6a-9d9f4f568cd4/ddc3e8df-b368-40f0-bb6a-9d9f4f568cd4.usdz,2026-08-05 19:15:07,huggingface,26.04
05fa9d87-2281-4d20-b260-555418cd6539,clipgt-ddd04f5f-6358-46ea-8fcd-ad51fefe769a,26.4.96-91b06fb8,sample_set/26.04_release/ddd04f5f-6358-46ea-8fcd-ad51fefe769a/ddd04f5f-6358-46ea-8fcd-ad51fefe769a.usdz,2026-08-05 19:15:07,huggingface,26.04
872710f0-2ba3-4abd-84a9-bd79538e89bb,clipgt-ddd2c391-873c-43f5-8105-180475fdc133,26.4.96-91b06fb8,sample_set/26.04_release/ddd2c391-873c-43f5-8105-180475fdc133/ddd2c391-873c-43f5-8105-180475fdc133.usdz,2026-08-05 19:15:07,huggingface,26.04
0792db2b-57ef-4903-b4dc-944f7b9bf3a0,clipgt-ddd6bec8-0df3-43c8-be1f-447de0d808ee,26.4.96-91b06fb8,sample_set/26.04_release/ddd6bec8-0df3-43c8-be1f-447de0d808ee/ddd6bec8-0df3-43c8-be1f-447de0d808ee.usdz,2026-08-05 19:15:07,huggingface,26.04
1c2c5ed0-3d9c-4176-b079-d4babacdb392,clipgt-ddd998a9-4e83-4a90-8c26-9dd12ff32db8,26.4.96-91b06fb8,sample_set/26.04_release/ddd998a9-4e83-4a90-8c26-9dd12ff32db8/ddd998a9-4e83-4a90-8c26-9dd12ff32db8.usdz,2026-08-05 19:15:07,huggingface,26.04
bbd2a348-3e25-4cd2-a4ba-b3dbf62a3de8,clipgt-de4d5b08-739d-4e4b-a3b8-cea1d7765fe2,26.4.96-91b06fb8,sample_set/26.04_release/de4d5b08-739d-4e4b-a3b8-cea1d7765fe2/de4d5b08-739d-4e4b-a3b8-cea1d7765fe2.usdz,2026-08-05 19:15:07,huggingface,26.04
f19d3877-96b9-4123-bcb3-02c6bce78b4f,clipgt-de620c90-3a40-49a9-8c81-7b3c117fd847,26.4.96-91b06fb8,sample_set/26.04_release/de620c90-3a40-49a9-8c81-7b3c117fd847/de620c90-3a40-49a9-8c81-7b3c117fd847.usdz,2026-08-05 19:15:07,huggingface,26.04
3023e578-3946-4a59-8259-07fc870b3d53,clipgt-de7b9321-a77e-4949-a69b-70bddfa781d0,26.4.96-91b06fb8,sample_set/26.04_release/de7b9321-a77e-4949-a69b-70bddfa781d0/de7b9321-a77e-4949-a69b-70bddfa781d0.usdz,2026-08-05 19:15:07,huggingface,26.04
1c208c26-939b-4797-972c-65a8f7f31044,clipgt-de9db5dc-0175-42d4-8b83-f0dc9b3ca23d,26.4.96-91b06fb8,sample_set/26.04_release/de9db5dc-0175-42d4-8b83-f0dc9b3ca23d/de9db5dc-0175-42d4-8b83-f0dc9b3ca23d.usdz,2026-08-05 19:15:07,huggingface,26.04
08c25bed-e666-4168-9f59-8277dbd40b89,clipgt-df1c92ea-065f-4d4b-86e9-7df95c361a2e,26.4.96-91b06fb8,sample_set/26.04_release/df1c92ea-065f-4d4b-86e9-7df95c361a2e/df1c92ea-065f-4d4b-86e9-7df95c361a2e.usdz,2026-08-05 19:15:07,huggingface,26.04
445b2049-af8b-4266-8b9b-41ebe8883de6,clipgt-df994ead-5131-4d49-8337-2c27032c9a14,26.4.96-91b06fb8,sample_set/26.04_release/df994ead-5131-4d49-8337-2c27032c9a14/df994ead-5131-4d49-8337-2c27032c9a14.usdz,2026-08-05 19:15:07,huggingface,26.04
8e8a1af0-3548-475a-a0f9-4769a82c0a0d,clipgt-df99cdc4-fef4-43c8-9b16-008239e04c82,26.4.96-91b06fb8,sample_set/26.04_release/df99cdc4-fef4-43c8-9b16-008239e04c82/df99cdc4-fef4-43c8-9b16-008239e04c82.usdz,2026-08-05 19:15:07,huggingface,26.04
efba65c1-557b-4550-b148-9fe7ef01edb1,clipgt-dfb0277e-9147-4a43-80fa-adba2a63c5cc,26.4.96-91b06fb8,sample_set/26.04_release/dfb0277e-9147-4a43-80fa-adba2a63c5cc/dfb0277e-9147-4a43-80fa-adba2a63c5cc.usdz,2026-08-05 19:15:07,huggingface,26.04
6b76c1cc-5b42-427b-88ba-18c341b6a69c,clipgt-dffd4c04-92a8-468d-a362-cd3a98445da9,26.4.96-91b06fb8,sample_set/26.04_release/dffd4c04-92a8-468d-a362-cd3a98445da9/dffd4c04-92a8-468d-a362-cd3a98445da9.usdz,2026-08-05 19:15:07,huggingface,26.04
6aebbeba-3278-40db-b3e2-2c0c92f7f8d7,clipgt-e0533784-d1f1-4674-a4e6-32f1595e2f41,26.4.96-91b06fb8,sample_set/26.04_release/e0533784-d1f1-4674-a4e6-32f1595e2f41/e0533784-d1f1-4674-a4e6-32f1595e2f41.usdz,2026-08-05 19:15:07,huggingface,26.04
31aba1ab-76c0-46cf-8b7d-69c7b0d1284f,clipgt-e0699821-d727-4274-b122-8a90dd8255d3,26.4.96-91b06fb8,sample_set/26.04_release/e0699821-d727-4274-b122-8a90dd8255d3/e0699821-d727-4274-b122-8a90dd8255d3.usdz,2026-08-05 19:15:07,huggingface,26.04
1d9ef8ac-9dd1-4da1-b6e5-77cb8437503a,clipgt-e09d0518-7e4d-4b66-bb78-cd518a6b0c0a,26.4.96-91b06fb8,sample_set/26.04_release/e09d0518-7e4d-4b66-bb78-cd518a6b0c0a/e09d0518-7e4d-4b66-bb78-cd518a6b0c0a.usdz,2026-08-05 19:15:07,huggingface,26.04
b970f41e-f388-4830-a66f-54c589c3b1dd,clipgt-e0b22317-fe44-4203-821f-e71b9b30d0b7,26.4.96-91b06fb8,sample_set/26.04_release/e0b22317-fe44-4203-821f-e71b9b30d0b7/e0b22317-fe44-4203-821f-e71b9b30d0b7.usdz,2026-08-05 19:15:07,huggingface,26.04
2750b3a9-6a90-4ef6-b7f4-6503c2ad6504,clipgt-e0b76658-7e91-497d-8ec0-6f6927196843,26.4.96-91b06fb8,sample_set/26.04_release/e0b76658-7e91-497d-8ec0-6f6927196843/e0b76658-7e91-497d-8ec0-6f6927196843.usdz,2026-08-05 19:15:07,huggingface,26.04
e1181aef-9960-478c-a9ac-80d974322a95,clipgt-e0bb6faf-a9be-4a82-b20a-ba566cb6ea57,26.4.96-91b06fb8,sample_set/26.04_release/e0bb6faf-a9be-4a82-b20a-ba566cb6ea57/e0bb6faf-a9be-4a82-b20a-ba566cb6ea57.usdz,2026-08-05 19:15:07,huggingface,26.04
46e7869d-7e9d-49c9-b9e2-6803f948ec0b,clipgt-e0cb13c5-09b8-41bf-b61c-110ee1f9d70f,26.4.96-91b06fb8,sample_set/26.04_release/e0cb13c5-09b8-41bf-b61c-110ee1f9d70f/e0cb13c5-09b8-41bf-b61c-110ee1f9d70f.usdz,2026-08-05 19:15:07,huggingface,26.04
c093d317-559a-4bd4-af16-d551daf10b0b,clipgt-e0f6bfcb-0091-4e35-b291-db9d129cf797,26.4.96-91b06fb8,sample_set/26.04_release/e0f6bfcb-0091-4e35-b291-db9d129cf797/e0f6bfcb-0091-4e35-b291-db9d129cf797.usdz,2026-08-05 19:15:07,huggingface,26.04
9a89f7db-c1ca-45fa-b710-72ada12d75dd,clipgt-e0fcd3bb-0d6f-496c-8b79-7d59d17a31c2,26.4.96-91b06fb8,sample_set/26.04_release/e0fcd3bb-0d6f-496c-8b79-7d59d17a31c2/e0fcd3bb-0d6f-496c-8b79-7d59d17a31c2.usdz,2026-08-05 19:15:07,huggingface,26.04
9ae71a8f-946d-4b82-a78d-ad0331085692,clipgt-e1192860-315d-4204-9947-51a2e589b18a,26.4.96-91b06fb8,sample_set/26.04_release/e1192860-315d-4204-9947-51a2e589b18a/e1192860-315d-4204-9947-51a2e589b18a.usdz,2026-08-05 19:15:07,huggingface,26.04
0d4f1b22-3044-40be-9dde-313925ff1701,clipgt-e12c41f2-3a5a-4195-a718-f8bd0c3139ed,26.4.96-91b06fb8,sample_set/26.04_release/e12c41f2-3a5a-4195-a718-f8bd0c3139ed/e12c41f2-3a5a-4195-a718-f8bd0c3139ed.usdz,2026-08-05 19:15:07,huggingface,26.04
f2e68db7-bfff-4a5a-ba2b-102429187d2e,clipgt-e14cf3db-46c9-475b-97a4-3666a1a9a047,26.4.96-91b06fb8,sample_set/26.04_release/e14cf3db-46c9-475b-97a4-3666a1a9a047/e14cf3db-46c9-475b-97a4-3666a1a9a047.usdz,2026-08-05 19:15:07,huggingface,26.04
2c371d73-cccd-49d0-ad58-c97168042646,clipgt-e1c6ae9f-2f36-4b67-ba5b-8e12a3bad8dd,26.4.96-91b06fb8,sample_set/26.04_release/e1c6ae9f-2f36-4b67-ba5b-8e12a3bad8dd/e1c6ae9f-2f36-4b67-ba5b-8e12a3bad8dd.usdz,2026-08-05 19:15:07,huggingface,26.04
a53acf3e-6fda-425e-bdcd-ca5ac9ba570d,clipgt-e1d6972e-614d-4606-ba0f-f535fb56d457,26.4.96-91b06fb8,sample_set/26.04_release/e1d6972e-614d-4606-ba0f-f535fb56d457/e1d6972e-614d-4606-ba0f-f535fb56d457.usdz,2026-08-05 19:15:07,huggingface,26.04
229e2a29-4875-4782-9cf2-41f7965dc6c3,clipgt-e206610d-26be-49e2-953f-7e0593c5dc4d,26.4.96-91b06fb8,sample_set/26.04_release/e206610d-26be-49e2-953f-7e0593c5dc4d/e206610d-26be-49e2-953f-7e0593c5dc4d.usdz,2026-08-05 19:15:07,huggingface,26.04
b546fb5e-d25f-4bc7-ac2d-893bdd7c6aba,clipgt-e2068c7d-ca4e-47e9-9cd1-1fe55330d9fb,26.4.96-91b06fb8,sample_set/26.04_release/e2068c7d-ca4e-47e9-9cd1-1fe55330d9fb/e2068c7d-ca4e-47e9-9cd1-1fe55330d9fb.usdz,2026-08-05 19:15:07,huggingface,26.04
f95c9225-2f10-44ba-90b7-577189978901,clipgt-e20c8773-61ce-4076-95de-c71428270a74,26.4.96-91b06fb8,sample_set/26.04_release/e20c8773-61ce-4076-95de-c71428270a74/e20c8773-61ce-4076-95de-c71428270a74.usdz,2026-08-05 19:15:07,huggingface,26.04
5cbc99ae-dc3e-475a-a116-6262a85273b3,clipgt-e21d7395-cf76-46dd-bdd7-90f48f3c9057,26.4.96-91b06fb8,sample_set/26.04_release/e21d7395-cf76-46dd-bdd7-90f48f3c9057/e21d7395-cf76-46dd-bdd7-90f48f3c9057.usdz,2026-08-05 19:15:07,huggingface,26.04
72fd0315-5cfb-43ec-9968-0a9b135aeee6,clipgt-e244984f-90bd-4206-ab46-ab425287a6ce,26.4.96-91b06fb8,sample_set/26.04_release/e244984f-90bd-4206-ab46-ab425287a6ce/e244984f-90bd-4206-ab46-ab425287a6ce.usdz,2026-08-05 19:15:07,huggingface,26.04
2e3421c5-c3e4-4cf1-811d-14fd9b2e46e9,clipgt-e2781af3-c9a5-4062-8b60-e33799288b82,26.4.96-91b06fb8,sample_set/26.04_release/e2781af3-c9a5-4062-8b60-e33799288b82/e2781af3-c9a5-4062-8b60-e33799288b82.usdz,2026-08-05 19:15:07,huggingface,26.04
dba37a71-d444-4c8d-9340-138e63ae94c1,clipgt-e27ce7cd-1c67-4300-9e4e-0ff3e6932e0d,26.4.96-91b06fb8,sample_set/26.04_release/e27ce7cd-1c67-4300-9e4e-0ff3e6932e0d/e27ce7cd-1c67-4300-9e4e-0ff3e6932e0d.usdz,2026-08-05 19:15:07,huggingface,26.04
85bd3f68-d0d7-4a85-923a-966fc1733c7f,clipgt-e297279a-6d0d-4d36-8882-ce69a79d324a,26.4.96-91b06fb8,sample_set/26.04_release/e297279a-6d0d-4d36-8882-ce69a79d324a/e297279a-6d0d-4d36-8882-ce69a79d324a.usdz,2026-08-05 19:15:07,huggingface,26.04
16a4b1d0-8e5e-4ff4-b183-2864533c41f2,clipgt-e2a41ac4-4f82-496d-a358-5d3731f92e8a,26.4.96-91b06fb8,sample_set/26.04_release/e2a41ac4-4f82-496d-a358-5d3731f92e8a/e2a41ac4-4f82-496d-a358-5d3731f92e8a.usdz,2026-08-05 19:15:07,huggingface,26.04
7407ed4a-00b0-4651-8963-f742120648a5,clipgt-e3113202-2d9a-44c5-b294-2c6f47cc4307,26.4.96-91b06fb8,sample_set/26.04_release/e3113202-2d9a-44c5-b294-2c6f47cc4307/e3113202-2d9a-44c5-b294-2c6f47cc4307.usdz,2026-08-05 19:15:07,huggingface,26.04
e553b309-ecdc-4863-869a-d443013af9fc,clipgt-e34fcbdc-537f-49ce-87bd-0cfc3c6258f7,26.4.96-91b06fb8,sample_set/26.04_release/e34fcbdc-537f-49ce-87bd-0cfc3c6258f7/e34fcbdc-537f-49ce-87bd-0cfc3c6258f7.usdz,2026-08-05 19:15:07,huggingface,26.04
c9c56497-3f41-4ff2-84e7-e50f2541f283,clipgt-e3878147-bafe-4b3f-9d33-0eebaba52552,26.4.96-91b06fb8,sample_set/26.04_release/e3878147-bafe-4b3f-9d33-0eebaba52552/e3878147-bafe-4b3f-9d33-0eebaba52552.usdz,2026-08-05 19:15:07,huggingface,26.04
a87866cc-54f4-408b-9977-278768f5244b,clipgt-e3ae7d58-6ae5-4b8a-a10c-7f7e7dd3b8f6,26.4.96-91b06fb8,sample_set/26.04_release/e3ae7d58-6ae5-4b8a-a10c-7f7e7dd3b8f6/e3ae7d58-6ae5-4b8a-a10c-7f7e7dd3b8f6.usdz,2026-08-05 19:15:07,huggingface,26.04
93000136-1edb-4db5-aa6a-11f586623da4,clipgt-e442408a-4ee3-452f-8319-80500ae391a2,26.4.96-91b06fb8,sample_set/26.04_release/e442408a-4ee3-452f-8319-80500ae391a2/e442408a-4ee3-452f-8319-80500ae391a2.usdz,2026-08-05 19:15:07,huggingface,26.04
55cac7cd-5cae-4d60-b577-af76df62f70b,clipgt-e451d382-4edc-4291-99bc-ccc1b7a45bc8,26.4.96-91b06fb8,sample_set/26.04_release/e451d382-4edc-4291-99bc-ccc1b7a45bc8/e451d382-4edc-4291-99bc-ccc1b7a45bc8.usdz,2026-08-05 19:15:07,huggingface,26.04
2cdda5a4-494f-4179-9fbe-41f85b33cd16,clipgt-e4a8ce47-7785-4b53-8be5-df70ae234eb6,26.4.96-91b06fb8,sample_set/26.04_release/e4a8ce47-7785-4b53-8be5-df70ae234eb6/e4a8ce47-7785-4b53-8be5-df70ae234eb6.usdz,2026-08-05 19:15:07,huggingface,26.04
b3a91201-b8fd-46ce-839b-e965d7dc4775,clipgt-e500f011-10f7-44ea-b640-c93266e1043c,26.4.96-91b06fb8,sample_set/26.04_release/e500f011-10f7-44ea-b640-c93266e1043c/e500f011-10f7-44ea-b640-c93266e1043c.usdz,2026-08-05 19:15:07,huggingface,26.04
aa71e4bb-8dd4-4622-82eb-cb5bb52357b3,clipgt-e5561d95-e099-4001-ae9e-2579109824b1,26.4.96-91b06fb8,sample_set/26.04_release/e5561d95-e099-4001-ae9e-2579109824b1/e5561d95-e099-4001-ae9e-2579109824b1.usdz,2026-08-05 19:15:07,huggingface,26.04
2e6506bd-f4eb-4819-988f-77110a9eb47b,clipgt-e5718dc1-d42a-47be-a9fc-e84b9afdc368,26.4.96-91b06fb8,sample_set/26.04_release/e5718dc1-d42a-47be-a9fc-e84b9afdc368/e5718dc1-d42a-47be-a9fc-e84b9afdc368.usdz,2026-08-05 19:15:07,huggingface,26.04
e7cec961-2071-4e59-8ce2-75057a447815,clipgt-e59e7852-4176-4ec6-9c09-c875384ca617,26.4.96-91b06fb8,sample_set/26.04_release/e59e7852-4176-4ec6-9c09-c875384ca617/e59e7852-4176-4ec6-9c09-c875384ca617.usdz,2026-08-05 19:15:07,huggingface,26.04
5afc8e79-12f5-4d19-9482-46b2edb1b568,clipgt-e5a86ca0-222f-4bff-bfb6-4b348e9324ee,26.4.96-91b06fb8,sample_set/26.04_release/e5a86ca0-222f-4bff-bfb6-4b348e9324ee/e5a86ca0-222f-4bff-bfb6-4b348e9324ee.usdz,2026-08-05 19:15:07,huggingface,26.04
20d9f1a6-36c7-49b6-ab78-ea9b1cba377d,clipgt-e5bff244-1da0-416b-97b2-711131d3dfc9,26.4.96-91b06fb8,sample_set/26.04_release/e5bff244-1da0-416b-97b2-711131d3dfc9/e5bff244-1da0-416b-97b2-711131d3dfc9.usdz,2026-08-05 19:15:07,huggingface,26.04
a08a9aca-284e-4f6e-8e9a-d38cc3da29e1,clipgt-e5c8536c-82cd-4dd4-a639-cff683aceab9,26.4.96-91b06fb8,sample_set/26.04_release/e5c8536c-82cd-4dd4-a639-cff683aceab9/e5c8536c-82cd-4dd4-a639-cff683aceab9.usdz,2026-08-05 19:15:07,huggingface,26.04
eff7b2f4-4c47-4aba-9124-bf28a3ba5ec1,clipgt-e5d24edf-619f-4d2e-8608-1c6dfe3d9a17,26.4.96-91b06fb8,sample_set/26.04_release/e5d24edf-619f-4d2e-8608-1c6dfe3d9a17/e5d24edf-619f-4d2e-8608-1c6dfe3d9a17.usdz,2026-08-05 19:15:07,huggingface,26.04
baa4971c-4249-40d5-b111-349b8da681b3,clipgt-e5e47fd2-e934-42a6-802a-45c3a4a1a3cf,26.4.96-91b06fb8,sample_set/26.04_release/e5e47fd2-e934-42a6-802a-45c3a4a1a3cf/e5e47fd2-e934-42a6-802a-45c3a4a1a3cf.usdz,2026-08-05 19:15:07,huggingface,26.04
7f7542c7-596f-4db6-b8d9-e4191a778cd3,clipgt-e632cf52-630f-40df-9f06-d22582feecd0,26.4.96-91b06fb8,sample_set/26.04_release/e632cf52-630f-40df-9f06-d22582feecd0/e632cf52-630f-40df-9f06-d22582feecd0.usdz,2026-08-05 19:15:07,huggingface,26.04
f847face-9bef-4579-99e8-ae03c6d960b2,clipgt-e64dca05-bdd2-4ee1-a748-f2f50c7dfaa5,26.4.96-91b06fb8,sample_set/26.04_release/e64dca05-bdd2-4ee1-a748-f2f50c7dfaa5/e64dca05-bdd2-4ee1-a748-f2f50c7dfaa5.usdz,2026-08-05 19:15:07,huggingface,26.04
95f5f71b-f8c7-457a-8730-123b7f91ff59,clipgt-e682c5d7-042f-4d5a-8425-f44a68ce8f95,26.4.96-91b06fb8,sample_set/26.04_release/e682c5d7-042f-4d5a-8425-f44a68ce8f95/e682c5d7-042f-4d5a-8425-f44a68ce8f95.usdz,2026-08-05 19:15:07,huggingface,26.04
4dc2a97b-6ed1-434d-bbdd-f1dd37c1177c,clipgt-e69eafaf-c315-4376-bab9-9be80ced6fe1,26.4.96-91b06fb8,sample_set/26.04_release/e69eafaf-c315-4376-bab9-9be80ced6fe1/e69eafaf-c315-4376-bab9-9be80ced6fe1.usdz,2026-08-05 19:15:07,huggingface,26.04
d266f67e-6351-4e5b-8b4d-4f8c61b8b641,clipgt-e6fc5ab4-58ce-4e9c-903c-3c12930becd7,26.4.96-91b06fb8,sample_set/26.04_release/e6fc5ab4-58ce-4e9c-903c-3c12930becd7/e6fc5ab4-58ce-4e9c-903c-3c12930becd7.usdz,2026-08-05 19:15:07,huggingface,26.04
417fdaf5-f609-4a77-af48-1d8fe82eff18,clipgt-e727f06d-206d-4758-8d9e-d017f0f30eff,26.4.96-91b06fb8,sample_set/26.04_release/e727f06d-206d-4758-8d9e-d017f0f30eff/e727f06d-206d-4758-8d9e-d017f0f30eff.usdz,2026-08-05 19:15:07,huggingface,26.04
8c60c1de-8fa5-4ae8-b638-3e3bdb0c219a,clipgt-e72f96ff-824f-4540-ae4c-b686f2008188,26.4.96-91b06fb8,sample_set/26.04_release/e72f96ff-824f-4540-ae4c-b686f2008188/e72f96ff-824f-4540-ae4c-b686f2008188.usdz,2026-08-05 19:15:07,huggingface,26.04
371f34de-5cdf-48e9-a5cc-2f237e8800f3,clipgt-e75118f7-ade9-4593-9794-8eb5fda02644,26.4.96-91b06fb8,sample_set/26.04_release/e75118f7-ade9-4593-9794-8eb5fda02644/e75118f7-ade9-4593-9794-8eb5fda02644.usdz,2026-08-05 19:15:07,huggingface,26.04
00ff6cd9-7687-46e3-8cd7-894164b6d1ca,clipgt-e7551f4e-464a-4529-923a-711aa86f125f,26.4.96-91b06fb8,sample_set/26.04_release/e7551f4e-464a-4529-923a-711aa86f125f/e7551f4e-464a-4529-923a-711aa86f125f.usdz,2026-08-05 19:15:07,huggingface,26.04
c6d3b27a-0737-4882-9aa8-cfd05e2317e4,clipgt-e7c1aba4-a984-4aa0-b22f-929310dc0fa2,26.4.96-91b06fb8,sample_set/26.04_release/e7c1aba4-a984-4aa0-b22f-929310dc0fa2/e7c1aba4-a984-4aa0-b22f-929310dc0fa2.usdz,2026-08-05 19:15:07,huggingface,26.04
1c943656-3f10-41a8-9118-4bffb4270523,clipgt-e7db8971-2a3d-4c9a-8968-100852d5acb5,26.4.96-91b06fb8,sample_set/26.04_release/e7db8971-2a3d-4c9a-8968-100852d5acb5/e7db8971-2a3d-4c9a-8968-100852d5acb5.usdz,2026-08-05 19:15:07,huggingface,26.04
25ab1780-bd84-4d2a-8529-1810e5ee4a12,clipgt-e828096d-5889-40bb-bc6f-2feed7db9821,26.4.96-91b06fb8,sample_set/26.04_release/e828096d-5889-40bb-bc6f-2feed7db9821/e828096d-5889-40bb-bc6f-2feed7db9821.usdz,2026-08-05 19:15:07,huggingface,26.04
a687f386-5baa-4c12-9aa6-f07c339f0cc7,clipgt-e848c843-d275-4f60-a194-61cc7f699124,26.4.96-91b06fb8,sample_set/26.04_release/e848c843-d275-4f60-a194-61cc7f699124/e848c843-d275-4f60-a194-61cc7f699124.usdz,2026-08-05 19:15:07,huggingface,26.04
a92cdcc7-0bba-4195-98a3-38aba13e6ff0,clipgt-e8ef86c4-d514-4454-b838-f41d2a3f590f,26.4.96-91b06fb8,sample_set/26.04_release/e8ef86c4-d514-4454-b838-f41d2a3f590f/e8ef86c4-d514-4454-b838-f41d2a3f590f.usdz,2026-08-05 19:15:07,huggingface,26.04
63781ee7-77da-4a03-8aa8-2c41ee4f0019,clipgt-e9335cc9-4273-4c4a-b975-051551836cae,26.4.96-91b06fb8,sample_set/26.04_release/e9335cc9-4273-4c4a-b975-051551836cae/e9335cc9-4273-4c4a-b975-051551836cae.usdz,2026-08-05 19:15:07,huggingface,26.04
4413ad57-fe4f-410d-9638-7fd3ba320ea2,clipgt-e9384415-5802-47d9-ac6b-d61d48f40dd4,26.4.96-91b06fb8,sample_set/26.04_release/e9384415-5802-47d9-ac6b-d61d48f40dd4/e9384415-5802-47d9-ac6b-d61d48f40dd4.usdz,2026-08-05 19:15:07,huggingface,26.04
07c40593-2d23-42c1-acfc-737d31418d89,clipgt-e96df3d2-9c50-421e-b7ea-c606b93bb6f2,26.4.96-91b06fb8,sample_set/26.04_release/e96df3d2-9c50-421e-b7ea-c606b93bb6f2/e96df3d2-9c50-421e-b7ea-c606b93bb6f2.usdz,2026-08-05 19:15:07,huggingface,26.04
b64d31af-2ce8-4c33-9214-e7d3bb14e14e,clipgt-e9990bdd-c70a-4078-9f56-a406d8c43f98,26.4.96-91b06fb8,sample_set/26.04_release/e9990bdd-c70a-4078-9f56-a406d8c43f98/e9990bdd-c70a-4078-9f56-a406d8c43f98.usdz,2026-08-05 19:15:07,huggingface,26.04
8e83c972-7d60-473a-96a0-cce445210380,clipgt-e9eecf37-dbcd-4705-b300-d7eb6ea9988c,26.4.96-91b06fb8,sample_set/26.04_release/e9eecf37-dbcd-4705-b300-d7eb6ea9988c/e9eecf37-dbcd-4705-b300-d7eb6ea9988c.usdz,2026-08-05 19:15:07,huggingface,26.04
25b01a14-271b-4a96-9790-1de799d395c0,clipgt-e9fe4c3b-a052-4ece-95a0-6f4bc9463a39,26.4.96-91b06fb8,sample_set/26.04_release/e9fe4c3b-a052-4ece-95a0-6f4bc9463a39/e9fe4c3b-a052-4ece-95a0-6f4bc9463a39.usdz,2026-08-05 19:15:07,huggingface,26.04
0049aff0-dc87-48e7-9510-980e79c2b4d4,clipgt-ea38e557-6b91-4bad-982f-58f2fcbfa382,26.4.96-91b06fb8,sample_set/26.04_release/ea38e557-6b91-4bad-982f-58f2fcbfa382/ea38e557-6b91-4bad-982f-58f2fcbfa382.usdz,2026-08-05 19:15:07,huggingface,26.04
519bdaac-bfb7-4550-9be1-0fda19561d6e,clipgt-ea468790-9c38-406d-a4cf-4c43fbc091d8,26.4.96-91b06fb8,sample_set/26.04_release/ea468790-9c38-406d-a4cf-4c43fbc091d8/ea468790-9c38-406d-a4cf-4c43fbc091d8.usdz,2026-08-05 19:15:07,huggingface,26.04
1afa17b0-c253-406c-9532-3efaf3f805c8,clipgt-ead24f22-8efa-4e16-ab82-b6e22772c80a,26.4.96-91b06fb8,sample_set/26.04_release/ead24f22-8efa-4e16-ab82-b6e22772c80a/ead24f22-8efa-4e16-ab82-b6e22772c80a.usdz,2026-08-05 19:15:07,huggingface,26.04
c6044995-24d6-447d-9056-ea93529febfc,clipgt-eb18182f-574f-4826-85bf-f9380c281d52,26.4.96-91b06fb8,sample_set/26.04_release/eb18182f-574f-4826-85bf-f9380c281d52/eb18182f-574f-4826-85bf-f9380c281d52.usdz,2026-08-05 19:15:07,huggingface,26.04
f41e3c2b-ab92-4c7e-ae78-2940662c3d59,clipgt-eb4b6564-ecb1-4d95-b0b2-ec5a08ac5313,26.4.96-91b06fb8,sample_set/26.04_release/eb4b6564-ecb1-4d95-b0b2-ec5a08ac5313/eb4b6564-ecb1-4d95-b0b2-ec5a08ac5313.usdz,2026-08-05 19:15:07,huggingface,26.04
7eb6086b-0bf1-4009-827c-7065c685bed0,clipgt-ec16a57f-567c-420b-8cd2-dd6874b3b8f1,26.4.96-91b06fb8,sample_set/26.04_release/ec16a57f-567c-420b-8cd2-dd6874b3b8f1/ec16a57f-567c-420b-8cd2-dd6874b3b8f1.usdz,2026-08-05 19:15:07,huggingface,26.04
43c9e32d-4f61-4e26-a808-704c02125295,clipgt-ec1d0b2b-c6d5-4b3d-8990-7e2fff7ad05b,26.4.96-91b06fb8,sample_set/26.04_release/ec1d0b2b-c6d5-4b3d-8990-7e2fff7ad05b/ec1d0b2b-c6d5-4b3d-8990-7e2fff7ad05b.usdz,2026-08-05 19:15:07,huggingface,26.04
f01eaa68-a56c-4bb4-bdb1-f9762b84f352,clipgt-ec32b747-5108-40a6-a214-4d8510f843bc,26.4.96-91b06fb8,sample_set/26.04_release/ec32b747-5108-40a6-a214-4d8510f843bc/ec32b747-5108-40a6-a214-4d8510f843bc.usdz,2026-08-05 19:15:07,huggingface,26.04
9c966b43-b579-4987-96a2-aa09c2a0fed6,clipgt-ec41061e-077f-411e-838a-af1e564d9666,26.4.96-91b06fb8,sample_set/26.04_release/ec41061e-077f-411e-838a-af1e564d9666/ec41061e-077f-411e-838a-af1e564d9666.usdz,2026-08-05 19:15:07,huggingface,26.04
410836e9-bbb3-48d4-b818-576f4b8c2a97,clipgt-ec684752-0bbb-4561-8e99-483a39318efe,26.4.96-91b06fb8,sample_set/26.04_release/ec684752-0bbb-4561-8e99-483a39318efe/ec684752-0bbb-4561-8e99-483a39318efe.usdz,2026-08-05 19:15:07,huggingface,26.04
8b31c3e4-b6f6-4439-9e86-90d15bfef64e,clipgt-ec76174b-64a9-45fe-bad8-9c2cfa4493c2,26.4.96-91b06fb8,sample_set/26.04_release/ec76174b-64a9-45fe-bad8-9c2cfa4493c2/ec76174b-64a9-45fe-bad8-9c2cfa4493c2.usdz,2026-08-05 19:15:07,huggingface,26.04
3c08f20a-b1fe-4d6c-81ed-0671ee8b787a,clipgt-ec7ca221-f28a-4b73-a397-b804a101a1b9,26.4.96-91b06fb8,sample_set/26.04_release/ec7ca221-f28a-4b73-a397-b804a101a1b9/ec7ca221-f28a-4b73-a397-b804a101a1b9.usdz,2026-08-05 19:15:07,huggingface,26.04
a27b4c27-5497-4d2a-96c5-36c4073f9053,clipgt-ec910872-2c20-4a85-a0ac-da6833ee0f92,26.4.96-91b06fb8,sample_set/26.04_release/ec910872-2c20-4a85-a0ac-da6833ee0f92/ec910872-2c20-4a85-a0ac-da6833ee0f92.usdz,2026-08-05 19:15:07,huggingface,26.04
a7f9b43b-6eaf-42e8-9f30-5bc2a7dbfd08,clipgt-ec9a9fd9-d095-4b27-8e24-b2287d76ab1e,26.4.96-91b06fb8,sample_set/26.04_release/ec9a9fd9-d095-4b27-8e24-b2287d76ab1e/ec9a9fd9-d095-4b27-8e24-b2287d76ab1e.usdz,2026-08-05 19:15:07,huggingface,26.04
3e591346-a945-4766-aa73-97e1b491981c,clipgt-ed143086-bc48-42ea-af3b-646c88eada2a,26.4.96-91b06fb8,sample_set/26.04_release/ed143086-bc48-42ea-af3b-646c88eada2a/ed143086-bc48-42ea-af3b-646c88eada2a.usdz,2026-08-05 19:15:07,huggingface,26.04
3f8ce05a-1f8f-4c96-86b1-45435ce73745,clipgt-ed1734bc-6b7b-409f-b4b3-27cfbbf2c642,26.4.96-91b06fb8,sample_set/26.04_release/ed1734bc-6b7b-409f-b4b3-27cfbbf2c642/ed1734bc-6b7b-409f-b4b3-27cfbbf2c642.usdz,2026-08-05 19:15:07,huggingface,26.04
fcff87d4-136d-4ea1-8a81-3fe37152437e,clipgt-ed2774ed-8238-4eac-aa14-07bbd99f95a0,26.4.96-91b06fb8,sample_set/26.04_release/ed2774ed-8238-4eac-aa14-07bbd99f95a0/ed2774ed-8238-4eac-aa14-07bbd99f95a0.usdz,2026-08-05 19:15:07,huggingface,26.04
2d08af07-e609-4615-945a-9647dacee66c,clipgt-ed7b0427-bcdf-4af3-9d69-d3ef795ed7d8,26.4.96-91b06fb8,sample_set/26.04_release/ed7b0427-bcdf-4af3-9d69-d3ef795ed7d8/ed7b0427-bcdf-4af3-9d69-d3ef795ed7d8.usdz,2026-08-05 19:15:07,huggingface,26.04
fbefec56-bb9d-40b4-8d54-8407f7280260,clipgt-ede6735f-faf4-4dcb-a392-3e8af24bfa65,26.4.96-91b06fb8,sample_set/26.04_release/ede6735f-faf4-4dcb-a392-3e8af24bfa65/ede6735f-faf4-4dcb-a392-3e8af24bfa65.usdz,2026-08-05 19:15:07,huggingface,26.04
f58ea761-00d0-41bc-9bd2-55aefb94fc31,clipgt-ede8c19c-d344-4835-8613-4692b0c605f4,26.4.96-91b06fb8,sample_set/26.04_release/ede8c19c-d344-4835-8613-4692b0c605f4/ede8c19c-d344-4835-8613-4692b0c605f4.usdz,2026-08-05 19:15:07,huggingface,26.04
75b486f0-7e5b-4d09-91ee-274b05a38081,clipgt-edff7d34-861e-4afa-89d4-79597dc62e25,26.4.96-91b06fb8,sample_set/26.04_release/edff7d34-861e-4afa-89d4-79597dc62e25/edff7d34-861e-4afa-89d4-79597dc62e25.usdz,2026-08-05 19:15:07,huggingface,26.04
5e94fdca-6413-4709-878d-38ada7004a80,clipgt-eea2fc6d-1d30-4cc7-9818-6882f0bc9af7,26.4.96-91b06fb8,sample_set/26.04_release/eea2fc6d-1d30-4cc7-9818-6882f0bc9af7/eea2fc6d-1d30-4cc7-9818-6882f0bc9af7.usdz,2026-08-05 19:15:07,huggingface,26.04
4697d7c5-651a-424c-8386-15af1e98b694,clipgt-eec448a5-bb52-469d-b76b-3cbd5980533f,26.4.96-91b06fb8,sample_set/26.04_release/eec448a5-bb52-469d-b76b-3cbd5980533f/eec448a5-bb52-469d-b76b-3cbd5980533f.usdz,2026-08-05 19:15:07,huggingface,26.04
d418aefa-62cd-467a-a805-e8727ce0ba4c,clipgt-ef1d76a9-a754-40f3-ae3c-8edb3cd112ef,26.4.96-91b06fb8,sample_set/26.04_release/ef1d76a9-a754-40f3-ae3c-8edb3cd112ef/ef1d76a9-a754-40f3-ae3c-8edb3cd112ef.usdz,2026-08-05 19:15:07,huggingface,26.04
382e1a8c-ea33-492f-9051-9e6e8796dca1,clipgt-ef53b2ec-8645-42d0-9aba-a5dc51fd48c8,26.4.96-91b06fb8,sample_set/26.04_release/ef53b2ec-8645-42d0-9aba-a5dc51fd48c8/ef53b2ec-8645-42d0-9aba-a5dc51fd48c8.usdz,2026-08-05 19:15:07,huggingface,26.04
ca6ea194-d310-418e-bb8b-acfcccc16b54,clipgt-ef6dfba5-5284-488a-a43b-4f2e8a25c0b0,26.4.96-91b06fb8,sample_set/26.04_release/ef6dfba5-5284-488a-a43b-4f2e8a25c0b0/ef6dfba5-5284-488a-a43b-4f2e8a25c0b0.usdz,2026-08-05 19:15:07,huggingface,26.04
9d118a27-6d94-44d3-a5b9-6ec35ffc29cf,clipgt-efbc3404-cc6f-4af8-93c8-a9964f963bed,26.4.96-91b06fb8,sample_set/26.04_release/efbc3404-cc6f-4af8-93c8-a9964f963bed/efbc3404-cc6f-4af8-93c8-a9964f963bed.usdz,2026-08-05 19:15:07,huggingface,26.04
a027342e-12fa-43dd-9301-5aac2c5df313,clipgt-f00d080e-aa4f-4f21-9135-8837436091d0,26.4.96-91b06fb8,sample_set/26.04_release/f00d080e-aa4f-4f21-9135-8837436091d0/f00d080e-aa4f-4f21-9135-8837436091d0.usdz,2026-08-05 19:15:07,huggingface,26.04
1e092006-2530-4032-98a1-6034daf0eb07,clipgt-f0132144-b084-471d-afa4-6e0efc7aeef4,26.4.96-91b06fb8,sample_set/26.04_release/f0132144-b084-471d-afa4-6e0efc7aeef4/f0132144-b084-471d-afa4-6e0efc7aeef4.usdz,2026-08-05 19:15:07,huggingface,26.04
d4cba547-dcc9-4c9a-b9d1-ed16a0a15c5f,clipgt-f03877dd-a2a7-42af-adad-377a6d7b3e9f,26.4.96-91b06fb8,sample_set/26.04_release/f03877dd-a2a7-42af-adad-377a6d7b3e9f/f03877dd-a2a7-42af-adad-377a6d7b3e9f.usdz,2026-08-05 19:15:07,huggingface,26.04
5331f037-d0f6-4a87-9659-d43d49a5fe86,clipgt-f1069db5-593f-4a28-adef-a1b8bff97c3a,26.4.96-91b06fb8,sample_set/26.04_release/f1069db5-593f-4a28-adef-a1b8bff97c3a/f1069db5-593f-4a28-adef-a1b8bff97c3a.usdz,2026-08-05 19:15:07,huggingface,26.04
0aaa8e60-fa15-4fc2-a012-d0aef6d41d52,clipgt-f109888b-1fff-48c7-b35c-c02307c58216,26.4.96-91b06fb8,sample_set/26.04_release/f109888b-1fff-48c7-b35c-c02307c58216/f109888b-1fff-48c7-b35c-c02307c58216.usdz,2026-08-05 19:15:07,huggingface,26.04
befbf8e2-5084-4b83-8f28-73d2f7d29ab3,clipgt-f127fab0-7644-4631-a65a-37926e55d55e,26.4.96-91b06fb8,sample_set/26.04_release/f127fab0-7644-4631-a65a-37926e55d55e/f127fab0-7644-4631-a65a-37926e55d55e.usdz,2026-08-05 19:15:07,huggingface,26.04
29d80e6f-fee2-4f28-80f4-7ce071ae839d,clipgt-f128a0bb-1f4b-460e-8f62-6b387988a069,26.4.96-91b06fb8,sample_set/26.04_release/f128a0bb-1f4b-460e-8f62-6b387988a069/f128a0bb-1f4b-460e-8f62-6b387988a069.usdz,2026-08-05 19:15:07,huggingface,26.04
23be392d-9bfc-4d05-8e5f-12a171c2fed7,clipgt-f13dc611-82d3-4973-9451-b3cbd1e4692a,26.4.96-91b06fb8,sample_set/26.04_release/f13dc611-82d3-4973-9451-b3cbd1e4692a/f13dc611-82d3-4973-9451-b3cbd1e4692a.usdz,2026-08-05 19:15:07,huggingface,26.04
4f4c9dc4-5d74-425b-a4d5-f4485148ab7a,clipgt-f1575120-c0b8-45f3-9bc7-c7bcd76703f1,26.4.96-91b06fb8,sample_set/26.04_release/f1575120-c0b8-45f3-9bc7-c7bcd76703f1/f1575120-c0b8-45f3-9bc7-c7bcd76703f1.usdz,2026-08-05 19:15:07,huggingface,26.04
fd6d45f9-9df5-4da1-bad3-1c66a75fbc8c,clipgt-f1964480-fef1-467a-96c1-99dedf008873,26.4.96-91b06fb8,sample_set/26.04_release/f1964480-fef1-467a-96c1-99dedf008873/f1964480-fef1-467a-96c1-99dedf008873.usdz,2026-08-05 19:15:07,huggingface,26.04
4b492ef6-0794-4c13-a775-c9ed7f2b58c9,clipgt-f1e39bf9-3be0-497a-8250-7b1412625728,26.4.96-91b06fb8,sample_set/26.04_release/f1e39bf9-3be0-497a-8250-7b1412625728/f1e39bf9-3be0-497a-8250-7b1412625728.usdz,2026-08-05 19:15:07,huggingface,26.04
f909359c-53c0-4075-960f-222d810d2f3e,clipgt-f20af970-3a39-4b68-a33c-7abaa16d5589,26.4.96-91b06fb8,sample_set/26.04_release/f20af970-3a39-4b68-a33c-7abaa16d5589/f20af970-3a39-4b68-a33c-7abaa16d5589.usdz,2026-08-05 19:15:07,huggingface,26.04
da0536ff-36f0-475f-a53a-223d2c9880d6,clipgt-f2379a9a-79be-4106-93e6-7e02a84ff04f,26.4.96-91b06fb8,sample_set/26.04_release/f2379a9a-79be-4106-93e6-7e02a84ff04f/f2379a9a-79be-4106-93e6-7e02a84ff04f.usdz,2026-08-05 19:15:07,huggingface,26.04
b10d8cc3-d41d-4a13-a351-872d5236a81d,clipgt-f23b6d15-f366-4e4f-b45e-dececd3184f1,26.4.96-91b06fb8,sample_set/26.04_release/f23b6d15-f366-4e4f-b45e-dececd3184f1/f23b6d15-f366-4e4f-b45e-dececd3184f1.usdz,2026-08-05 19:15:07,huggingface,26.04
1d18e405-32e6-4bd9-9d1c-f576d15173bf,clipgt-f2d07c13-9120-46f9-915b-28b5563af2ba,26.4.96-91b06fb8,sample_set/26.04_release/f2d07c13-9120-46f9-915b-28b5563af2ba/f2d07c13-9120-46f9-915b-28b5563af2ba.usdz,2026-08-05 19:15:07,huggingface,26.04
e8591548-6777-492f-a068-03bcfd9eb38c,clipgt-f335b031-bbaf-42a1-bd5d-465081ec5f4b,26.4.96-91b06fb8,sample_set/26.04_release/f335b031-bbaf-42a1-bd5d-465081ec5f4b/f335b031-bbaf-42a1-bd5d-465081ec5f4b.usdz,2026-08-05 19:15:07,huggingface,26.04
1e9eb474-a530-4644-8081-8bf9f6594c69,clipgt-f33ec7db-febd-4f0b-9924-3f9a26e6983d,26.4.96-91b06fb8,sample_set/26.04_release/f33ec7db-febd-4f0b-9924-3f9a26e6983d/f33ec7db-febd-4f0b-9924-3f9a26e6983d.usdz,2026-08-05 19:15:07,huggingface,26.04
b6c9c765-2fd9-4110-9ea1-8f078538cd3c,clipgt-f341c0aa-2fe1-4f20-a918-7ae2502e1e06,26.4.96-91b06fb8,sample_set/26.04_release/f341c0aa-2fe1-4f20-a918-7ae2502e1e06/f341c0aa-2fe1-4f20-a918-7ae2502e1e06.usdz,2026-08-05 19:15:07,huggingface,26.04
8b2535e4-1672-4c1d-8bad-12a57e1aa6a4,clipgt-f38424ea-61ee-4fb8-9686-8163f246ba0e,26.4.96-91b06fb8,sample_set/26.04_release/f38424ea-61ee-4fb8-9686-8163f246ba0e/f38424ea-61ee-4fb8-9686-8163f246ba0e.usdz,2026-08-05 19:15:07,huggingface,26.04
8b8d21bc-cddf-4b89-bb77-85fd7de7894a,clipgt-f3a32cfb-473f-443b-99cc-74dce9acf342,26.4.96-91b06fb8,sample_set/26.04_release/f3a32cfb-473f-443b-99cc-74dce9acf342/f3a32cfb-473f-443b-99cc-74dce9acf342.usdz,2026-08-05 19:15:07,huggingface,26.04
9bd25498-20a6-485e-aa23-1b4c829cafbb,clipgt-f3cd10fa-4624-4932-b6da-3622ae3da2c7,26.4.96-91b06fb8,sample_set/26.04_release/f3cd10fa-4624-4932-b6da-3622ae3da2c7/f3cd10fa-4624-4932-b6da-3622ae3da2c7.usdz,2026-08-05 19:15:07,huggingface,26.04
f3e78159-4574-4911-b98e-dfbd4d71a75d,clipgt-f3e2580d-2319-410a-9ab9-e90f1a137f59,26.4.96-91b06fb8,sample_set/26.04_release/f3e2580d-2319-410a-9ab9-e90f1a137f59/f3e2580d-2319-410a-9ab9-e90f1a137f59.usdz,2026-08-05 19:15:07,huggingface,26.04
e0501312-d5c4-4405-8aef-b0d392864927,clipgt-f3f3b187-5602-4aa4-8027-c827d96d45bf,26.4.96-91b06fb8,sample_set/26.04_release/f3f3b187-5602-4aa4-8027-c827d96d45bf/f3f3b187-5602-4aa4-8027-c827d96d45bf.usdz,2026-08-05 19:15:07,huggingface,26.04
2f80a3f6-a673-4157-be12-c61bc3ae31e8,clipgt-f3fd4dbd-5c4e-4774-8b41-ebb9b515e9cb,26.4.96-91b06fb8,sample_set/26.04_release/f3fd4dbd-5c4e-4774-8b41-ebb9b515e9cb/f3fd4dbd-5c4e-4774-8b41-ebb9b515e9cb.usdz,2026-08-05 19:15:07,huggingface,26.04
12589187-4a1d-490f-80ac-d429c6fc40d1,clipgt-f4627599-88a9-462d-8ad6-10c9dd278e71,26.4.96-91b06fb8,sample_set/26.04_release/f4627599-88a9-462d-8ad6-10c9dd278e71/f4627599-88a9-462d-8ad6-10c9dd278e71.usdz,2026-08-05 19:15:07,huggingface,26.04
0b7d48e6-8488-471e-93a3-5da068ea3d1a,clipgt-f4c583d8-3b7f-4d10-9e30-558cc80677ac,26.4.96-91b06fb8,sample_set/26.04_release/f4c583d8-3b7f-4d10-9e30-558cc80677ac/f4c583d8-3b7f-4d10-9e30-558cc80677ac.usdz,2026-08-05 19:15:07,huggingface,26.04
eb5ec400-7fc4-4afb-94ea-05a3118b80f5,clipgt-f4e31360-9d31-4064-8cfb-efd7f3e072b7,26.4.96-91b06fb8,sample_set/26.04_release/f4e31360-9d31-4064-8cfb-efd7f3e072b7/f4e31360-9d31-4064-8cfb-efd7f3e072b7.usdz,2026-08-05 19:15:07,huggingface,26.04
1ae2ba4a-0964-4781-bcb1-fd6ee6037f3f,clipgt-f5288635-b1e5-4629-b38c-4e0e4e79f1c4,26.4.96-91b06fb8,sample_set/26.04_release/f5288635-b1e5-4629-b38c-4e0e4e79f1c4/f5288635-b1e5-4629-b38c-4e0e4e79f1c4.usdz,2026-08-05 19:15:07,huggingface,26.04
c492eb6c-2dab-46c2-a949-8a2229eece02,clipgt-f58c6fa3-a206-4d99-a8b8-1d924428761b,26.4.96-91b06fb8,sample_set/26.04_release/f58c6fa3-a206-4d99-a8b8-1d924428761b/f58c6fa3-a206-4d99-a8b8-1d924428761b.usdz,2026-08-05 19:15:07,huggingface,26.04
75b7acd8-16f2-429e-b757-104a9ff5da3c,clipgt-f5e30435-0c70-4a1b-9f18-184ef794a28d,26.4.96-91b06fb8,sample_set/26.04_release/f5e30435-0c70-4a1b-9f18-184ef794a28d/f5e30435-0c70-4a1b-9f18-184ef794a28d.usdz,2026-08-05 19:15:07,huggingface,26.04
0539439b-e13e-43b2-a706-876599a54633,clipgt-f5e44ac9-000a-41db-b4ab-28d46330bcee,26.4.96-91b06fb8,sample_set/26.04_release/f5e44ac9-000a-41db-b4ab-28d46330bcee/f5e44ac9-000a-41db-b4ab-28d46330bcee.usdz,2026-08-05 19:15:07,huggingface,26.04
00a72c4b-c3ca-473c-85b2-dba8c2695bc1,clipgt-f5e4e873-4c83-427c-a2d2-3c5179b2bae5,26.4.96-91b06fb8,sample_set/26.04_release/f5e4e873-4c83-427c-a2d2-3c5179b2bae5/f5e4e873-4c83-427c-a2d2-3c5179b2bae5.usdz,2026-08-05 19:15:07,huggingface,26.04
fd90d457-89bd-4629-ba04-13db9af763f8,clipgt-f60f9d49-65b7-4fdf-b2b8-da49f28fabcd,26.4.96-91b06fb8,sample_set/26.04_release/f60f9d49-65b7-4fdf-b2b8-da49f28fabcd/f60f9d49-65b7-4fdf-b2b8-da49f28fabcd.usdz,2026-08-05 19:15:07,huggingface,26.04
587ee908-b204-4f9a-af65-6c6c02a67d58,clipgt-f636ac7b-7984-4c83-820e-c315642d1bfb,26.4.96-91b06fb8,sample_set/26.04_release/f636ac7b-7984-4c83-820e-c315642d1bfb/f636ac7b-7984-4c83-820e-c315642d1bfb.usdz,2026-08-05 19:15:07,huggingface,26.04
39d75993-fd55-4249-a8d1-a306ffb25f49,clipgt-f650ef79-8b72-4286-ac1b-6c4d2e825aaa,26.4.96-91b06fb8,sample_set/26.04_release/f650ef79-8b72-4286-ac1b-6c4d2e825aaa/f650ef79-8b72-4286-ac1b-6c4d2e825aaa.usdz,2026-08-05 19:15:07,huggingface,26.04
d0625758-bac1-44d4-9b5a-cc68d1bf3367,clipgt-f67a3ca1-4ddc-483d-8203-26918dd31e0c,26.4.96-91b06fb8,sample_set/26.04_release/f67a3ca1-4ddc-483d-8203-26918dd31e0c/f67a3ca1-4ddc-483d-8203-26918dd31e0c.usdz,2026-08-05 19:15:07,huggingface,26.04
ca4342ce-7161-42b2-9ac5-f1044fa4bc01,clipgt-f6885ef2-a7aa-432e-bc35-f702c93afa01,26.4.96-91b06fb8,sample_set/26.04_release/f6885ef2-a7aa-432e-bc35-f702c93afa01/f6885ef2-a7aa-432e-bc35-f702c93afa01.usdz,2026-08-05 19:15:07,huggingface,26.04
6ea97582-7fb3-4e19-9757-01bb8b2ab343,clipgt-f68b3f5c-2030-4a38-985d-c319da26845a,26.4.96-91b06fb8,sample_set/26.04_release/f68b3f5c-2030-4a38-985d-c319da26845a/f68b3f5c-2030-4a38-985d-c319da26845a.usdz,2026-08-05 19:15:07,huggingface,26.04
4c5f1336-daad-45cd-9244-73bb9d7e8850,clipgt-f69a9538-6694-48aa-952e-5b27b3f915fd,26.4.96-91b06fb8,sample_set/26.04_release/f69a9538-6694-48aa-952e-5b27b3f915fd/f69a9538-6694-48aa-952e-5b27b3f915fd.usdz,2026-08-05 19:15:07,huggingface,26.04
d1ff81a2-9dc0-4c5c-962c-7ab285bfafc0,clipgt-f6a1f6e2-1c72-402a-84b2-43e74edd3a48,26.4.96-91b06fb8,sample_set/26.04_release/f6a1f6e2-1c72-402a-84b2-43e74edd3a48/f6a1f6e2-1c72-402a-84b2-43e74edd3a48.usdz,2026-08-05 19:15:07,huggingface,26.04
f68dc72b-89eb-4305-9c30-0d7002f2746c,clipgt-f6e38e7b-64db-4381-bbf1-d8814db2bfe8,26.4.96-91b06fb8,sample_set/26.04_release/f6e38e7b-64db-4381-bbf1-d8814db2bfe8/f6e38e7b-64db-4381-bbf1-d8814db2bfe8.usdz,2026-08-05 19:15:07,huggingface,26.04
f4fe2da6-2928-465a-8e94-dc53bb142935,clipgt-f776e499-c8fb-45ca-8050-ac9e96f2fa44,26.4.96-91b06fb8,sample_set/26.04_release/f776e499-c8fb-45ca-8050-ac9e96f2fa44/f776e499-c8fb-45ca-8050-ac9e96f2fa44.usdz,2026-08-05 19:15:07,huggingface,26.04
bc52b1cb-420c-47e8-a291-3737debf4825,clipgt-f78017f4-6be3-46a6-bee3-eb4efc67442e,26.4.96-91b06fb8,sample_set/26.04_release/f78017f4-6be3-46a6-bee3-eb4efc67442e/f78017f4-6be3-46a6-bee3-eb4efc67442e.usdz,2026-08-05 19:15:07,huggingface,26.04
6d4760db-6ac9-41e3-a52f-4b13db0989bd,clipgt-f7bf0ace-7baa-464a-8fc9-91e3c9c9c223,26.4.96-91b06fb8,sample_set/26.04_release/f7bf0ace-7baa-464a-8fc9-91e3c9c9c223/f7bf0ace-7baa-464a-8fc9-91e3c9c9c223.usdz,2026-08-05 19:15:07,huggingface,26.04
9a557de1-10c4-403a-bfd3-55b71d008acf,clipgt-f7e71bb3-7aa5-486f-81e0-70b4ea8793ef,26.4.96-91b06fb8,sample_set/26.04_release/f7e71bb3-7aa5-486f-81e0-70b4ea8793ef/f7e71bb3-7aa5-486f-81e0-70b4ea8793ef.usdz,2026-08-05 19:15:07,huggingface,26.04
4d9121e0-e91c-4aa2-9360-a30edda8798f,clipgt-f81d7405-f198-463b-99bd-3ba907eeb35d,26.4.96-91b06fb8,sample_set/26.04_release/f81d7405-f198-463b-99bd-3ba907eeb35d/f81d7405-f198-463b-99bd-3ba907eeb35d.usdz,2026-08-05 19:15:07,huggingface,26.04
cee8a422-e14c-46b4-8aca-db218e6300dc,clipgt-f8a680f2-599b-4967-951c-18b9cccb331b,26.4.96-91b06fb8,sample_set/26.04_release/f8a680f2-599b-4967-951c-18b9cccb331b/f8a680f2-599b-4967-951c-18b9cccb331b.usdz,2026-08-05 19:15:07,huggingface,26.04
85b9034f-1409-41f6-b4ca-501091ebf917,clipgt-f8becb46-598e-4a77-b8e4-f875ab02625a,26.4.96-91b06fb8,sample_set/26.04_release/f8becb46-598e-4a77-b8e4-f875ab02625a/f8becb46-598e-4a77-b8e4-f875ab02625a.usdz,2026-08-05 19:15:07,huggingface,26.04
2951e376-bf4f-4349-b5e5-fd18753fbaf1,clipgt-f8d52c55-f9b1-41cc-9da3-9470380b5618,26.4.96-91b06fb8,sample_set/26.04_release/f8d52c55-f9b1-41cc-9da3-9470380b5618/f8d52c55-f9b1-41cc-9da3-9470380b5618.usdz,2026-08-05 19:15:07,huggingface,26.04
4063b6cb-fc57-48c6-a1b6-d036d71f5fe2,clipgt-f8ee31cb-cf0f-45ef-bce5-1b43bd6a4d25,26.4.96-91b06fb8,sample_set/26.04_release/f8ee31cb-cf0f-45ef-bce5-1b43bd6a4d25/f8ee31cb-cf0f-45ef-bce5-1b43bd6a4d25.usdz,2026-08-05 19:15:07,huggingface,26.04
0b9a38f6-d1d2-4ccf-8f8f-4d8e60ffe2f9,clipgt-f9121c36-20d3-42f4-8859-bd9ff300dbe9,26.4.96-91b06fb8,sample_set/26.04_release/f9121c36-20d3-42f4-8859-bd9ff300dbe9/f9121c36-20d3-42f4-8859-bd9ff300dbe9.usdz,2026-08-05 19:15:07,huggingface,26.04
d880d52e-7c7e-4093-b2f2-5101656bbee2,clipgt-f922e4bc-7bf3-4c4d-a254-63fadb4fd2fe,26.4.96-91b06fb8,sample_set/26.04_release/f922e4bc-7bf3-4c4d-a254-63fadb4fd2fe/f922e4bc-7bf3-4c4d-a254-63fadb4fd2fe.usdz,2026-08-05 19:15:07,huggingface,26.04
48f8bace-85b3-47ef-b9e1-637bda902bc9,clipgt-f93db5db-442a-40f5-87fb-24f061a12c1f,26.4.96-91b06fb8,sample_set/26.04_release/f93db5db-442a-40f5-87fb-24f061a12c1f/f93db5db-442a-40f5-87fb-24f061a12c1f.usdz,2026-08-05 19:15:07,huggingface,26.04
204dcf77-7133-40c4-9be1-757a1f3f4d3d,clipgt-f93f17da-7f31-43f2-8240-6a9ac245cb2e,26.4.96-91b06fb8,sample_set/26.04_release/f93f17da-7f31-43f2-8240-6a9ac245cb2e/f93f17da-7f31-43f2-8240-6a9ac245cb2e.usdz,2026-08-05 19:15:07,huggingface,26.04
598ab5f4-f5a0-4a54-b4dd-7b00f762e787,clipgt-f9b13f62-5c78-470a-beb2-3b2ce16f9864,26.4.96-91b06fb8,sample_set/26.04_release/f9b13f62-5c78-470a-beb2-3b2ce16f9864/f9b13f62-5c78-470a-beb2-3b2ce16f9864.usdz,2026-08-05 19:15:07,huggingface,26.04
97439da7-7e6a-4288-b1e4-01e406bb1deb,clipgt-f9b8a142-8d3b-4f30-9b00-c484d23d28fb,26.4.96-91b06fb8,sample_set/26.04_release/f9b8a142-8d3b-4f30-9b00-c484d23d28fb/f9b8a142-8d3b-4f30-9b00-c484d23d28fb.usdz,2026-08-05 19:15:07,huggingface,26.04
90d82239-5a56-4118-ab9c-1eadd132d9a3,clipgt-f9c6d9eb-a008-4906-8726-a4b34cdd0b82,26.4.96-91b06fb8,sample_set/26.04_release/f9c6d9eb-a008-4906-8726-a4b34cdd0b82/f9c6d9eb-a008-4906-8726-a4b34cdd0b82.usdz,2026-08-05 19:15:07,huggingface,26.04
d5c9446d-2500-48fb-b40d-974adc8490e5,clipgt-f9e361aa-5e93-41bd-aa5c-406999a5b9db,26.4.96-91b06fb8,sample_set/26.04_release/f9e361aa-5e93-41bd-aa5c-406999a5b9db/f9e361aa-5e93-41bd-aa5c-406999a5b9db.usdz,2026-08-05 19:15:07,huggingface,26.04
bb510944-fbac-4272-8167-d3d70d629230,clipgt-f9ec6a41-a2c9-43aa-98c7-9f43af02fca0,26.4.96-91b06fb8,sample_set/26.04_release/f9ec6a41-a2c9-43aa-98c7-9f43af02fca0/f9ec6a41-a2c9-43aa-98c7-9f43af02fca0.usdz,2026-08-05 19:15:07,huggingface,26.04
882c9f69-2047-486c-a18c-91ebcec54149,clipgt-fa035232-d2ea-4725-a4b1-89a5686371de,26.4.96-91b06fb8,sample_set/26.04_release/fa035232-d2ea-4725-a4b1-89a5686371de/fa035232-d2ea-4725-a4b1-89a5686371de.usdz,2026-08-05 19:15:07,huggingface,26.04
a6684a2a-f273-44eb-b362-21e15c3c4fe9,clipgt-fab24f4f-5d90-4460-bd85-7850faf12739,26.4.96-91b06fb8,sample_set/26.04_release/fab24f4f-5d90-4460-bd85-7850faf12739/fab24f4f-5d90-4460-bd85-7850faf12739.usdz,2026-08-05 19:15:07,huggingface,26.04
730cf8ad-ee38-4c6a-8d17-9c4b7575ede3,clipgt-fab5bc4a-17f5-42ab-af79-47c2bed9769d,26.4.96-91b06fb8,sample_set/26.04_release/fab5bc4a-17f5-42ab-af79-47c2bed9769d/fab5bc4a-17f5-42ab-af79-47c2bed9769d.usdz,2026-08-05 19:15:07,huggingface,26.04
aba232ad-e7a2-48d9-b9f0-3c92f6c5af49,clipgt-fabd5ce4-d54b-44f4-97ae-599822db7baa,26.4.96-91b06fb8,sample_set/26.04_release/fabd5ce4-d54b-44f4-97ae-599822db7baa/fabd5ce4-d54b-44f4-97ae-599822db7baa.usdz,2026-08-05 19:15:07,huggingface,26.04
6da50b8f-dc8f-4151-a4b4-92c7de51854d,clipgt-fadc118c-4ab4-4396-8e03-945fcaef54cf,26.4.96-91b06fb8,sample_set/26.04_release/fadc118c-4ab4-4396-8e03-945fcaef54cf/fadc118c-4ab4-4396-8e03-945fcaef54cf.usdz,2026-08-05 19:15:07,huggingface,26.04
1ee76fd0-13ae-4ea8-a8bf-afd9540d8d43,clipgt-fb138448-e925-4205-b3c6-913ac99f186f,26.4.96-91b06fb8,sample_set/26.04_release/fb138448-e925-4205-b3c6-913ac99f186f/fb138448-e925-4205-b3c6-913ac99f186f.usdz,2026-08-05 19:15:07,huggingface,26.04
03c1efbb-938e-4f27-95fa-452359c59f73,clipgt-fb36b704-9f73-43c2-b4ac-24c34d72a150,26.4.96-91b06fb8,sample_set/26.04_release/fb36b704-9f73-43c2-b4ac-24c34d72a150/fb36b704-9f73-43c2-b4ac-24c34d72a150.usdz,2026-08-05 19:15:07,huggingface,26.04
a3992e18-d540-4e4b-9ca5-1dc82f9578dc,clipgt-fb8e3ff8-9914-477e-87cd-afa34eea856d,26.4.96-91b06fb8,sample_set/26.04_release/fb8e3ff8-9914-477e-87cd-afa34eea856d/fb8e3ff8-9914-477e-87cd-afa34eea856d.usdz,2026-08-05 19:15:07,huggingface,26.04
81262f92-76bd-4a43-864e-71d38ed38007,clipgt-fb9d23ed-a844-46c0-97ef-4de29ab626bb,26.4.96-91b06fb8,sample_set/26.04_release/fb9d23ed-a844-46c0-97ef-4de29ab626bb/fb9d23ed-a844-46c0-97ef-4de29ab626bb.usdz,2026-08-05 19:15:07,huggingface,26.04
570a40a2-014a-4ff1-8356-0fe16c0e8217,clipgt-fbf1acd4-66a2-4584-9c05-685941b5a6bf,26.4.96-91b06fb8,sample_set/26.04_release/fbf1acd4-66a2-4584-9c05-685941b5a6bf/fbf1acd4-66a2-4584-9c05-685941b5a6bf.usdz,2026-08-05 19:15:07,huggingface,26.04
511337fa-146a-4357-9b30-2c2162b8c282,clipgt-fbf97438-2a2d-48ed-97a9-a57547dd1fcb,26.4.96-91b06fb8,sample_set/26.04_release/fbf97438-2a2d-48ed-97a9-a57547dd1fcb/fbf97438-2a2d-48ed-97a9-a57547dd1fcb.usdz,2026-08-05 19:15:07,huggingface,26.04
39b5fd9e-9174-4dfe-848d-1676273c1068,clipgt-fc41d9e9-321d-4835-9ec0-776ff74ca61e,26.4.96-91b06fb8,sample_set/26.04_release/fc41d9e9-321d-4835-9ec0-776ff74ca61e/fc41d9e9-321d-4835-9ec0-776ff74ca61e.usdz,2026-08-05 19:15:07,huggingface,26.04
d36ace0a-1334-4ff0-84c3-f90ff585265b,clipgt-fc89c237-ee5e-40bd-be20-dcecb4ca97ae,26.4.96-91b06fb8,sample_set/26.04_release/fc89c237-ee5e-40bd-be20-dcecb4ca97ae/fc89c237-ee5e-40bd-be20-dcecb4ca97ae.usdz,2026-08-05 19:15:07,huggingface,26.04
b908e0ea-23f5-4d82-b2f1-c75c89169b53,clipgt-fcd8cc77-7679-47e1-a439-dffef2eaa260,26.4.96-91b06fb8,sample_set/26.04_release/fcd8cc77-7679-47e1-a439-dffef2eaa260/fcd8cc77-7679-47e1-a439-dffef2eaa260.usdz,2026-08-05 19:15:07,huggingface,26.04
0b2c0031-4f4c-45bc-b12b-5407d8548f69,clipgt-fcf14bc7-4ac3-4675-ad89-4057dbb2592d,26.4.96-91b06fb8,sample_set/26.04_release/fcf14bc7-4ac3-4675-ad89-4057dbb2592d/fcf14bc7-4ac3-4675-ad89-4057dbb2592d.usdz,2026-08-05 19:15:07,huggingface,26.04
ae662686-34c3-4d61-895c-df60a9ae41ed,clipgt-fd01e9ab-05d6-445a-b974-02a33793ab49,26.4.96-91b06fb8,sample_set/26.04_release/fd01e9ab-05d6-445a-b974-02a33793ab49/fd01e9ab-05d6-445a-b974-02a33793ab49.usdz,2026-08-05 19:15:07,huggingface,26.04
a95826c1-f5f2-4e5b-b1c4-faf3953112d4,clipgt-fd1b8b64-a994-47c1-b739-5b5840ad4729,26.4.96-91b06fb8,sample_set/26.04_release/fd1b8b64-a994-47c1-b739-5b5840ad4729/fd1b8b64-a994-47c1-b739-5b5840ad4729.usdz,2026-08-05 19:15:07,huggingface,26.04
139b5bd9-3dec-4702-ba33-5984770badfd,clipgt-fd3a49fa-8d3a-4c67-b34f-9828c5d3df87,26.4.96-91b06fb8,sample_set/26.04_release/fd3a49fa-8d3a-4c67-b34f-9828c5d3df87/fd3a49fa-8d3a-4c67-b34f-9828c5d3df87.usdz,2026-08-05 19:15:07,huggingface,26.04
dd36c1ae-f545-43ce-a514-2aff3aaa8cc9,clipgt-fda39805-f188-4751-81cb-9de1c5071b5d,26.4.96-91b06fb8,sample_set/26.04_release/fda39805-f188-4751-81cb-9de1c5071b5d/fda39805-f188-4751-81cb-9de1c5071b5d.usdz,2026-08-05 19:15:07,huggingface,26.04
e4ccb268-3992-4ff8-871a-c6b2eff393f7,clipgt-fdc8aa11-35f3-41e3-863d-1faa9860f049,26.4.96-91b06fb8,sample_set/26.04_release/fdc8aa11-35f3-41e3-863d-1faa9860f049/fdc8aa11-35f3-41e3-863d-1faa9860f049.usdz,2026-08-05 19:15:07,huggingface,26.04
6d2339f9-1f40-4286-a28d-cbedfc6661ea,clipgt-fdd7a05d-3314-4663-95f7-90fd6b01ecf4,26.4.96-91b06fb8,sample_set/26.04_release/fdd7a05d-3314-4663-95f7-90fd6b01ecf4/fdd7a05d-3314-4663-95f7-90fd6b01ecf4.usdz,2026-08-05 19:15:07,huggingface,26.04
0b73dbfa-e074-4320-bd93-de93bb79e72e,clipgt-fdf09f96-1b3f-4b10-b4b5-459fe6ad2a95,26.4.96-91b06fb8,sample_set/26.04_release/fdf09f96-1b3f-4b10-b4b5-459fe6ad2a95/fdf09f96-1b3f-4b10-b4b5-459fe6ad2a95.usdz,2026-08-05 19:15:07,huggingface,26.04
53e76569-82e7-4f73-9956-1c0546129251,clipgt-fe313a2d-fb9e-4c0a-8efe-31f84f25f747,26.4.96-91b06fb8,sample_set/26.04_release/fe313a2d-fb9e-4c0a-8efe-31f84f25f747/fe313a2d-fb9e-4c0a-8efe-31f84f25f747.usdz,2026-08-05 19:15:07,huggingface,26.04
46232a00-419d-42d0-831d-73615c55cf1b,clipgt-fea0f66a-57fd-425d-9fbb-d5498ddf3d08,26.4.96-91b06fb8,sample_set/26.04_release/fea0f66a-57fd-425d-9fbb-d5498ddf3d08/fea0f66a-57fd-425d-9fbb-d5498ddf3d08.usdz,2026-08-05 19:15:07,huggingface,26.04
f5eca624-ea3d-4815-9fa0-364f1bc012a3,clipgt-febd36c4-abb1-498c-9e79-7f4d90d0285f,26.4.96-91b06fb8,sample_set/26.04_release/febd36c4-abb1-498c-9e79-7f4d90d0285f/febd36c4-abb1-498c-9e79-7f4d90d0285f.usdz,2026-08-05 19:15:07,huggingface,26.04
813d7833-911a-4d55-b306-9258cf9ce565,clipgt-fefa01c9-7131-491e-829f-cc7dc9788496,26.4.96-91b06fb8,sample_set/26.04_release/fefa01c9-7131-491e-829f-cc7dc9788496/fefa01c9-7131-491e-829f-cc7dc9788496.usdz,2026-08-05 19:15:07,huggingface,26.04
bfbd30b1-70e0-431d-89f4-3a4f21fc85a8,clipgt-ff255f49-5b9c-47d8-a55f-d9eed1f55d3f,26.4.96-91b06fb8,sample_set/26.04_release/ff255f49-5b9c-47d8-a55f-d9eed1f55d3f/ff255f49-5b9c-47d8-a55f-d9eed1f55d3f.usdz,2026-08-05 19:15:07,huggingface,26.04
77869bd0-5a54-4863-86d1-ffa88ce5cff2,clipgt-ff369d2c-939d-45f2-9644-8be3af66b08b,26.4.96-91b06fb8,sample_set/26.04_release/ff369d2c-939d-45f2-9644-8be3af66b08b/ff369d2c-939d-45f2-9644-8be3af66b08b.usdz,2026-08-05 19:15:07,huggingface,26.04
d6f82309-276a-433f-8965-66aa49237f9c,clipgt-ff687ef9-a22c-44e8-a656-42ddc5f00f93,26.4.96-91b06fb8,sample_set/26.04_release/ff687ef9-a22c-44e8-a656-42ddc5f00f93/ff687ef9-a22c-44e8-a656-42ddc5f00f93.usdz,2026-08-05 19:15:07,huggingface,26.04
10d7077a-2b32-4ac2-93e1-c17a142a1e8c,clipgt-ff7cefb0-17ee-4cb1-b4a0-49672c8b8504,26.4.96-91b06fb8,sample_set/26.04_release/ff7cefb0-17ee-4cb1-b4a0-49672c8b8504/ff7cefb0-17ee-4cb1-b4a0-49672c8b8504.usdz,2026-08-05 19:15:07,huggingface,26.04
cb0b657c-c6a9-4c66-963c-d764abacbe9c,clipgt-ffbc3d2b-00fc-4a53-8e6f-ea0cea4adbe6,26.4.96-91b06fb8,sample_set/26.04_release/ffbc3d2b-00fc-4a53-8e6f-ea0cea4adbe6/ffbc3d2b-00fc-4a53-8e6f-ea0cea4adbe6.usdz,2026-08-05 19:15:07,huggingface,26.04
c315705b-6ab1-4143-9709-eb612dd18146,clipgt-ffe5b17d-92bd-4f55-bf77-ad4b0b6e31a3,26.4.96-91b06fb8,sample_set/26.04_release/ffe5b17d-92bd-4f55-bf77-ad4b0b6e31a3/ffe5b17d-92bd-4f55-bf77-ad4b0b6e31a3.usdz,2026-08-05 19:15:07,huggingface,26.04
6034c8d9-91cf-42d9-a3fd-e22d70b3273e,clipgt-fff9984b-ef2c-4348-997b-54029aadbd0b,26.4.96-91b06fb8,sample_set/26.04_release/fff9984b-ef2c-4348-997b-54029aadbd0b/fff9984b-ef2c-4348-997b-54029aadbd0b.usdz,2026-08-05 19:15:07,huggingface,26.04
