test_suite_id,scene_id
nurec_curated_train,clipgt-00040136-e651-4abd-991d-0655ccda9430
nurec_curated_train,clipgt-00064c58-7047-4a53-8a36-b033baaaa5fb
nurec_curated_train,clipgt-0009402a-a514-443b-9a4c-0e792f5ae581
nurec_curated_train,clipgt-00097de1-5ded-4fba-a5ed-4b527678d1b0
nurec_curated_train,clipgt-000a3a34-1031-4f90-9bc3-5b5c132fd1ed
nurec_curated_train,clipgt-000a74ae-5c01-486e-ab6f-7f5160136357
nurec_curated_train,clipgt-000e95f7-560d-4411-8069-b9f531ed3cd6
nurec_curated_train,clipgt-0010ce77-d06e-43e6-bdaf-2cf8ab65cfe4
nurec_curated_train,clipgt-001564ce-0019-4ec6-bb62-07ed2bd90f2e
nurec_curated_train,clipgt-00169207-9da7-44c4-a67b-a925e77056ff
nurec_curated_train,clipgt-0026c1ce-efb6-4d41-b206-032598f31f7f
nurec_curated_train,clipgt-002ae4d8-ef9d-49ff-a7ba-0778fadbd98b
nurec_curated_train,clipgt-002f04fd-984f-4f0b-943e-aba82864930e
nurec_curated_train,clipgt-002f9a80-2b50-4d83-b5d6-326b4b7fe361
nurec_curated_train,clipgt-004d4a47-2b27-4174-a1b8-0363d81ffc1d
nurec_curated_train,clipgt-0051f106-98bf-4001-825b-dff634ec8f18
nurec_curated_train,clipgt-0052e196-30ca-4e6a-a472-df9434407b03
nurec_curated_train,clipgt-005ea4dd-7c94-4ca4-a825-20af0db5c58e
nurec_curated_train,clipgt-0068170a-7428-419a-a90d-45db4f980df7
nurec_curated_train,clipgt-007a5809-8a56-40b5-8af5-7e0f65229496
nurec_curated_train,clipgt-007fc5b6-87df-4b6b-9d0b-60d1498f3620
nurec_curated_train,clipgt-008513a2-ab70-4e21-852a-6cfe574d3d63
nurec_curated_train,clipgt-009d2517-4036-4977-bb4f-e851d69665f9
nurec_curated_train,clipgt-00eb506e-de3a-407c-8a76-c763de8dc0d8
nurec_curated_train,clipgt-00ecbc19-5168-48c4-8b6a-9d64005e640e
nurec_curated_train,clipgt-01132ab5-90d1-4fb4-b823-ce013ec527ec
nurec_curated_train,clipgt-0129d244-ffb8-4e10-81e3-ab79f2d28c36
nurec_curated_train,clipgt-01330416-9f29-4799-86a6-c4b2f8593375
nurec_curated_train,clipgt-018ab4b0-f802-47a0-9d60-a56df187be17
nurec_curated_train,clipgt-01cbe890-4ac2-4943-a2ed-2bda77fd2f56
nurec_curated_train,clipgt-01d503d4-449b-46fc-8d78-9085e70d3554
nurec_curated_train,clipgt-0208defb-0502-4293-ba29-9273b1a4ee7f
nurec_curated_train,clipgt-023b7fcc-671c-40e3-9bd2-c66b0b073fbc
nurec_curated_train,clipgt-0245ff75-aa3f-46b7-ba87-16a7afb841af
nurec_curated_train,clipgt-026d6a39-bd8f-4175-bc61-fe50ed0403a3
nurec_curated_train,clipgt-0274ab02-1d1f-4d40-92dd-561407235199
nurec_curated_train,clipgt-027a5570-83b3-4ebe-b332-ba4f054636ce
nurec_curated_train,clipgt-028508ba-ef59-48d3-a95b-94eb92e3b063
nurec_curated_train,clipgt-02ce6aee-45fb-4d4d-921c-4836f9a64be0
nurec_curated_train,clipgt-02e075b9-fd24-426b-971b-7cfcb2074cc9
nurec_curated_train,clipgt-02eadd92-02f1-46d8-86fe-a9e338fed0b6
nurec_curated_train,clipgt-030ae768-e82c-42b2-a9f1-2269628b019b
nurec_curated_train,clipgt-031f43ff-bc87-4cf3-99a1-6aef48e6628f
nurec_curated_train,clipgt-03376794-ae4a-4d16-a804-4efa954eec5f
nurec_curated_train,clipgt-03c9fe85-aeb6-4d6f-891e-b7b935532cae
nurec_curated_train,clipgt-03f14707-e02a-4a8e-a448-cf667458c127
nurec_curated_train,clipgt-0418c913-fead-437c-a856-bc397fc606cb
nurec_curated_train,clipgt-04251a0a-bc85-4369-94ea-c92726b467fd
nurec_curated_train,clipgt-04394343-92f3-409c-9695-e7cd5397fa02
nurec_curated_train,clipgt-048b974e-1546-488a-b8f9-d32bff77f5aa
nurec_curated_train,clipgt-0494c646-c537-4c6b-98b9-96c7e91fd0a8
nurec_curated_train,clipgt-0499fb41-122d-4180-83af-f954a9974d3b
nurec_curated_train,clipgt-04db1bb2-90fe-47a7-9d09-27d020c618d4
nurec_curated_train,clipgt-056fa8ab-8756-48b7-b482-64a65091d6af
nurec_curated_train,clipgt-0593b1f2-244a-4615-bc55-69be0c80136f
nurec_curated_train,clipgt-05a1d902-b975-4d11-a9ed-e6bfc774577f
nurec_curated_train,clipgt-05bb8212-63e1-40a8-b4fc-3142c0e94646
nurec_curated_train,clipgt-05cc65a8-13f4-4e6c-b98d-0cd442536bfd
nurec_curated_train,clipgt-05e74bef-0afa-468e-b679-b7f14079be30
nurec_curated_train,clipgt-05ecbbf5-d88c-41b7-97f2-f4ac2615a8c9
nurec_curated_train,clipgt-060131e7-ee72-477c-89da-083e0b446566
nurec_curated_train,clipgt-063cff52-c825-42a1-8bf9-a75aa5df1524
nurec_curated_train,clipgt-065dcac9-ee67-4434-a835-c6b816c88e48
nurec_curated_train,clipgt-066bb895-3f45-4b92-a67a-382e5fd52516
nurec_curated_train,clipgt-07054c19-f27f-42cc-8413-35e05c924d06
nurec_curated_train,clipgt-07354ff6-6b6b-4f50-ab3b-098e843eef09
nurec_curated_train,clipgt-078474c5-5fce-4d1f-9b3c-75af7bfbbfb9
nurec_curated_train,clipgt-07981e6a-22dd-4796-ad2f-1252037ecd28
nurec_curated_train,clipgt-079fc568-ffea-427e-ba53-8135ea3f453e
nurec_curated_train,clipgt-07ab4a5b-e934-4fff-b5d1-47efedadac47
nurec_curated_train,clipgt-07f6a059-5ac8-4ab5-8ad4-b23c13bb5046
nurec_curated_train,clipgt-085955e2-c98a-4a43-ae63-ff6e333ce9ef
nurec_curated_train,clipgt-08990ec8-0ba9-4284-9919-65b71750a5fa
nurec_curated_train,clipgt-089f9b45-e587-499e-971f-ee3a1ab51e30
nurec_curated_train,clipgt-08b2f1e4-ffcf-4342-9447-5ad2df55dfe1
nurec_curated_train,clipgt-08c22260-d040-4ced-a6b0-728ea69020fc
nurec_curated_train,clipgt-09426cca-e88a-4178-a82b-0bd5b2be0559
nurec_curated_train,clipgt-096988dd-9367-4fdf-84f9-5a73c5061c6e
nurec_curated_train,clipgt-09b3c476-dc23-4739-8586-15472e99ee9b
nurec_curated_train,clipgt-09c52e7f-0ce8-4810-bec0-2e38311c55b8
nurec_curated_train,clipgt-09d16838-f053-4bbf-9b6c-3ff29670edd0
nurec_curated_train,clipgt-0a0b82c8-b0dc-4083-976e-674f0131b0c9
nurec_curated_train,clipgt-0a18c5a4-9aca-4efd-b604-c75f3269c502
nurec_curated_train,clipgt-0a6ba2f5-f080-4f52-92cb-d063771057e1
nurec_curated_train,clipgt-0ac02819-4171-4363-9458-ad2f192884bf
nurec_curated_train,clipgt-0ac2b5ac-da4f-4910-ba76-139649c74e14
nurec_curated_train,clipgt-0aed52b3-1394-4dc3-8553-c60929e6acf8
nurec_curated_train,clipgt-0b10bce8-61f1-4350-8577-cf3c9493ffc3
nurec_curated_train,clipgt-0b1b82de-eaab-4bee-932a-05c6a1bbaf66
nurec_curated_train,clipgt-0b1c9f60-1e7b-40e4-a221-f9e1c281aad7
nurec_curated_train,clipgt-0b5186fe-c91e-4765-a780-bc92a24b5a30
nurec_curated_train,clipgt-0bd567e4-04e8-4e79-a691-b125382eabf0
nurec_curated_train,clipgt-0c2ca78d-d3ca-46e6-bb28-4eaf1f8a4eab
nurec_curated_train,clipgt-0c60eb4c-3545-49a2-a270-a65f888964c2
nurec_curated_train,clipgt-0c9a6929-6273-4b6f-b484-09fb46f65fb0
nurec_curated_train,clipgt-0caa5e02-1be0-4154-9a34-6c5d1e632c06
nurec_curated_train,clipgt-0cb146c8-f877-4d11-ac73-ed7b68a9eae5
nurec_curated_train,clipgt-0ce02937-f31b-4b4e-8286-3af73ae8861e
nurec_curated_train,clipgt-0ce38b48-a2c7-4227-92fa-86f617b23021
nurec_curated_train,clipgt-0ce6f2a3-a6cf-42c3-9133-111139be1dd1
nurec_curated_train,clipgt-0cf6368d-ff81-4489-b01e-4103371ba12c
nurec_curated_train,clipgt-0d1fcd2c-ed47-4c72-b756-8e24bce0b9f4
nurec_curated_train,clipgt-0d2eef98-722f-418e-bd3f-e334fd44af6f
nurec_curated_train,clipgt-0d358fc5-7b9b-45a5-9126-c9b1a61a83d4
nurec_curated_train,clipgt-0d4893f5-f575-4d98-b33f-0bdf3816bbed
nurec_curated_train,clipgt-0d59b8c8-3706-4e32-82ed-3f6e0cfb6840
nurec_curated_train,clipgt-0d76134f-350d-44b5-a694-208e9dab9600
nurec_curated_train,clipgt-0d943259-f09d-4eec-aaa0-73f0e8e6cff3
nurec_curated_train,clipgt-0dbb91dd-8db1-4e10-b155-14fdf46218bc
nurec_curated_train,clipgt-0dc1f11c-9dfa-4366-bb56-e488800e3b0e
nurec_curated_train,clipgt-0e002edd-c307-437c-9b97-6a1f6d28ac91
nurec_curated_train,clipgt-0e02fb8c-182a-41a6-a194-010bc7ef4f28
nurec_curated_train,clipgt-0e256b3c-e706-4d6c-ba17-751e4ab7f226
nurec_curated_train,clipgt-0e28a75d-2682-4589-ba8f-6f5a9d789ea6
nurec_curated_train,clipgt-0e479696-934d-4b1a-9d21-3e159990c4f8
nurec_curated_train,clipgt-0e899dd3-e544-4a30-a689-f00d08ba5770
nurec_curated_train,clipgt-0eac65ba-8cd3-460f-be17-07cceee88454
nurec_curated_train,clipgt-0eb6e9ae-bc08-42c9-bd10-45a99b473288
nurec_curated_train,clipgt-0ec1da73-99b4-4f0a-8266-6f696947b162
nurec_curated_train,clipgt-0ec477bb-58d9-4868-8441-235a1d2df0dd
nurec_curated_train,clipgt-0ec48454-b00b-4966-a847-1156eb4f8bcc
nurec_curated_train,clipgt-0ed17741-e00e-4cdf-86f8-7beb51950fa4
nurec_curated_train,clipgt-0ef6ea6a-8dd6-4787-80a4-3d949faadeb4
nurec_curated_train,clipgt-0ef9835a-64f9-4f2b-b364-098a838b6fd4
nurec_curated_train,clipgt-0f16eea8-3541-4c81-be1a-4353691ae4b9
nurec_curated_train,clipgt-0f1f60d5-785b-4a47-8436-7046ad1a3d21
nurec_curated_train,clipgt-0f525628-b4c3-4506-8b16-a27385913fa5
nurec_curated_train,clipgt-0fa7060f-1481-4ff3-977e-510285e2515d
nurec_curated_train,clipgt-0fb75b6e-edbc-406d-a94d-56620a7526b3
nurec_curated_train,clipgt-0fb94790-b759-41f2-8cd9-63a58dfa0861
nurec_curated_train,clipgt-0fd2c051-f5e1-4416-9bb5-9b93d92f55fb
nurec_curated_train,clipgt-0fee0fbf-439e-4901-a2aa-66152468491d
nurec_curated_train,clipgt-10834e23-7e77-4256-987f-dc5cbd49e484
nurec_curated_train,clipgt-10a82476-9cae-46a0-99e0-4c153ca8268d
nurec_curated_train,clipgt-10aa74d2-9fb2-4441-8101-33c62fe97b7a
nurec_curated_train,clipgt-10d64934-74a5-40ce-b35e-6debe2cd3d9c
nurec_curated_train,clipgt-10e91619-c0e2-4e87-abbb-40791a7ecb6b
nurec_curated_train,clipgt-10eef229-32c8-4ef5-8a53-2e5e4b6675a0
nurec_curated_train,clipgt-10fe595e-5aa9-44fe-ac74-af3c0b5fecdb
nurec_curated_train,clipgt-11336325-e0c8-49ab-9f34-0be03dd1b8e2
nurec_curated_train,clipgt-1182b9c0-56b4-4c28-b7c3-5c9de0256699
nurec_curated_train,clipgt-118a3400-83ce-4a64-98dd-f38f786be4b2
nurec_curated_train,clipgt-11d76816-1acd-49eb-902e-5a973a558e32
nurec_curated_train,clipgt-11e26412-dfa2-404f-a163-c2c8743821ff
nurec_curated_train,clipgt-11e62ffc-ebd9-448b-88ca-61796a5e5db6
nurec_curated_train,clipgt-11fce928-d921-42fb-b202-29608242745a
nurec_curated_train,clipgt-120b0581-8e71-488d-a377-e2a96b0d2e89
nurec_curated_train,clipgt-12449274-01ce-4d5e-b5f8-5fe675668dd0
nurec_curated_train,clipgt-12855a41-ba51-42a7-b5d6-8d75ae7cfb5c
nurec_curated_train,clipgt-12a09194-85c2-4ecf-b665-9c5078bae240
nurec_curated_train,clipgt-12a27b22-f5ed-4e93-acb4-567bb0e0be57
nurec_curated_train,clipgt-12c89c65-e52c-446e-9d0b-f4b783f46116
nurec_curated_train,clipgt-133a9c96-0cb9-41ae-8b84-ea87b74f3376
nurec_curated_train,clipgt-1370aa93-94e4-4dcb-9855-ede07046cbff
nurec_curated_train,clipgt-13a9767e-35c2-4d91-bba1-4326fc018dfc
nurec_curated_train,clipgt-13bf14b9-cd97-4e2b-92f1-d5bacfe22ab8
nurec_curated_train,clipgt-14850e11-6a08-4cd7-9875-be353f1a764b
nurec_curated_train,clipgt-1492c7af-08ad-45a1-90d2-cd1519d844ae
nurec_curated_train,clipgt-149fbd30-9ccf-4b23-b3fa-6ccbad8bb88c
nurec_curated_train,clipgt-14a02b32-08ac-493f-b9b5-5367df0cc568
nurec_curated_train,clipgt-14e9329f-5964-4888-99d9-bb3027477bea
nurec_curated_train,clipgt-153222d8-e989-4828-ab09-b5f2a3a333a5
nurec_curated_train,clipgt-1544b166-8f12-4481-a1c3-eeda51581e1a
nurec_curated_train,clipgt-15c2335d-ae77-459f-a57e-194ee3e44c82
nurec_curated_train,clipgt-15c75c83-b500-4a4b-aa97-533d2246a9d0
nurec_curated_train,clipgt-15d28b17-4484-4e58-a5a2-8d99c1422c41
nurec_curated_train,clipgt-15dd433e-ff56-47b5-82c4-ea91f8f7443f
nurec_curated_train,clipgt-15e74ae9-3bda-497c-ad76-51753f6dbf32
nurec_curated_train,clipgt-16150118-eef4-42d0-8358-15e787e236a5
nurec_curated_train,clipgt-16195ead-b47b-40cd-b944-851c82ecc519
nurec_curated_train,clipgt-161aff42-2c7f-4d9c-8a24-97a606bf3df8
nurec_curated_train,clipgt-1656742b-a785-48fa-a1b0-e789da89d5ee
nurec_curated_train,clipgt-166fe701-83b5-473b-9f3f-a2401fec3c78
nurec_curated_train,clipgt-167f9d8c-812a-48d1-98b9-c9fd29feb860
nurec_curated_train,clipgt-169d74f6-99f6-4f65-8352-b43bc6e80520
nurec_curated_train,clipgt-16b83346-578c-437d-b51b-14784ffdf6c1
nurec_curated_train,clipgt-16db28cb-4a75-4216-b6c9-afd2d97c5f85
nurec_curated_train,clipgt-16eb5dec-90fa-4ce1-ade9-3f70c2ed9c9a
nurec_curated_train,clipgt-16f25e75-5fc4-476c-9112-dd455dced8b9
nurec_curated_train,clipgt-16fc3dfe-41bd-4199-86e9-69188de13312
nurec_curated_train,clipgt-170a3280-64dc-488a-bd73-0a5f6fc5617a
nurec_curated_train,clipgt-1713b0b5-95e6-4289-bd77-7ce59d2013ca
nurec_curated_train,clipgt-1722223f-9a8f-4b5d-a9c1-b39390e78348
nurec_curated_train,clipgt-17343b97-975b-4e32-9d1f-3ce37f99effc
nurec_curated_train,clipgt-17593485-1941-44bf-a7f2-3c24bdd4a8b1
nurec_curated_train,clipgt-17a28ca0-d124-468c-bea3-6f2e75f23734
nurec_curated_train,clipgt-17ab62e4-36a2-4f6e-bdad-096298862116
nurec_curated_train,clipgt-17bec9f8-aa14-4091-ae83-b05714fe6e81
nurec_curated_train,clipgt-17fa63c0-e650-4841-9f1e-e44f8cce182d
nurec_curated_train,clipgt-1827c039-b11f-498e-964d-0f90a6475baa
nurec_curated_train,clipgt-185ee101-147e-4e76-af41-a0d8b4beb2fe
nurec_curated_train,clipgt-187e6244-f541-48ed-8372-62d6da8b547a
nurec_curated_train,clipgt-18d28973-336c-430e-be57-49f6b56fd827
nurec_curated_train,clipgt-18f8dbd6-6fe7-401c-9943-10404407e112
nurec_curated_train,clipgt-19073df6-076e-4ae0-9f8a-be59239919bb
nurec_curated_train,clipgt-1920170b-0317-4211-9b7c-1002c9925d7a
nurec_curated_train,clipgt-192b11e4-9a76-456d-88b1-993942674cec
nurec_curated_train,clipgt-193d4a94-55e0-4a37-a9d5-bc1414d7c33a
nurec_curated_train,clipgt-19585c5c-d523-49f4-bf15-59291e6c9278
nurec_curated_train,clipgt-195e294c-7631-4f72-a495-4695723e10ce
nurec_curated_train,clipgt-19825ebf-ef39-4069-a2c4-c9fb1ece84a1
nurec_curated_train,clipgt-1996d376-4738-4252-b8cf-f65f03de1538
nurec_curated_train,clipgt-19dc4c06-0e82-4fc7-813f-34761e63d009
nurec_curated_train,clipgt-19f339ba-4f3a-4025-b774-4b271e639f2a
nurec_curated_train,clipgt-1a394766-ea99-4cf5-98de-d1821222612b
nurec_curated_train,clipgt-1a4792c0-cd4b-42fc-9615-2f5ff41f13e0
nurec_curated_train,clipgt-1a84a820-fa70-4e8a-80d6-3e88d8b3f4a5
nurec_curated_train,clipgt-1a89339b-48d2-42c9-9b6b-277dd098112a
nurec_curated_train,clipgt-1aa48b8a-a2d9-4540-8d7e-a6fafd5b0dca
nurec_curated_train,clipgt-1aac210f-756a-4093-b5c6-6d522d7e99b0
nurec_curated_train,clipgt-1acf2f5d-f674-408f-ba18-6aacb4f4c739
nurec_curated_train,clipgt-1ad2258e-7166-4af6-a076-d2174b78f73a
nurec_curated_train,clipgt-1ad54fc0-1ccd-4855-8e76-b243938bba7b
nurec_curated_train,clipgt-1b024ad1-c2cc-4538-a7c5-8184f8cf0959
nurec_curated_train,clipgt-1b45d8e1-d2fd-4c7c-8440-c7ddb15ea152
nurec_curated_train,clipgt-1b7d131a-7007-4b60-a1f0-a5f4a326c776
nurec_curated_train,clipgt-1b80e5ad-d436-4a3a-a639-ae991b443c5d
nurec_curated_train,clipgt-1ba6bd49-8153-48f9-8427-4241f95b00fb
nurec_curated_train,clipgt-1bbe02fc-9785-48a6-9fa2-026b42c99654
nurec_curated_train,clipgt-1bc5e591-0f30-4d73-a7e9-fa04fa160530
nurec_curated_train,clipgt-1bccdc21-6e9c-425a-a0a1-392e2353f2b3
nurec_curated_train,clipgt-1bd00ed4-491c-4634-8a54-6ad2f96d83f4
nurec_curated_train,clipgt-1bdbff74-69d4-4c5d-8e3e-c8c7180dbdf8
nurec_curated_train,clipgt-1be86721-4f0e-4237-909d-1bc33ca56f5d
nurec_curated_train,clipgt-1bed5f04-325a-41d1-9eb6-973285f62dae
nurec_curated_train,clipgt-1bfd39ec-e09c-41fd-94e7-5fa70aac3a47
nurec_curated_train,clipgt-1c45ce3a-0960-4e08-88ed-6cfc008ad02a
nurec_curated_train,clipgt-1c576012-70de-43e6-8e3f-bee14bb7a35a
nurec_curated_train,clipgt-1c5b5611-79ba-43a5-8f73-b597e3620ef9
nurec_curated_train,clipgt-1c841180-ba2a-41f0-836b-650e535d8741
nurec_curated_train,clipgt-1c9774e9-02ec-4ae4-a404-c057c9aa88fe
nurec_curated_train,clipgt-1cd9b073-5cbc-4c75-85e4-052299ee1cc1
nurec_curated_train,clipgt-1cf1a70b-a26c-4b3d-9cbf-8ecbeb827487
nurec_curated_train,clipgt-1cf49614-606e-4793-a0db-90e34f5370b2
nurec_curated_train,clipgt-1d0d601f-bba0-423a-8f3f-8942bb529fd7
nurec_curated_train,clipgt-1d1bf6a0-c41d-4a72-b018-51e20250f421
nurec_curated_train,clipgt-1d205d02-7180-40c0-8242-22e57ad977d7
nurec_curated_train,clipgt-1d5f7881-a7f4-4c60-8e56-6ab1b85c5689
nurec_curated_train,clipgt-1d6978de-3fda-4526-bcfc-b8287d73e198
nurec_curated_train,clipgt-1d7ad5d2-02aa-4353-adf3-ee2a1ce1af24
nurec_curated_train,clipgt-1d87bdc8-a321-4796-9ca1-da8a94160535
nurec_curated_train,clipgt-1dbf641f-7723-473e-a6e2-488a3a7f949c
nurec_curated_train,clipgt-1dde2ce8-cf39-4cf7-a1d3-3da09965ffca
nurec_curated_train,clipgt-1e0b54b8-2608-4fe2-a2d2-0b05bf169e4a
nurec_curated_train,clipgt-1e461825-5ed3-4e7d-b7ac-c507bde90be6
nurec_curated_train,clipgt-1e53d45b-1593-4951-b85e-c28c20fa8d34
nurec_curated_train,clipgt-1e5435de-0e4f-4f9c-943b-c44275544715
nurec_curated_train,clipgt-1e6e41a1-e402-48a1-8a96-2ad92a57eb26
nurec_curated_train,clipgt-1e7bc103-82e1-44f5-b86a-856fa7412038
nurec_curated_train,clipgt-1e7d049c-a19b-478a-8f49-126aff5f6ad3
nurec_curated_train,clipgt-1e883544-6828-4b76-8675-4da6adbec601
nurec_curated_train,clipgt-1ee06414-734b-47f3-8b5b-e1a810eb83e6
nurec_curated_train,clipgt-1ef4e5bc-ea88-4cf0-9b07-d0dffdaed145
nurec_curated_train,clipgt-1f0db45a-1da6-4d5a-aa58-7905dfc2051d
nurec_curated_train,clipgt-1f1551dd-3492-4877-9e5a-6a741b7a7287
nurec_curated_train,clipgt-1f3816e3-9036-4124-82fe-bde06f7a3721
nurec_curated_train,clipgt-1f75b859-8f33-4841-bfbb-8e7d64621859
nurec_curated_train,clipgt-1f816661-b271-479b-ab67-72057de1aadd
nurec_curated_train,clipgt-2018a8c7-21ad-42f9-818e-9e45cadbbe6d
nurec_curated_train,clipgt-2036568b-916a-4d9d-b4c9-9946d2b3d62d
nurec_curated_train,clipgt-209428ee-53bf-4338-afcf-cd0fc33a94b2
nurec_curated_train,clipgt-20a057e5-c79e-4e78-934e-754a8de365b2
nurec_curated_train,clipgt-20a9fb48-2989-4ed1-8cb9-8b5973e6b96e
nurec_curated_train,clipgt-20b155e0-c26e-4fba-9d34-21ca609cbba6
nurec_curated_train,clipgt-20b83e7f-e9c3-4fa9-aa91-bfcfeb7e13d0
nurec_curated_train,clipgt-20c02adf-a773-4167-9231-82f89c0121be
nurec_curated_train,clipgt-21254445-877f-43d0-a92c-a9c1e9694f9f
nurec_curated_train,clipgt-218cce90-9835-4c8c-973c-558c316ee68f
nurec_curated_train,clipgt-21ba518c-a6a8-493e-b2c8-f96d043b4c06
nurec_curated_train,clipgt-21d4de35-b8d4-46b4-803d-7c22528961ea
nurec_curated_train,clipgt-21e8f480-bb8f-4bf4-ba9b-1be79cfaaacf
nurec_curated_train,clipgt-2205649c-9fad-4f64-85df-ecfd2707c43e
nurec_curated_train,clipgt-2221b2b3-1e50-44dc-ba04-55367379b72f
nurec_curated_train,clipgt-225eb8de-bf61-4fa9-b4b1-1f749cf8b57f
nurec_curated_train,clipgt-22a92557-7661-4a06-9854-b0a7f17d5c84
nurec_curated_train,clipgt-22ab49c5-2c92-463b-b890-0b2208c436b1
nurec_curated_train,clipgt-22c0d046-e0a1-408b-854f-0a0dae950b07
nurec_curated_train,clipgt-22eb5c41-c157-434a-b563-f2eda1148cfd
nurec_curated_train,clipgt-22f1e835-c0b2-468f-9385-e893f22d1e6c
nurec_curated_train,clipgt-22f408ec-4e26-4be0-89e5-a26d3b989be7
nurec_curated_train,clipgt-2301484b-78ff-4108-994f-d6ccaf88d546
nurec_curated_train,clipgt-2329e12d-9dac-47c3-a83f-8c2784a0c817
nurec_curated_train,clipgt-234e824e-f19d-4e14-964a-d47b5919a941
nurec_curated_train,clipgt-235c5235-95a7-4952-bedc-ed230d244324
nurec_curated_train,clipgt-2374aa97-69ec-4365-8735-b051ff0e1886
nurec_curated_train,clipgt-2387cbf7-1d05-4854-8c20-d3ed91d1bffe
nurec_curated_train,clipgt-23b03b84-fb88-445a-9a85-e19bad0a4986
nurec_curated_train,clipgt-23f7c59c-bdb4-4359-a1f5-05ca0aac824b
nurec_curated_train,clipgt-23fff61f-09db-4131-b83b-833f03e1bdb3
nurec_curated_train,clipgt-240c081f-03ca-4eae-89a3-1b821e47d502
nurec_curated_train,clipgt-2431387d-b9c5-4241-a219-497a99d1f4e5
nurec_curated_train,clipgt-245495e4-24f4-4edb-8eb2-a02f0d20b3f8
nurec_curated_train,clipgt-249733bd-12e5-40d1-bf50-54564f6654e3
nurec_curated_train,clipgt-24a1b702-d705-415a-9b67-bfed47465d29
nurec_curated_train,clipgt-24db7eb4-eddf-4b20-ba7e-ca54f9b44f11
nurec_curated_train,clipgt-24e426ed-e651-4278-b4ea-7a4b90d80edd
nurec_curated_train,clipgt-24ffbf90-1e77-4bbd-95a3-913a347e800e
nurec_curated_train,clipgt-25020844-0ed9-4838-b800-454bfda2e013
nurec_curated_train,clipgt-2509e4dd-c27a-4461-b846-34174343e4db
nurec_curated_train,clipgt-25151bb2-6aca-4b8c-bc42-841a27d32d77
nurec_curated_train,clipgt-2516202b-7d0c-4456-85cb-b88b351f0655
nurec_curated_train,clipgt-251664d8-fe13-4d6c-aeaf-216e6d11696b
nurec_curated_train,clipgt-2517eae8-ea91-4ed2-a713-dc02366cb6d9
nurec_curated_train,clipgt-251c0932-ddab-455f-b9d5-3958ad2bc036
nurec_curated_train,clipgt-252f2781-e7f5-459f-a5bf-1129bfa2ed62
nurec_curated_train,clipgt-25343c92-abac-49bd-8cd3-bedc3215ed0f
nurec_curated_train,clipgt-2554a11a-f982-438b-804f-96d04aa94903
nurec_curated_train,clipgt-255c242a-9ae0-4f70-9696-91fc7836087d
nurec_curated_train,clipgt-25cc74b5-b8a5-4fb4-afd0-d681aec94f77
nurec_curated_train,clipgt-25f6ad44-f4ca-4b73-9038-9295546e0da1
nurec_curated_train,clipgt-26344d44-4751-4446-a31d-e982c4629eb4
nurec_curated_train,clipgt-2640e5d4-678e-427a-85b4-072f98a445f3
nurec_curated_train,clipgt-26f70650-1e7f-4b35-9e0a-9afe64537bc7
nurec_curated_train,clipgt-26ffa56a-1863-45f0-bc51-ab393075a099
nurec_curated_train,clipgt-27068a85-f418-41ba-9c6f-f1ce69c9f892
nurec_curated_train,clipgt-27126a85-9155-44d4-9c59-5f93d33e73b0
nurec_curated_train,clipgt-272461db-5735-4a21-a682-7055fcd3b7df
nurec_curated_train,clipgt-2726cee4-301c-4d59-ad14-64fad8032e87
nurec_curated_train,clipgt-27324e1f-2e34-4dbe-8ce8-52ee90812e78
nurec_curated_train,clipgt-2774114a-2929-4ddf-bf08-63da4cf2342e
nurec_curated_train,clipgt-278088cf-15db-4334-be5c-85521b6a4a73
nurec_curated_train,clipgt-27a8bd68-4f4b-4dde-96a0-95b4de726dc2
nurec_curated_train,clipgt-2854bbf0-3dac-431a-9e48-4c26ebcd1c77
nurec_curated_train,clipgt-28bb2176-ff3e-4389-9138-87a1af7d6f5f
nurec_curated_train,clipgt-28c58eaa-60cc-4db4-b9cb-9b9b36df4694
nurec_curated_train,clipgt-28d92a45-12ae-46c5-90bb-796cfd754875
nurec_curated_train,clipgt-28dcc0c4-5912-4a9b-99c5-b0f3856698d1
nurec_curated_train,clipgt-28e3a9ca-66bc-4d25-a684-fefd43da3e88
nurec_curated_train,clipgt-28f20041-1346-4c7c-b76f-02b000c81324
nurec_curated_train,clipgt-28fda1db-773b-450d-bfec-5538ba5503db
nurec_curated_train,clipgt-2902f996-1cdc-414a-a08f-edd94982486d
nurec_curated_train,clipgt-2965d3fa-9e84-4503-9dc8-c0769da354dc
nurec_curated_train,clipgt-297777d4-3ca7-49fd-8d54-b3d784bf70b3
nurec_curated_train,clipgt-29aea879-fe4e-4e81-adff-e8aaed8a529d
nurec_curated_train,clipgt-29f4242b-7ec5-45a6-b1bc-78f19417390b
nurec_curated_train,clipgt-2a356a82-3672-4fd5-ad80-174a780ae0c9
nurec_curated_train,clipgt-2a412836-cbe9-4e4c-a0e1-302a2959098d
nurec_curated_train,clipgt-2aa2f0c3-7945-4cab-8b35-bde7d99ee24f
nurec_curated_train,clipgt-2aaad6c2-1080-4028-a78e-8c55adb4ccd4
nurec_curated_train,clipgt-2ab29546-2823-42a7-a5a5-1f59fbe67a03
nurec_curated_train,clipgt-2acac2c5-2fe4-4481-b389-dc9fdce0c90a
nurec_curated_train,clipgt-2ad86965-7adf-4698-af12-c8851a7d46cc
nurec_curated_train,clipgt-2ae30ba8-80c0-45b3-8050-1c30bd6ed0ef
nurec_curated_train,clipgt-2b5cab45-ddf5-4193-8be2-ee1a4424e5c5
nurec_curated_train,clipgt-2b8f1bfc-145f-4da2-9cfa-e9cd97e53845
nurec_curated_train,clipgt-2bc33d61-dc87-4258-b2a6-660d20f2051d
nurec_curated_train,clipgt-2bce2cbf-166c-4a52-a25c-25cfa1269ffc
nurec_curated_train,clipgt-2bcf87fb-e50e-46fd-b221-01caecb2145e
nurec_curated_train,clipgt-2bde3a6a-beca-4471-8d22-d660676981a1
nurec_curated_train,clipgt-2c1e7643-dba1-4434-80f8-89831d0b884b
nurec_curated_train,clipgt-2c489b83-3987-4133-9975-e5b043e56c1d
nurec_curated_train,clipgt-2c9a4206-432a-45f6-8507-98a8648621ca
nurec_curated_train,clipgt-2c9a5309-e6e3-45d6-b30f-c1ed724bf7a6
nurec_curated_train,clipgt-2cb1caf7-ec7a-460c-9354-14cabbc60263
nurec_curated_train,clipgt-2cc38bf3-2d83-4488-86f9-c57c8f89995c
nurec_curated_train,clipgt-2ce4e533-bfc2-4805-8d31-19542cc17408
nurec_curated_train,clipgt-2ce64e22-57fe-4d5f-a0ea-2d1825b01ea9
nurec_curated_train,clipgt-2d1728e8-10c1-4735-9b0d-e5ac198cf6d3
nurec_curated_train,clipgt-2d4e8428-becf-4b62-9df0-edd695607356
nurec_curated_train,clipgt-2d52ce30-7dbb-45e8-8c48-c61e4b58c36c
nurec_curated_train,clipgt-2da7fb57-852c-43dd-b3fa-f64b88d49fe4
nurec_curated_train,clipgt-2de37b03-deac-43f7-93ef-f56f520dbd0f
nurec_curated_train,clipgt-2e109d83-cefb-4c81-ba3e-012700335c5c
nurec_curated_train,clipgt-2e1ce314-9498-4a16-ab3a-837e6da25bf7
nurec_curated_train,clipgt-2e3b2f93-a541-44a1-9c0e-d991bcaad261
nurec_curated_train,clipgt-2e4241fc-42fc-497b-a23c-7ed777ced51d
nurec_curated_train,clipgt-2e4b7685-7564-464c-aef8-5d5d307c67ef
nurec_curated_train,clipgt-2e9fe627-4164-4e0d-965a-d10c8d131e81
nurec_curated_train,clipgt-2eafba22-31a0-48e0-84ea-41c97a18f557
nurec_curated_train,clipgt-2ee841e9-a7cf-4fc6-86af-ebbb1ffe9542
nurec_curated_train,clipgt-2f2f97fa-1617-459e-bfb8-a6d34fe0658c
nurec_curated_train,clipgt-2f380e80-0b15-4d00-a03b-a107106ab0c9
nurec_curated_train,clipgt-2f3ed8fe-0d6b-492a-9dc3-1f281e3486e8
nurec_curated_train,clipgt-2f474f6d-509a-483e-ad4d-43fee7b4fb06
nurec_curated_train,clipgt-2f5e9ff5-a3f8-4c0c-80e1-163bd60ac56a
nurec_curated_train,clipgt-2f62f25a-c5bc-467a-beb9-ac67b57572cd
nurec_curated_train,clipgt-2f8004f7-2f86-4b8a-861b-816a44d0da85
nurec_curated_train,clipgt-2f8c9028-a75c-4460-935f-0a93c66fb2c3
nurec_curated_train,clipgt-2ff0eef3-fdb9-4334-8096-1df3c4cd86f4
nurec_curated_train,clipgt-300157fe-f27b-4e8d-af9a-b4f5724abccf
nurec_curated_train,clipgt-30063806-4116-4bdf-976f-d10b1df7d9e2
nurec_curated_train,clipgt-3063e706-131a-476a-bc02-6b646896c6a7
nurec_curated_train,clipgt-307a1b77-7fce-4427-8175-4ac14d0147d2
nurec_curated_train,clipgt-3080d0eb-830c-4035-a7a4-393ae04556c1
nurec_curated_train,clipgt-30930c26-2bb3-4f0d-8741-4e02ada279dc
nurec_curated_train,clipgt-30afa2c6-48f6-4473-a8db-5430e1e88584
nurec_curated_train,clipgt-31032a73-3e7b-4fa4-8559-b0c9fe030f0d
nurec_curated_train,clipgt-31390e97-294f-4bfa-bc01-951fbed5a121
nurec_curated_train,clipgt-317fbc5f-bffa-4c17-b143-f214d9453d8d
nurec_curated_train,clipgt-319750b8-9f09-4245-8092-4486f6c28d85
nurec_curated_train,clipgt-319cdf0b-0ce0-4437-9eae-903a0c129c12
nurec_curated_train,clipgt-31ab4b94-98ef-448f-bb1f-e16bc8d5b832
nurec_curated_train,clipgt-31ae8f1a-7a39-4c0d-a22a-e5931129e2eb
nurec_curated_train,clipgt-31b9fb57-75f3-4276-8926-9e84d75ab1fc
nurec_curated_train,clipgt-31f78fe4-abe4-4966-88af-0d857d1d2c21
nurec_curated_train,clipgt-320846a7-36f8-4001-8964-26469a901d78
nurec_curated_train,clipgt-320c11f3-42e6-4179-b4d1-23fd4be62feb
nurec_curated_train,clipgt-3225dbf8-76e8-4189-af3e-e20154442da8
nurec_curated_train,clipgt-322caa08-a1af-4b5f-bfb6-d99beacf5596
nurec_curated_train,clipgt-3250c8af-5afd-4ba4-ae46-3cd62ae7b5db
nurec_curated_train,clipgt-3259c4fe-f663-401d-b0a8-c7e944bcab8b
nurec_curated_train,clipgt-325a6911-8ee8-4a04-8b84-55dbfcada98f
nurec_curated_train,clipgt-325f6c39-d822-4ecf-9cd2-e6afc69b0f7e
nurec_curated_train,clipgt-3264f6cd-8593-42a6-95f1-ab223886636f
nurec_curated_train,clipgt-329d688f-573d-4a36-b624-71f56d173bd9
nurec_curated_train,clipgt-32b166e3-7a47-48ed-852c-1548d39fdec1
nurec_curated_train,clipgt-334e7b6e-d6d5-4da1-8790-46987d9e6fc0
nurec_curated_train,clipgt-33a95264-5147-4848-b8f9-eea4d1b32450
nurec_curated_train,clipgt-33cb3ae6-5cb8-4e96-8214-7633033ec2a1
nurec_curated_train,clipgt-3416c63f-a0ca-4557-ad0f-8c8966c94148
nurec_curated_train,clipgt-34226720-8869-4f9b-ac91-76bdc4f80afc
nurec_curated_train,clipgt-343fcaaa-39ec-4f65-b2da-8e7c87fd40bf
nurec_curated_train,clipgt-34749833-a005-4d71-92c2-362ad095e1f5
nurec_curated_train,clipgt-348210ac-6ad8-425c-8797-f2babe6c8850
nurec_curated_train,clipgt-34a72050-661e-46b6-b3d9-1a0ce79278bf
nurec_curated_train,clipgt-34f76732-139a-467b-a4f5-4d881add96a8
nurec_curated_train,clipgt-352260e7-744e-4c0a-aeed-fb6f25ae9804
nurec_curated_train,clipgt-35544675-e8b6-4eae-969d-e276b8f2059a
nurec_curated_train,clipgt-35591496-5739-463e-94c4-3a0824305da1
nurec_curated_train,clipgt-35953aac-81c1-4815-a5d5-4134c08edaa6
nurec_curated_train,clipgt-359e435d-f85c-4f39-9cca-e99b94bd7de7
nurec_curated_train,clipgt-35cec769-9f45-4b14-a70d-b8778732ce0c
nurec_curated_train,clipgt-35cff947-4fe9-41f6-8071-f4146706fe83
nurec_curated_train,clipgt-35d707e1-856e-4037-8792-060d46506889
nurec_curated_train,clipgt-35e6aad1-ef53-4a05-b211-6b76f916d205
nurec_curated_train,clipgt-36444635-aed6-4f44-bd1e-105cfb15a4b0
nurec_curated_train,clipgt-36509650-f204-40e4-97bd-7d8ae7422c71
nurec_curated_train,clipgt-36626308-fe08-4180-abc6-76ef1fa1cb39
nurec_curated_train,clipgt-3674ea3d-0350-496a-ab5d-ca234f2b968b
nurec_curated_train,clipgt-3689391b-2b63-450b-9878-3804c70583ea
nurec_curated_train,clipgt-36ab7dc2-e766-4474-ac8d-8cdc4e266ca3
nurec_curated_train,clipgt-37113280-a033-4be4-afdd-cb199299e028
nurec_curated_train,clipgt-3717cd19-ac06-4d95-8225-0b92c04ada41
nurec_curated_train,clipgt-37267559-c70a-438b-a759-545cd4484de4
nurec_curated_train,clipgt-3764254a-8653-437b-9ad7-667778d0524a
nurec_curated_train,clipgt-37a5516d-4080-49ee-b0ae-33c4dbf4d731
nurec_curated_train,clipgt-37a9fc2d-9122-4b96-a4b4-fbe5c242d074
nurec_curated_train,clipgt-37c64595-d4b1-45ab-90af-4076cada161d
nurec_curated_train,clipgt-37d060d6-1628-434c-8e32-97faf9cdcfe2
nurec_curated_train,clipgt-37d17fd8-9aad-4b36-ba95-17da899d9f33
nurec_curated_train,clipgt-37de46e2-c930-4c23-bb70-a393986f7fa1
nurec_curated_train,clipgt-37ef2c67-ab41-4da6-9f55-96ef83e0f49f
nurec_curated_train,clipgt-37f45f87-dc3b-4425-a388-fa7bfa4a11a6
nurec_curated_train,clipgt-3826e7f4-3a86-4304-b3c0-ae446f1de69e
nurec_curated_train,clipgt-383b178b-2e94-4998-9cff-d147d3b859a3
nurec_curated_train,clipgt-384bad4c-f8e9-40f6-810e-9248abf1e10a
nurec_curated_train,clipgt-3897cbd4-45b1-44e8-9fe5-8297f6f9bb17
nurec_curated_train,clipgt-38e9aaaa-1a5e-4b6e-8991-ec266bdedc78
nurec_curated_train,clipgt-3948d3e6-fc32-4a96-a590-7c6db2470a06
nurec_curated_train,clipgt-397bcd5e-e13b-4a5c-a77f-c8a117a2b7f7
nurec_curated_train,clipgt-39875322-9804-49ef-afe2-93719b034d37
nurec_curated_train,clipgt-39b6115a-a221-45ea-8faa-3dd98b772058
nurec_curated_train,clipgt-39f3ab94-d506-421a-9f85-3b7dd00094c1
nurec_curated_train,clipgt-3a107de6-a55c-4f0a-81aa-e9af966f81d2
nurec_curated_train,clipgt-3a1341fc-81a0-47b6-8955-bdeb4a709d20
nurec_curated_train,clipgt-3a18e43a-4c52-4082-9e8f-bf37ffe5a86f
nurec_curated_train,clipgt-3a316bee-8a51-47c2-b814-ff37eed2ce78
nurec_curated_train,clipgt-3a75ba12-03c4-45b3-bbff-25237729cb3a
nurec_curated_train,clipgt-3abb7821-04dd-48c8-bda9-4326844b611f
nurec_curated_train,clipgt-3ae073df-35b6-45af-b73d-00d6bef41ff2
nurec_curated_train,clipgt-3b6078dd-9eff-4269-8afc-3432e2d4729e
nurec_curated_train,clipgt-3b6a7ba3-9fca-428a-8fbc-8c4e44cb4c4d
nurec_curated_train,clipgt-3b9d9d7a-5c8c-4404-ba4b-34264b476925
nurec_curated_train,clipgt-3b9f9fa6-c966-41a5-9a6c-c64374d97e7c
nurec_curated_train,clipgt-3bc08389-ee1d-4d19-8c9d-322182a2eb3e
nurec_curated_train,clipgt-3bfdcef1-9b39-4c54-b9a9-dbe662aaefa3
nurec_curated_train,clipgt-3c1fb774-ed71-48c6-a7b8-daa527810de0
nurec_curated_train,clipgt-3c292d83-970e-4c9b-82df-90f5ad9e7379
nurec_curated_train,clipgt-3c339c15-0cdf-46a3-8faf-d387ee43ccf1
nurec_curated_train,clipgt-3c772c77-a319-40a4-a7ec-ad96d92abbb3
nurec_curated_train,clipgt-3c91d836-ede2-4e15-9f34-5b7ebe0b1c0d
nurec_curated_train,clipgt-3cc29c99-7396-4c53-a919-5970207155ce
nurec_curated_train,clipgt-3cd82dee-d715-4152-a696-f49bc0e98dfd
nurec_curated_train,clipgt-3d1e57dc-7301-4c0a-88f9-91d0c58476b4
nurec_curated_train,clipgt-3d31d122-c1fe-46b9-bcc7-9e8c6c93bd7f
nurec_curated_train,clipgt-3d343ae9-6d5b-415f-be2c-aa8d0ebc03c9
nurec_curated_train,clipgt-3d66c2ae-f62e-4431-aab7-f68ffd0e4de3
nurec_curated_train,clipgt-3d6a22f7-daa6-467e-b40d-ed9099063025
nurec_curated_train,clipgt-3d8253d9-9382-40e7-964c-5cafa6f24efc
nurec_curated_train,clipgt-3dbcdf90-5dc0-4797-94ff-e6bdf47adc14
nurec_curated_train,clipgt-3dce1d04-33f0-421e-958e-4704247e4c98
nurec_curated_train,clipgt-3e18388c-aa5b-4152-99bd-f93e570bd2ff
nurec_curated_train,clipgt-3e265bc2-2a8b-4c5c-8e6b-1de009b6672d
nurec_curated_train,clipgt-3e455540-6812-4dc1-be7f-9ab8395a69c2
nurec_curated_train,clipgt-3e73027c-2d42-471e-bbdd-364cd9d5d989
nurec_curated_train,clipgt-3e88d7b6-c037-4996-9932-7d01fe113b07
nurec_curated_train,clipgt-3e9966a3-c42d-4fd1-b588-6f5cc02b7c25
nurec_curated_train,clipgt-3ece7254-60dd-49ef-a846-f14e2fd00927
nurec_curated_train,clipgt-3ee65034-1980-4180-b092-aac471402463
nurec_curated_train,clipgt-3f222d30-0256-4de7-b2af-acce198c721d
nurec_curated_train,clipgt-3f38239f-8685-4a00-9944-ef1624d46ceb
nurec_curated_train,clipgt-3f3a65b1-5534-4b69-8d2a-f5f441f209ac
nurec_curated_train,clipgt-3f4a9496-3ee6-407c-acf0-dff2463ec145
nurec_curated_train,clipgt-3f4b238e-03dd-4e04-8092-18785266f7b7
nurec_curated_train,clipgt-3f7c3b2f-2cb3-4443-a60e-ceaf1133c704
nurec_curated_train,clipgt-3f80214b-4e87-465d-9704-bb03f2bf01e1
nurec_curated_train,clipgt-3fa23d78-93a8-4bf3-a5e8-ffa1f9073126
nurec_curated_train,clipgt-3fa7ce7c-5124-4fb8-abcd-30fc122b5232
nurec_curated_train,clipgt-3fdef07e-97cc-4e33-8177-93753f142bec
nurec_curated_train,clipgt-3fedd4d3-e529-475e-97e8-fbd5eac89976
nurec_curated_train,clipgt-3ffd7a2b-641c-453e-ba00-58809ae3c103
nurec_curated_train,clipgt-400aa790-3055-4d4b-aba2-e89834928fb8
nurec_curated_train,clipgt-40ded62f-e5ce-4844-9d01-9d0cc7555159
nurec_curated_train,clipgt-40fc64e5-b2ce-4f35-ac58-ecd3f9964818
nurec_curated_train,clipgt-411ee080-8d8a-4ba5-a6f0-4a19b939ee1f
nurec_curated_train,clipgt-41bb5055-ba29-4656-9238-aea42e58ccb5
nurec_curated_train,clipgt-41c06176-96a4-43ff-b5fa-baaa3a8fd8d0
nurec_curated_train,clipgt-41d714e0-3524-4f96-a05c-d15337a083fa
nurec_curated_train,clipgt-41dadaf2-5c40-48d4-8b15-b3ca2b9f398b
nurec_curated_train,clipgt-422069cd-229d-48af-8482-227066c3e55e
nurec_curated_train,clipgt-4228c50e-e240-4b1e-9d70-e5b61dad1183
nurec_curated_train,clipgt-428a3ed5-1ecc-46e5-9c9e-4a5ba8fe2262
nurec_curated_train,clipgt-42b261f7-4799-4528-ac87-5c696f900dc4
nurec_curated_train,clipgt-42f8d82c-1c8b-4949-a63f-6c1c96bff3ee
nurec_curated_train,clipgt-43b053e4-ae10-4b88-8338-6f108cfa805d
nurec_curated_train,clipgt-43e7ed53-d38f-4b04-9225-bfcc3875ebb5
nurec_curated_train,clipgt-4411c098-6920-40ea-84eb-e136cd89950d
nurec_curated_train,clipgt-44409f00-9b06-4103-86d7-d48e41a539e0
nurec_curated_train,clipgt-44bec16c-7622-4e23-810d-54f44959a9ee
nurec_curated_train,clipgt-44c3b4d5-de26-4ba6-b748-c3a22730a717
nurec_curated_train,clipgt-44d530b9-016f-4d5d-80ea-b78958d1f502
nurec_curated_train,clipgt-44e97708-8896-49ac-b046-cd489253bcfe
nurec_curated_train,clipgt-4512bfd6-59c5-4b75-b2ff-a21b69ffa4dd
nurec_curated_train,clipgt-451cbe44-d2ac-4deb-8ae7-3dfedda42042
nurec_curated_train,clipgt-4541cef6-f424-4090-8ab3-1ead9616902d
nurec_curated_train,clipgt-454a378b-8594-43ed-97d7-c7845ff54125
nurec_curated_train,clipgt-454da34d-3b1c-4cfe-bfd7-066c5fdd240f
nurec_curated_train,clipgt-455160cf-9eba-42d1-b0ed-bca84a4bd61b
nurec_curated_train,clipgt-45727fa6-6f3b-4a4c-a7d2-0e1d35328a7a
nurec_curated_train,clipgt-4587c40f-2452-46ae-8d32-3fe88a386982
nurec_curated_train,clipgt-45d935e4-de5b-4910-a7ac-ba9d832b05be
nurec_curated_train,clipgt-45eb781a-8712-4fd9-8563-02ef9800eacd
nurec_curated_train,clipgt-45f08b17-c7d7-4ea9-b56d-d859601e2ff7
nurec_curated_train,clipgt-45f8999a-12ea-4bac-b786-da23e31cd73f
nurec_curated_train,clipgt-45fed0d9-1f8d-4d36-a15e-efb4c33eca6c
nurec_curated_train,clipgt-460a9160-90dd-448b-beef-afbf75a33d7c
nurec_curated_train,clipgt-4611c801-b3ac-4564-aa53-21d33088f253
nurec_curated_train,clipgt-46252225-453d-474c-963c-bc0cd917e7e4
nurec_curated_train,clipgt-4627a337-8422-47af-a6db-d69cf7c155fb
nurec_curated_train,clipgt-464f923c-cc39-408e-8ebc-e55ffe475f0b
nurec_curated_train,clipgt-4658c995-2de5-4284-a599-f4f142467269
nurec_curated_train,clipgt-46a20900-7a38-4a4c-86e2-f44915dda35f
nurec_curated_train,clipgt-46d6b6fc-44ec-4f0b-be9e-c9f2015f05b7
nurec_curated_train,clipgt-46db670e-79d2-4373-ab80-e354ae6523a7
nurec_curated_train,clipgt-46ea6266-fa8d-48dc-baf2-68d7f367cfb9
nurec_curated_train,clipgt-471f2484-3cdd-47bb-9039-abc856acaeb8
nurec_curated_train,clipgt-474e4031-322b-4427-a5fb-0eec4ae23264
nurec_curated_train,clipgt-47650c67-906f-4a73-a012-be29fad601ff
nurec_curated_train,clipgt-476d7af6-0b07-49fc-8d3b-6ebdb154efc2
nurec_curated_train,clipgt-47b294a9-d611-41a6-b724-a41474838440
nurec_curated_train,clipgt-4832dde8-363e-4f96-98b2-f299ddc5478e
nurec_curated_train,clipgt-4848b5fd-72a8-4594-a2eb-9d5702f694e0
nurec_curated_train,clipgt-489ecd96-6c76-4af9-b36a-8ad4e5d7d91e
nurec_curated_train,clipgt-48a48ad9-bc17-4543-a1b0-9e22fc02d8b6
nurec_curated_train,clipgt-48a50c2a-ab84-4249-aa38-d983b3466e64
nurec_curated_train,clipgt-48c8d69a-7e42-4615-a260-ac27faa07e7f
nurec_curated_train,clipgt-490e1e7c-225c-4fa3-96c8-552d4274eb99
nurec_curated_train,clipgt-4969ac16-f08c-4231-a4d4-8a5b46422f76
nurec_curated_train,clipgt-497183c6-6a87-43e7-8c2b-ab357e1cb57e
nurec_curated_train,clipgt-497bf4e1-dfc1-44f2-b112-93c3f24542cf
nurec_curated_train,clipgt-4995e8aa-8a9b-40a5-aceb-ceccdfa506c7
nurec_curated_train,clipgt-49a2bbf7-1b3b-4a31-a54d-40071ec42449
nurec_curated_train,clipgt-49a97127-746d-4f7f-90f3-3ffed4cfa592
nurec_curated_train,clipgt-49b58a05-9a02-4dba-b958-a484386c5dc2
nurec_curated_train,clipgt-49c23486-6222-487f-b9ce-c5e8a29e5c97
nurec_curated_train,clipgt-49d7436d-b1c2-4c49-a4d6-4c64f6f354a0
nurec_curated_train,clipgt-49e0ea24-2925-4fae-b590-3f725c1063d5
nurec_curated_train,clipgt-4a091b74-4ba0-46e3-90bb-be1370076319
nurec_curated_train,clipgt-4a24b408-1989-4393-9594-ca99a2c71930
nurec_curated_train,clipgt-4a2db3b3-105b-4b03-9ddc-fe5900098887
nurec_curated_train,clipgt-4a495c2d-2bec-4591-a304-09ab964538ef
nurec_curated_train,clipgt-4a6f01d5-97bf-44f2-81c5-8e88b439d268
nurec_curated_train,clipgt-4ac6e6fb-8a9b-46c7-b7b4-b8d33368f6fb
nurec_curated_train,clipgt-4ae4dc15-541f-4efd-bb02-032540ab2998
nurec_curated_train,clipgt-4b673ab0-c718-4e65-b6a7-89d85608fdec
nurec_curated_train,clipgt-4b7f3f25-30ed-44b3-8a91-5af20e5f1a06
nurec_curated_train,clipgt-4b8a9bd4-8dcd-494a-b5d5-64f9b9344acd
nurec_curated_train,clipgt-4bc0d5a1-8907-478b-b19f-aae67744227e
nurec_curated_train,clipgt-4bd800df-199e-4503-a84b-c9de05caaeaa
nurec_curated_train,clipgt-4bdcda96-d062-4d63-ba55-5c1664943a7c
nurec_curated_train,clipgt-4be71004-79ca-476b-be95-290f0dff4334
nurec_curated_train,clipgt-4bff979b-dc85-4a39-b11c-bc42b04662db
nurec_curated_train,clipgt-4ccb410f-907e-47d9-897c-56db0a8c5f71
nurec_curated_train,clipgt-4ce9f18b-d251-4bfc-a72d-58bac48fd525
nurec_curated_train,clipgt-4cef6180-5c55-4611-a407-7aed3e17199c
nurec_curated_train,clipgt-4cfd325d-76ec-4ee4-abb3-d7b174ea67dc
nurec_curated_train,clipgt-4d268762-0f46-4ba3-853a-31d909cb6cb6
nurec_curated_train,clipgt-4d4352f8-8565-42a8-99ac-8b2c790d2591
nurec_curated_train,clipgt-4d496419-40e7-4822-ae8a-1af44a22bd83
nurec_curated_train,clipgt-4d9be4c7-0205-4f2e-b187-e98a1402b2ec
nurec_curated_train,clipgt-4dc8100b-e492-4b33-b061-be3d64d52e31
nurec_curated_train,clipgt-4e05c75c-1fe9-4ff6-b94a-8e297c57a38a
nurec_curated_train,clipgt-4e2181bf-ef99-4f71-833a-1ffca06fefbb
nurec_curated_train,clipgt-4e8f1c63-2184-4d5e-976c-a3906f6f743f
nurec_curated_train,clipgt-4ebbe43e-5d3c-4689-ba5a-521947231b77
nurec_curated_train,clipgt-4ed20121-2bf6-473a-b02f-90811b9bcb58
nurec_curated_train,clipgt-4efa3c16-8188-4c7d-9fc1-345888bca8a5
nurec_curated_train,clipgt-4f0f0f12-d9d1-4207-bd27-5c3e62d15e5a
nurec_curated_train,clipgt-4f33ba35-9d49-4f66-9408-a2896173d04b
nurec_curated_train,clipgt-4f8168cc-0add-48aa-a44b-206268cd07b9
nurec_curated_train,clipgt-4f94f84a-10b7-448f-b904-0222058e5915
nurec_curated_train,clipgt-4fa2f86c-cfff-4cb7-b68c-29109aeef91b
nurec_curated_train,clipgt-4fdce89c-8dc9-4c3a-95e5-1a6c4da202e2
nurec_curated_train,clipgt-4fdd073a-3aca-46b7-9b9e-fd58e7ba9657
nurec_curated_train,clipgt-5037c30f-f66c-45d6-b459-b0b465602de5
nurec_curated_train,clipgt-504ca69c-d9ae-4214-afd5-ac0e0c289de7
nurec_curated_train,clipgt-504ee5fd-7588-4ec5-b8f3-2bde1b06c05a
nurec_curated_train,clipgt-50541d25-ddd7-46e4-afea-05250006705a
nurec_curated_train,clipgt-50aa86f5-9179-4984-9e4f-d9a678b1e77e
nurec_curated_train,clipgt-510831a8-7a8f-4640-bf5b-ba9505880268
nurec_curated_train,clipgt-51249fb2-3db1-4e78-813a-f6b2af4076d3
nurec_curated_train,clipgt-518b91d7-c8d7-4863-92b8-c59caa8128ad
nurec_curated_train,clipgt-51904be9-9fd8-427f-96ac-42a66d338314
nurec_curated_train,clipgt-51dd9863-3749-4ac8-86d8-0bddd140f9c7
nurec_curated_train,clipgt-51f8799f-cb4a-44b8-9c27-2af8b9d30f2a
nurec_curated_train,clipgt-5240502c-001a-4f02-aed9-da86a4d307d1
nurec_curated_train,clipgt-5277b5f7-2469-4371-8c69-93409710f99f
nurec_curated_train,clipgt-5293e562-5d50-4999-9eb6-cbb5cc07f66f
nurec_curated_train,clipgt-52b83a93-d951-4f90-b495-6b6fd87adc94
nurec_curated_train,clipgt-530a9510-4cf8-4ab1-9532-cdd3b1725e2b
nurec_curated_train,clipgt-53134a94-dd75-40c0-8b0f-539bc6b1fcf1
nurec_curated_train,clipgt-53217e76-be75-4714-96ce-eff459f8e1ab
nurec_curated_train,clipgt-5358b7b1-7d0a-477b-b032-4ffb04f3cc20
nurec_curated_train,clipgt-535b24e1-d287-4f1a-ac71-de628c68e4cc
nurec_curated_train,clipgt-5361354b-f1e7-4839-87d6-8087777f2eca
nurec_curated_train,clipgt-53a5e342-5254-4ea1-ad73-020f83a8875f
nurec_curated_train,clipgt-53a8a5c6-92cb-45b2-92e3-2ad333d68601
nurec_curated_train,clipgt-54289b3b-685f-45a9-828b-8e84ffc452f4
nurec_curated_train,clipgt-546804fb-a638-4d51-9bd3-43b02f7aca52
nurec_curated_train,clipgt-5487b8af-4a81-4a99-aeac-35719bbb7cb1
nurec_curated_train,clipgt-549c2925-f917-4b01-a6b4-9124e0758ae9
nurec_curated_train,clipgt-54a63683-73a9-4621-9c67-4da295e04424
nurec_curated_train,clipgt-54bcdd40-b5e3-4bea-94d5-755a4ec83667
nurec_curated_train,clipgt-54eae82b-a69d-40f2-959b-8ef87b97fc93
nurec_curated_train,clipgt-550259d6-f152-486e-bd14-09cfbe47ac7e
nurec_curated_train,clipgt-55bb852d-2af0-4c64-9a69-b482da66cfcd
nurec_curated_train,clipgt-55cc9873-fd30-419a-a8ef-8f8f287f4c30
nurec_curated_train,clipgt-55d152b1-48be-4eed-b808-fa8300f5d4d0
nurec_curated_train,clipgt-55e029f7-66bb-4456-a506-1f86722d758d
nurec_curated_train,clipgt-55ee3188-67db-4e4f-bb34-69fcf3467257
nurec_curated_train,clipgt-561c5a26-efd2-41f4-ae6d-e60c9c15d13b
nurec_curated_train,clipgt-56353daf-da6b-4425-a328-fddef32b5b70
nurec_curated_train,clipgt-56d2efe5-c05c-4dbd-a606-959d72b73ff0
nurec_curated_train,clipgt-56dc10ed-65b5-43ef-867e-367fa33dbf98
nurec_curated_train,clipgt-56e1a0be-993f-4fd9-b951-907645cbfb29
nurec_curated_train,clipgt-57024ddc-cb15-497c-b63e-14ba0e186b8c
nurec_curated_train,clipgt-57195348-14ab-4e57-9946-2468ed3005df
nurec_curated_train,clipgt-5775a998-77f9-472a-8d12-f2b036a4cfe8
nurec_curated_train,clipgt-5827967a-dcc3-4d3b-9e34-2300241da69e
nurec_curated_train,clipgt-583e08bf-b173-4adc-9500-ba7817317b95
nurec_curated_train,clipgt-58467d6b-de3b-4eb0-9080-8d97b88ba714
nurec_curated_train,clipgt-5894f7ff-cd15-49c5-9b6e-5152a8f21092
nurec_curated_train,clipgt-589e8a0d-dbb2-4dae-9e8b-ede945261edb
nurec_curated_train,clipgt-58b5c3ad-5f6a-4e7c-ba0b-c76d52c8f478
nurec_curated_train,clipgt-593e97fb-eaba-497a-9e1a-cc29460900e9
nurec_curated_train,clipgt-59a2e98b-938b-42cb-9901-4429ab7c4534
nurec_curated_train,clipgt-59cb0598-0726-4427-88f4-e268a2dc998c
nurec_curated_train,clipgt-59e005fe-3cbc-4425-9085-1afcf3495e18
nurec_curated_train,clipgt-59edf9b2-ff19-4bf1-8562-092c9959d10e
nurec_curated_train,clipgt-5a23ec1c-1c6f-4da6-ae62-c31677896960
nurec_curated_train,clipgt-5a6138a7-e558-4f00-b6f6-6e28f8e6892a
nurec_curated_train,clipgt-5ab16901-2bc2-4004-a0b2-0bb1071e96cf
nurec_curated_train,clipgt-5ac1a321-a0cc-414e-95c1-1463a9fcc957
nurec_curated_train,clipgt-5ae9758a-2109-4bb9-89eb-a13e74ff50a1
nurec_curated_train,clipgt-5b39ea08-21a5-4427-8ab3-8038c45f4458
nurec_curated_train,clipgt-5b94e1f5-8164-45f6-9b22-33906595d128
nurec_curated_train,clipgt-5bf8dbed-f0a8-4fd5-b1ef-8ce7bf495fd1
nurec_curated_train,clipgt-5c1b7555-64fa-4ae4-98bf-4cf24e6de0a4
nurec_curated_train,clipgt-5c74a126-b177-4d3f-beb2-5235ca60b8a5
nurec_curated_train,clipgt-5c871a72-ca26-4e8a-9bca-0736260285ea
nurec_curated_train,clipgt-5cda81fb-3a63-487e-9af3-fe726971556e
nurec_curated_train,clipgt-5ce6b6e4-6944-463a-bb31-5d34c7d5c466
nurec_curated_train,clipgt-5d2827ec-3b1c-47e3-bf78-1e2003b7209f
nurec_curated_train,clipgt-5d5e6eb0-7a74-4903-8185-d0adcf8a0282
nurec_curated_train,clipgt-5d7a5fec-e13e-4d97-801a-7c92cfb2b4c9
nurec_curated_train,clipgt-5da7524e-66ce-4f61-a98a-151783bcdd8c
nurec_curated_train,clipgt-5dde348a-e6d1-4b78-bbea-f60a963a277f
nurec_curated_train,clipgt-5debfbf6-12f4-4926-a293-a8517e917e31
nurec_curated_train,clipgt-5e24e1e3-adaa-4028-86f3-c9fa9616b42c
nurec_curated_train,clipgt-5e265710-1a9b-45b3-8c51-1b37a3b1bde7
nurec_curated_train,clipgt-5e99cac1-edb5-4e95-b70d-c9da412e0c24
nurec_curated_train,clipgt-5ebe79fa-04ce-4105-8fe8-f4ff15fd8d44
nurec_curated_train,clipgt-5ec7792d-dd2f-441b-b0c6-7edc7e80a58d
nurec_curated_train,clipgt-5f064b02-2066-4dc4-a04b-b4386ff80c84
nurec_curated_train,clipgt-5f474008-e0f4-4011-beb1-282f0fc40030
nurec_curated_train,clipgt-5fdca843-a663-4993-a957-aa65f32cff6a
nurec_curated_train,clipgt-600a8cc2-c4e4-454b-b7cc-aa1b199760f8
nurec_curated_train,clipgt-6023999c-cab4-4e04-92e6-722284a0065b
nurec_curated_train,clipgt-604b2b18-04d2-48c4-a4c3-c3a2ecee5926
nurec_curated_train,clipgt-610b3fc7-8d43-4342-ac2e-6f6d6b8b16e9
nurec_curated_train,clipgt-616e5804-5b6f-4bc3-8a0f-c1fa0d37423d
nurec_curated_train,clipgt-619ce63d-d7ef-44ab-9ba4-3bf75bd472ea
nurec_curated_train,clipgt-61fb78e2-4034-4ace-ab87-accc23b0ba7a
nurec_curated_train,clipgt-623bbe74-d4f7-45f7-881d-9dc0deb1c869
nurec_curated_train,clipgt-624265f9-9c16-49c0-ab8b-9660cd740c34
nurec_curated_train,clipgt-625ee6ce-0838-4024-b262-44d3352ff279
nurec_curated_train,clipgt-626d4b3b-18ef-4de1-8b19-6c72f4e79e4e
nurec_curated_train,clipgt-627ea927-602a-4f2c-96b1-e64df477bf9a
nurec_curated_train,clipgt-62a6072a-6fb3-4053-89a3-a2744c1be219
nurec_curated_train,clipgt-62d7d1ea-522a-4cc1-966c-3cb751e39d1e
nurec_curated_train,clipgt-62fe5e69-b0f8-446c-bd4b-1e5b19f1981e
nurec_curated_train,clipgt-632d7f35-cdc1-4c54-80cf-c68012fa5f45
nurec_curated_train,clipgt-635da305-8584-42f1-87bc-0f2baac24373
nurec_curated_train,clipgt-63653da3-ce51-4654-9c86-7edaef8772e5
nurec_curated_train,clipgt-637c0aee-938d-4ad4-a472-f4666c85ec7d
nurec_curated_train,clipgt-63844633-ef7c-4c48-8a61-a50af34b9e09
nurec_curated_train,clipgt-63ac00e5-2b62-4b85-acd5-b1594313ffc9
nurec_curated_train,clipgt-63ca82ed-e867-4cc8-9587-847a34f29c59
nurec_curated_train,clipgt-6404193c-f3a9-4172-8852-d6b157d2dd1a
nurec_curated_train,clipgt-6434700c-d35c-4753-baea-445ce7f390a5
nurec_curated_train,clipgt-6464082b-7e79-4294-a234-90639bb19c70
nurec_curated_train,clipgt-646a328d-b6c4-4e3f-b7bb-0509bed28fa7
nurec_curated_train,clipgt-646e6219-5732-450a-9f77-c269b3858e78
nurec_curated_train,clipgt-6473b827-1f6a-4c04-b222-5ec8db5b3ff6
nurec_curated_train,clipgt-64b9f7a6-3873-4b9b-ad10-78ab4a5f4a16
nurec_curated_train,clipgt-64c33c12-0bf2-4e64-a92c-e1129485566b
nurec_curated_train,clipgt-64c5e830-a863-4a9a-95ca-a6800afb7edd
nurec_curated_train,clipgt-64cfbdc4-e2c1-4969-ad12-816c4e4768e1
nurec_curated_train,clipgt-64ed2c79-3b20-46e7-8d88-f2da92936de8
nurec_curated_train,clipgt-651e79cd-8fd7-4c42-96a0-cb4be9be4ac1
nurec_curated_train,clipgt-655544ed-b8a1-4c27-aab0-1435898fbaa8
nurec_curated_train,clipgt-655a0c29-017c-4e31-8f6b-e140d9587369
nurec_curated_train,clipgt-655dfa49-1d51-45a3-b6f4-0856db73c414
nurec_curated_train,clipgt-6575eced-9073-43d2-84bf-2a40d080e812
nurec_curated_train,clipgt-658cc9f4-955b-458c-9531-07c2a6c0c847
nurec_curated_train,clipgt-659ed0bf-ddce-4bc8-b6fc-5318ca5cbaf7
nurec_curated_train,clipgt-65bb845f-a3ef-4490-a661-ff7ceb4f825a
nurec_curated_train,clipgt-65c66b19-c723-4d6a-a3f1-06eeb60f525c
nurec_curated_train,clipgt-660f8185-7054-44f9-9435-7531a372a38a
nurec_curated_train,clipgt-66291265-ce4e-4859-80b7-d4f3dd85a970
nurec_curated_train,clipgt-662bc0b8-c3e7-4c06-bc1a-f2bc013205ce
nurec_curated_train,clipgt-666e32ef-8af7-408a-bb25-f5b107f53a45
nurec_curated_train,clipgt-66820d2f-2cac-47c5-9bd2-1cf78128bd03
nurec_curated_train,clipgt-66874a1b-695c-432d-a911-00aeeb89065d
nurec_curated_train,clipgt-66acf18d-ae1f-49d9-b0d9-88b8f85a044a
nurec_curated_train,clipgt-6725df2d-072b-41aa-9d5a-a6040e5e44a9
nurec_curated_train,clipgt-67466fc2-53a3-4654-9c36-fe9e850bcc70
nurec_curated_train,clipgt-6768cfa4-1a88-4872-8fd0-1669d366a39b
nurec_curated_train,clipgt-67aa7417-6741-4191-8c6d-a1a24e145bb3
nurec_curated_train,clipgt-67acaa2f-b2c9-4229-91a1-c8d9128431be
nurec_curated_train,clipgt-67be5782-eadb-4a1e-8319-d48b6cce7f04
nurec_curated_train,clipgt-67e25d4b-5aa3-4960-8a0c-002ec80a7bd8
nurec_curated_train,clipgt-67e7f1e1-ea41-4e14-85e9-2efa231fbace
nurec_curated_train,clipgt-6819efbc-d0f5-4498-a997-1ca0355c87fd
nurec_curated_train,clipgt-682d1fe7-7c6a-4c03-89f2-77be978c5cd8
nurec_curated_train,clipgt-683a47b6-a288-4745-9e45-4e66a5ac0397
nurec_curated_train,clipgt-68706c2e-57bc-4b7e-bd8b-0f4ee6fd6f1a
nurec_curated_train,clipgt-689889c5-95b0-42ce-a1c9-f97a4388cb28
nurec_curated_train,clipgt-68a89a54-8076-4c76-988b-33d45ee03b48
nurec_curated_train,clipgt-68abdefe-bd54-4b5e-95c6-a2e2eba6f51e
nurec_curated_train,clipgt-68e80e25-fba2-45d2-9347-791842ec061a
nurec_curated_train,clipgt-69dd5202-7f15-4842-82f4-82a16f5a01d5
nurec_curated_train,clipgt-69efe005-e461-4758-b1cf-ce685de7888f
nurec_curated_train,clipgt-6a1fa487-9df3-4e05-bb71-b06cf3e7f8a1
nurec_curated_train,clipgt-6a3927f1-777d-49c5-85ef-4c74537a03ae
nurec_curated_train,clipgt-6ac28ce5-ca21-4610-9f25-ddba46d91d51
nurec_curated_train,clipgt-6ac8beb2-067d-4677-9b34-19fe7e67e852
nurec_curated_train,clipgt-6afccd7b-4cd8-4e06-9bf0-190dcc25efdf
nurec_curated_train,clipgt-6b4ed79b-f9f3-4c1f-aa57-2875a72c2a7d
nurec_curated_train,clipgt-6b5ca926-4526-412b-bd26-500a3b4b8695
nurec_curated_train,clipgt-6bec4e02-ae49-4092-9d66-136ee490e138
nurec_curated_train,clipgt-6bffbe09-1e0d-4ac3-833c-ca6178346e76
nurec_curated_train,clipgt-6c0a56c4-6bf3-4a15-97a2-e0479680998a
nurec_curated_train,clipgt-6c5add5c-f597-499d-b1be-07017d77d69a
nurec_curated_train,clipgt-6ce9587c-acf1-4b80-824f-d198213caeab
nurec_curated_train,clipgt-6ceb65e2-bd2d-4294-a244-3e48fdfb05ce
nurec_curated_train,clipgt-6d268a11-8a3b-4cfe-ac96-ffcb3e543e64
nurec_curated_train,clipgt-6d42246a-5be0-4160-a7da-003a1528496b
nurec_curated_train,clipgt-6d7e3264-ad31-4134-a9cd-17edb066c444
nurec_curated_train,clipgt-6d95a6b3-ef42-4cc0-941f-dbed4d15901a
nurec_curated_train,clipgt-6d986fb9-6694-4570-910b-d8bf4ffa8550
nurec_curated_train,clipgt-6dab4ce7-1dda-4a3c-8692-b92c50ee69c0
nurec_curated_train,clipgt-6daecfe1-621c-4a24-adbc-f7c879ed491b
nurec_curated_train,clipgt-6db8921b-e103-4cd4-901c-b2726849be7a
nurec_curated_train,clipgt-6dcd2117-4204-4bc4-88f7-4373636a830d
nurec_curated_train,clipgt-6dd87423-39c7-4247-89df-35da5726f464
nurec_curated_train,clipgt-6ddaa5ae-d50e-4cb8-a416-d66caf101b93
nurec_curated_train,clipgt-6e190b33-73c2-4958-8448-db999b871a78
nurec_curated_train,clipgt-6e45ad8a-1c94-4466-bd54-25c1fe9c0858
nurec_curated_train,clipgt-6e9750c2-2884-4b93-809d-4d7c77adf2a6
nurec_curated_train,clipgt-6eb099c6-e0d0-4258-a47c-64d730f72ce8
nurec_curated_train,clipgt-6ebe4172-4c2f-46f4-960b-3bac0e5d0a9f
nurec_curated_train,clipgt-6ecf04c0-e3fb-439c-bae4-2e2393be430d
nurec_curated_train,clipgt-6f0678af-2881-4eb2-9317-387c71c9191b
nurec_curated_train,clipgt-6f2fb06e-59df-4ad1-8854-594288096989
nurec_curated_train,clipgt-6f34d20b-4c3d-48e7-b7bd-e29208915358
nurec_curated_train,clipgt-6f4fc882-8c0b-4be0-9610-7b500d79c11a
nurec_curated_train,clipgt-6f57aa31-71c8-4226-8d69-029016b33405
nurec_curated_train,clipgt-6f6be966-190f-4b1a-a9c2-79feb78ab775
nurec_curated_train,clipgt-6f753444-df7b-4015-ae38-ee691d6e8be4
nurec_curated_train,clipgt-6fc87bb8-794b-4884-a1f8-50193c9b6357
nurec_curated_train,clipgt-6fddbd01-70cf-4962-ab42-e7eac7742a6d
nurec_curated_train,clipgt-700e4d24-205c-4419-a359-1731a4264b0f
nurec_curated_train,clipgt-702366ca-58ac-470d-8900-7ed4b2880462
nurec_curated_train,clipgt-706f3a65-b118-4745-862f-50936cc68463
nurec_curated_train,clipgt-709a6467-e1e3-495c-919b-2fb05663f070
nurec_curated_train,clipgt-70d535f2-bd5e-4028-af69-b1c1c0b41602
nurec_curated_train,clipgt-70d557de-49a0-4385-990e-367d72d5eb3f
nurec_curated_train,clipgt-70e1ccff-a8af-4107-9f2c-f72d6eb33d66
nurec_curated_train,clipgt-710d4717-bd08-4bb0-b6de-5d1e5d5d92aa
nurec_curated_train,clipgt-712f7dd5-0982-4cd0-b532-75127ce45d0f
nurec_curated_train,clipgt-7137a5ee-1760-49b4-9585-82e137705fe6
nurec_curated_train,clipgt-71473118-103d-481e-8752-f6f27ffc9fa2
nurec_curated_train,clipgt-7171354f-dced-498b-a50a-545c053c7b0e
nurec_curated_train,clipgt-71d7d03b-95bd-4329-a8fb-c8e9891cb478
nurec_curated_train,clipgt-72ac5d7c-4420-4d75-905c-815e9d23bc2a
nurec_curated_train,clipgt-72c981ea-6ad7-4b10-b117-ea4d847b5d6d
nurec_curated_train,clipgt-72cb4b63-16d1-4004-b82a-b1cba0c7c148
nurec_curated_train,clipgt-7313bd4e-e07f-49ff-9f74-fc42935fb54c
nurec_curated_train,clipgt-73356b2a-e06f-43f8-9a5c-64e8b65a5923
nurec_curated_train,clipgt-734f6aa3-f1db-4eae-abed-21a1773335aa
nurec_curated_train,clipgt-738c453d-7196-44ef-ab43-75c719834c15
nurec_curated_train,clipgt-738f3e44-120e-4a27-be44-b114795ab3cb
nurec_curated_train,clipgt-7396591d-4a3b-40cb-9169-b0308558c9cd
nurec_curated_train,clipgt-73ee2cdb-1b63-4b6a-93f6-3b73af8ede2b
nurec_curated_train,clipgt-743997a7-f90e-44cc-873a-2b4f38496ea7
nurec_curated_train,clipgt-7475c381-6a59-4404-99d9-e74c0ed54d0f
nurec_curated_train,clipgt-7481112b-92cc-47f8-991a-b01a46dcc947
nurec_curated_train,clipgt-74a670cd-ee9c-4344-be08-119a7fe25c38
nurec_curated_train,clipgt-75565061-1967-4ae4-b30b-25d2a1ceac18
nurec_curated_train,clipgt-7591d290-7c8c-490a-9a1a-c1ff0e492461
nurec_curated_train,clipgt-759cd77d-2a93-40f8-a1c1-1c20684470f8
nurec_curated_train,clipgt-75ad7430-58e4-4a6f-bc92-0b545db3aff6
nurec_curated_train,clipgt-75ad98a4-a2de-4eb8-be40-dadfa0d10351
nurec_curated_train,clipgt-76045d81-bc69-4208-8c7e-de805f00f7fb
nurec_curated_train,clipgt-764c8a4a-bddc-4e3c-9df4-0941982efeba
nurec_curated_train,clipgt-7685e516-96ca-4656-a545-7e08b9a7c60b
nurec_curated_train,clipgt-769e6724-8826-48fb-8c44-5e40ff19540b
nurec_curated_train,clipgt-76bb09d6-53a5-45dd-94e8-7633737400c7
nurec_curated_train,clipgt-76bc2969-e4a8-4882-ac08-c9eaa0ea66ae
nurec_curated_train,clipgt-76bd5a24-2b0f-4637-8114-be0cd3ba28d2
nurec_curated_train,clipgt-76c2bb81-6435-44e9-859a-2033ca05173b
nurec_curated_train,clipgt-76ef0511-96d4-4494-bbaf-685c6ece6bce
nurec_curated_train,clipgt-7707768b-d684-45aa-a5b2-7727fb39565d
nurec_curated_train,clipgt-772b0438-a9cb-4601-977c-334166d442fd
nurec_curated_train,clipgt-7730a792-87ce-43b8-aae1-eb02b3ae56dc
nurec_curated_train,clipgt-7742bd3a-9e15-4ff5-a3c5-ddd63156e99c
nurec_curated_train,clipgt-7747986c-9aae-450d-b10c-b7c42b882c68
nurec_curated_train,clipgt-774f756b-9f5e-4305-b014-3fc5f80cc7c3
nurec_curated_train,clipgt-776056f8-5986-4bee-b4a5-ebc191e68da8
nurec_curated_train,clipgt-77805015-3ea3-439d-9bb8-f25ebf506b65
nurec_curated_train,clipgt-778a7121-b3c7-4943-b327-9ad4f965eb7e
nurec_curated_train,clipgt-77a1c037-1ade-4326-b5de-9eb9d49263b7
nurec_curated_train,clipgt-77a9ad17-793b-47e3-bb68-de122122dca8
nurec_curated_train,clipgt-77c473b0-c640-4a70-a499-c7e37ea0f179
nurec_curated_train,clipgt-77cbeab5-c0cc-44bd-a895-d45462130d2b
nurec_curated_train,clipgt-77d5887d-637a-40c6-803e-a498d10cb2de
nurec_curated_train,clipgt-78c4ceb6-d3c3-4653-9316-55f8cf3203d5
nurec_curated_train,clipgt-78decb2a-0d84-4cf1-bc1a-62bade0938be
nurec_curated_train,clipgt-78df3a2c-80ad-4476-8d12-202099660490
nurec_curated_train,clipgt-791d68ce-fe38-460a-b11d-c19a68f4c8b1
nurec_curated_train,clipgt-792df0c2-570d-483b-b900-5aa938308152
nurec_curated_train,clipgt-7963a932-3a44-4f10-a3f9-b27a40d85329
nurec_curated_train,clipgt-797bfe76-a749-4b94-8ba5-c59a63de51c2
nurec_curated_train,clipgt-79919eb2-72c2-440a-94ea-24754fcad0fd
nurec_curated_train,clipgt-79f41877-aa59-49bb-a8d9-f9ee194e26a4
nurec_curated_train,clipgt-7a1b835d-1756-4100-8a8b-28e5ad81a4e2
nurec_curated_train,clipgt-7a1bbffe-e7b9-4a4e-b96c-f9f7c3e3655d
nurec_curated_train,clipgt-7a388039-5b34-49b8-a093-60f9b5687aa2
nurec_curated_train,clipgt-7a3d8529-f5c4-445d-97ed-8303b2ece934
nurec_curated_train,clipgt-7a4272ec-f67d-4c51-835c-357a3395efcb
nurec_curated_train,clipgt-7a8d8d03-c3aa-4719-9d61-1e9545bc81f5
nurec_curated_train,clipgt-7ad7519f-7342-40db-b8ee-892502bfc0c4
nurec_curated_train,clipgt-7ae6bec8-ccf1-4397-9180-83164840fbae
nurec_curated_train,clipgt-7af57594-a144-435c-b438-ea9cac7f6301
nurec_curated_train,clipgt-7b186d92-d6f5-4e27-a324-d705d1fad7e1
nurec_curated_train,clipgt-7b3070bd-8d4d-4394-bced-f89b0467a107
nurec_curated_train,clipgt-7b418416-8860-46d5-b7fc-687c7d078c4b
nurec_curated_train,clipgt-7ba8c138-4010-4d61-9714-c855e4eb2a3c
nurec_curated_train,clipgt-7bb27818-10a1-4692-9867-dee640e00277
nurec_curated_train,clipgt-7bb5216b-4d92-466a-bdc6-b6d2f2c34348
nurec_curated_train,clipgt-7bc74f9f-3732-4d08-9e13-3f78da39594e
nurec_curated_train,clipgt-7c05aee0-88f1-4338-a48b-5cbe24d5b888
nurec_curated_train,clipgt-7c223679-68fe-41f4-87ee-fad337ca4752
nurec_curated_train,clipgt-7c2cf6cd-e19f-4309-991c-1122ebd4e642
nurec_curated_train,clipgt-7c31c021-4616-49db-8baa-e9128a25933e
nurec_curated_train,clipgt-7c4f23b7-be14-4505-b332-6d1ceb36cd75
nurec_curated_train,clipgt-7c72937c-c620-4776-9555-d57222c0081f
nurec_curated_train,clipgt-7cccce33-647f-4dfe-b643-eae78e6733de
nurec_curated_train,clipgt-7cd29a50-39b9-40d3-8ab5-d75a7efe7bc1
nurec_curated_train,clipgt-7cdaa72f-1603-4cd2-a87f-dd27e14a8f3b
nurec_curated_train,clipgt-7ce9e86e-c63f-4f0e-97cd-072c9ab24a88
nurec_curated_train,clipgt-7d257301-a9d1-433b-8f08-85023a4d0fac
nurec_curated_train,clipgt-7daa7410-5f82-43ed-b79f-c9e4a3997563
nurec_curated_train,clipgt-7db87a26-d589-4212-85b9-dcd4c565f41d
nurec_curated_train,clipgt-7dc64687-ce97-44f3-a5cd-ad99ee3bf0a9
nurec_curated_train,clipgt-7ddc6709-99d5-49be-9f8e-5e243e025111
nurec_curated_train,clipgt-7df3ad1a-d712-4dda-9e6a-c670e58ce4e6
nurec_curated_train,clipgt-7dfc8de4-5e30-451a-9ba6-30ad751bf791
nurec_curated_train,clipgt-7e11dcb8-7bce-4972-b998-8626857e92aa
nurec_curated_train,clipgt-7e27eb97-a5db-45f1-bac2-3a62089c1183
nurec_curated_train,clipgt-7eaac028-ff62-4f54-9cca-52c8f49ba87e
nurec_curated_train,clipgt-7ee3f88d-0da8-4e7f-a0a2-e2798392cb34
nurec_curated_train,clipgt-7f34da5c-9ef6-44a9-a5bd-194adbbd3b31
nurec_curated_train,clipgt-7fd4d554-b155-45c6-a46a-646486029d85
nurec_curated_train,clipgt-8022db31-29b1-41ce-af35-79fc2e240d0c
nurec_curated_train,clipgt-8023dce5-c512-43b2-a946-45fa7c19ef9d
nurec_curated_train,clipgt-804afc4a-fd1e-4f58-bd39-a4c486a916e5
nurec_curated_train,clipgt-80c97721-b259-444c-89ca-5f6a2a486742
nurec_curated_train,clipgt-80d36de0-45a4-4121-9f63-aa323a927e05
nurec_curated_train,clipgt-80d6f585-7a9f-4153-8c77-eb441269b639
nurec_curated_train,clipgt-810fb719-b3c1-47dd-9c78-80d606a76ebf
nurec_curated_train,clipgt-810fd111-9269-494e-8de2-91d82b31fd87
nurec_curated_train,clipgt-813e0bc6-9881-46f3-b120-c4123a2f556a
nurec_curated_train,clipgt-81452a69-43a4-44f2-a11e-47c46e7a83e6
nurec_curated_train,clipgt-817c63d5-916f-4100-a503-c2767bcd05b6
nurec_curated_train,clipgt-8196e111-df23-4129-933d-b998b80ba245
nurec_curated_train,clipgt-81a1d7cc-9af5-4c01-8b67-9ce038bf03a0
nurec_curated_train,clipgt-81ab871a-3e46-47b3-8dfa-130917fd93df
nurec_curated_train,clipgt-81b0e06d-96e6-4832-99c1-a4084b54ca97
nurec_curated_train,clipgt-81f9169c-5db3-45a2-a029-d8f5025907d5
nurec_curated_train,clipgt-823d47b0-d661-42be-890b-5dcd7affc1ff
nurec_curated_train,clipgt-82471d1e-c1d1-45c0-80a5-5f36e242913d
nurec_curated_train,clipgt-825dc886-0491-482a-abe3-e1743f5972b8
nurec_curated_train,clipgt-8266c272-9c74-472b-8ccb-fffe911a6e78
nurec_curated_train,clipgt-829c55af-6301-4552-a476-dc6b80e5ee7e
nurec_curated_train,clipgt-82b313db-52dc-4162-aac5-176964731901
nurec_curated_train,clipgt-82da2d46-4ec7-4f8c-8f54-e6febb1c303b
nurec_curated_train,clipgt-82e4a2c3-e9ef-4e63-815d-50dc92ad67b8
nurec_curated_train,clipgt-82f67f40-acba-4083-991b-f63355300952
nurec_curated_train,clipgt-83135623-d812-42ed-bb42-6a9974f42b7b
nurec_curated_train,clipgt-83171cce-3daa-4b9b-88c1-caeade9b00e6
nurec_curated_train,clipgt-832cd2b0-57b0-4f4e-9be1-a70b38371bbc
nurec_curated_train,clipgt-83361019-2822-4c0e-9a99-7f316c6f6f31
nurec_curated_train,clipgt-835f8288-3884-41b4-9f6a-25539170c537
nurec_curated_train,clipgt-83740fee-bf3a-45cd-9e63-54c1d87bf7da
nurec_curated_train,clipgt-83b78681-e1a3-458f-8d93-0413ab1c4523
nurec_curated_train,clipgt-84130d45-3567-48a0-9238-68978f6926c7
nurec_curated_train,clipgt-84173c99-9f6f-43a9-8884-6aabcf8311b1
nurec_curated_train,clipgt-8421b97a-4ba4-4588-bade-b47113d34db5
nurec_curated_train,clipgt-8443bbe2-998a-4183-8410-1c49fb1c398a
nurec_curated_train,clipgt-844c717f-dea4-4f72-86cf-92752eceebe5
nurec_curated_train,clipgt-8489e6c7-a57e-4ace-ae2c-af07850bb0a8
nurec_curated_train,clipgt-852f57f7-669e-4372-9851-ee55ce9c9f74
nurec_curated_train,clipgt-85461521-d2ea-4880-b348-c6c4c42c5acb
nurec_curated_train,clipgt-8578f2c7-70a0-4877-980a-7ba65bcded30
nurec_curated_train,clipgt-857c3596-5705-448f-a6a8-20c5720aca75
nurec_curated_train,clipgt-85a26192-7b37-43a2-bd5d-96cd858cb86b
nurec_curated_train,clipgt-85bd8781-683c-43c8-9944-2d623bfe2c3e
nurec_curated_train,clipgt-85d736ca-c69f-4c38-9ed9-f5ba4e658dc6
nurec_curated_train,clipgt-85e8df35-1c8b-4236-a64d-45e79324f69a
nurec_curated_train,clipgt-86005d5e-a6c4-43fb-9ee9-11283261672b
nurec_curated_train,clipgt-862841cb-413b-4be7-9544-bc20c41fe22e
nurec_curated_train,clipgt-8659d8e4-3fb3-4cb7-8e92-2596ef9ee5f1
nurec_curated_train,clipgt-86a858a3-637b-4afd-8ec6-8cd53721ec3d
nurec_curated_train,clipgt-86ad21f0-5c8e-4733-9e48-585b3b3c0607
nurec_curated_train,clipgt-86d06a78-3ff2-483b-a319-9a772fce45e0
nurec_curated_train,clipgt-86dce47a-0e1f-44bb-80bd-ee2ffbe986c5
nurec_curated_train,clipgt-86de8ecc-d88f-4f44-9766-33a89219837b
nurec_curated_train,clipgt-8701a102-a13a-440a-9988-6ba8a818bc7f
nurec_curated_train,clipgt-873ed540-50bd-4ee7-898b-517de85f37f0
nurec_curated_train,clipgt-877e28d9-f999-45e7-9a9d-701e75514f19
nurec_curated_train,clipgt-878741ff-3b05-440a-9b54-3d50554c94aa
nurec_curated_train,clipgt-87a799d2-9112-4765-9c3c-353537f4c479
nurec_curated_train,clipgt-881b9dd6-7e2c-4c48-b270-cce2dc790b34
nurec_curated_train,clipgt-88272099-3306-4306-87da-1ec5ba3311a1
nurec_curated_train,clipgt-886c4d8b-d611-48d3-9b07-1afb0358ba17
nurec_curated_train,clipgt-88b58348-5c22-41ba-bfb3-981f5efbb2ca
nurec_curated_train,clipgt-88c177dc-3efe-41d6-8d6f-c8e7f548cb90
nurec_curated_train,clipgt-88c5959a-460b-46a5-a7ef-18ad980454c4
nurec_curated_train,clipgt-891e6fc3-eefa-4230-9751-2f72958091df
nurec_curated_train,clipgt-89329b0b-a059-4824-9e98-5fad3cdcc1e4
nurec_curated_train,clipgt-893bf219-95d4-49da-8b04-8b14bf61636a
nurec_curated_train,clipgt-89650e2d-732f-4405-ab31-9f20473fb53f
nurec_curated_train,clipgt-89c2e887-cffa-4b7c-86cf-80b89be1cb06
nurec_curated_train,clipgt-89dca270-b3a8-4470-8d67-e42de4db7787
nurec_curated_train,clipgt-89f2eeb8-f4e4-42a1-8e07-d60003d223dc
nurec_curated_train,clipgt-8a7717b2-7831-43c2-a4bb-c22815b556f7
nurec_curated_train,clipgt-8a8cff56-f1e2-4dc7-9683-4f398a5b5893
nurec_curated_train,clipgt-8a97e5f9-a699-48ff-acc3-0a3c28253d9d
nurec_curated_train,clipgt-8aaa1135-573f-4f6c-8ff8-7ac6bd6ea5d6
nurec_curated_train,clipgt-8aae7cf4-01d9-4b65-8f14-132d149c1190
nurec_curated_train,clipgt-8ac6bba7-040c-4b11-858d-4d31ca0e4224
nurec_curated_train,clipgt-8b04d54e-68a9-4fb3-b48d-3017403ff7c2
nurec_curated_train,clipgt-8b0cbf9e-5bb2-40f2-8678-236fed0046d9
nurec_curated_train,clipgt-8b862348-a95c-42d9-8e87-0560ff8656b4
nurec_curated_train,clipgt-8ba55c12-2cd3-4dce-aadd-c17dbb19642f
nurec_curated_train,clipgt-8c129b2d-9aeb-484e-a926-695ea77c8429
nurec_curated_train,clipgt-8c383368-3f9c-4bc7-a486-076802271599
nurec_curated_train,clipgt-8c7248f0-2b20-49f8-be47-fe54a31ae900
nurec_curated_train,clipgt-8c9a30c7-1283-4558-9b9e-5245ae607d2e
nurec_curated_train,clipgt-8ca50753-f008-4e22-b4a3-3e382a087895
nurec_curated_train,clipgt-8cf7348a-6353-4470-9cfc-31c00d332a6a
nurec_curated_train,clipgt-8d19b573-7a89-4060-a281-e3f6fa111b2f
nurec_curated_train,clipgt-8d3cbdc7-22b3-4116-9a4b-1d57c2727b87
nurec_curated_train,clipgt-8d56c7ba-c404-4764-a7d1-b45e6bc2d952
nurec_curated_train,clipgt-8d934ecf-1e4a-42ed-b66f-6e41c551880c
nurec_curated_train,clipgt-8e2813f9-7e29-411d-b898-8432079b27b2
nurec_curated_train,clipgt-8e6b7231-5d94-4c5a-82dc-6115482ed321
nurec_curated_train,clipgt-8eedc8ec-6e5e-42b8-8b7f-bd752bb45c9f
nurec_curated_train,clipgt-8f03f4db-6187-423c-807c-c5e0a1e62874
nurec_curated_train,clipgt-8f549ba1-041e-4004-8c2e-825cde7b78bb
nurec_curated_train,clipgt-8f8d5705-944e-4051-ab25-66a230a11dce
nurec_curated_train,clipgt-8fa1161f-2715-45e4-b826-2da085ae46f5
nurec_curated_train,clipgt-8fd8f4f0-64d4-47ea-a8b5-0f18d51735f6
nurec_curated_train,clipgt-8febcbb6-1ee4-4817-b94f-01af6d126371
nurec_curated_train,clipgt-904af7cf-d4ad-4ebc-867a-c77044eac8bb
nurec_curated_train,clipgt-9060b1c7-09d4-461a-b366-bb0ca91addc8
nurec_curated_train,clipgt-909c53a3-746f-43ef-aa82-5f7853c23e6c
nurec_curated_train,clipgt-90a3d349-81d7-420d-9846-aa10da55ac2e
nurec_curated_train,clipgt-90c09065-a862-4c17-8ae2-e0efff404488
nurec_curated_train,clipgt-90d1908c-9fdc-40ea-a5a1-351240aa323e
nurec_curated_train,clipgt-91194ec4-75de-4418-9e49-0d706d84c7a7
nurec_curated_train,clipgt-914f293b-1699-4bd9-8861-7e7a5327909b
nurec_curated_train,clipgt-9190bd3f-1572-4a74-b9c4-f9483f6eb441
nurec_curated_train,clipgt-91cf2c35-3b03-4dc5-bb55-ab5c722735b6
nurec_curated_train,clipgt-91e67eb8-ec7d-464f-acb9-21cea525048d
nurec_curated_train,clipgt-92263c6a-d890-4b9e-a40d-c44d553ab8f0
nurec_curated_train,clipgt-923f1ddf-f5ea-4a50-bf13-505ca7d03b5a
nurec_curated_train,clipgt-92724945-2dff-46ef-9f2c-e7e1f2f1ac0c
nurec_curated_train,clipgt-9278fc49-b70f-4031-8fea-e0392435bc9c
nurec_curated_train,clipgt-92d9c0eb-e191-420c-ad6c-df822ca186c1
nurec_curated_train,clipgt-92e0d11d-184c-4614-881c-2325ba7bae5a
nurec_curated_train,clipgt-930078c0-48c3-4eb0-a1f3-4c7e6aea5d72
nurec_curated_train,clipgt-9334443e-028c-4421-9a9c-50314b262e2e
nurec_curated_train,clipgt-935b408b-5ea0-4852-80b7-2e32c0a21f17
nurec_curated_train,clipgt-935b6f9d-7e5a-49bc-85a2-43066713aa36
nurec_curated_train,clipgt-938f2824-8ae8-48be-9e57-bcdcdf956915
nurec_curated_train,clipgt-93982b71-92af-4cf6-8447-00d619f50ad3
nurec_curated_train,clipgt-93c1a844-e550-44c1-b635-c440099f440a
nurec_curated_train,clipgt-93f344e8-2249-4210-830c-812695106c84
nurec_curated_train,clipgt-947647e4-d9c9-4003-93e0-03a7008dcb6d
nurec_curated_train,clipgt-9478cdc4-4d6c-4d25-a842-f30f826fb9d9
nurec_curated_train,clipgt-947a30cb-b492-4d13-b29c-b0c12c8314f8
nurec_curated_train,clipgt-9494a989-73d5-4dd0-972b-df0df55cc6a9
nurec_curated_train,clipgt-949f566d-d2e3-4585-befe-e40e68f48165
nurec_curated_train,clipgt-951c7ae7-186f-49dc-a228-57fa042cce84
nurec_curated_train,clipgt-951ce3ff-104a-40de-9669-3a553409a25f
nurec_curated_train,clipgt-951fbca0-a83e-4a23-b1a0-8d0ffa3f0950
nurec_curated_train,clipgt-957bb1a4-cbc7-49ad-bcdb-b627eb211745
nurec_curated_train,clipgt-95890206-1978-4fc3-a03d-bdb2bd1de1b7
nurec_curated_train,clipgt-95a1ee7b-9b72-4417-8d46-ec58f235be5b
nurec_curated_train,clipgt-95a8ccb7-cd00-4995-b2d9-83a8987b57d0
nurec_curated_train,clipgt-95d3b1c9-efb1-4d12-9032-d1ed44243bd7
nurec_curated_train,clipgt-964e7935-2947-4af8-9f97-4757b744d45c
nurec_curated_train,clipgt-9672637c-139e-4b42-835d-7b0fed7c1abb
nurec_curated_train,clipgt-969382f2-b629-4163-ac2d-9b51fefe137a
nurec_curated_train,clipgt-969d0395-ef43-43eb-88b6-a7755fb26e51
nurec_curated_train,clipgt-96afa4f7-099a-4b05-8763-0bf6b4e1c1b3
nurec_curated_train,clipgt-96b48610-3fcd-4fa8-8567-a52c0b5070a5
nurec_curated_train,clipgt-96d2e1d2-5a20-4c0a-8f31-b96ebf531bcd
nurec_curated_train,clipgt-9702e788-a40e-4c15-a465-af59f7f43c49
nurec_curated_train,clipgt-974e9bae-07f6-4f9c-aef8-66098cc50619
nurec_curated_train,clipgt-976ac5a3-0d48-4c73-bc12-d891c8a9543c
nurec_curated_train,clipgt-977bc140-56dd-4806-829f-caf87810b926
nurec_curated_train,clipgt-97a2e621-a27b-4b87-9a58-b6b740fc1b4e
nurec_curated_train,clipgt-97d6b1d4-2d03-423e-b423-78c0139baa9a
nurec_curated_train,clipgt-97eeb9d7-866d-46bf-bc37-134191c34818
nurec_curated_train,clipgt-98027855-ae64-4e26-8cb6-086d97c4586a
nurec_curated_train,clipgt-98554693-d510-40cd-b442-eef9e4102b88
nurec_curated_train,clipgt-9881e5b9-5821-44fd-a056-bea86c853675
nurec_curated_train,clipgt-9895e012-2112-40dd-8d1f-cb86e70b6431
nurec_curated_train,clipgt-98dd56b2-3e60-49ec-9366-70b610dd93cc
nurec_curated_train,clipgt-98e32565-2938-41f5-9edf-61806c42e79e
nurec_curated_train,clipgt-98f13b37-9245-484b-8297-31cb16112450
nurec_curated_train,clipgt-9939eaf7-0f35-4ced-9127-80ea850d8e51
nurec_curated_train,clipgt-994977b5-4db6-43eb-950a-c0faaccc930b
nurec_curated_train,clipgt-994cb976-c692-4103-92e9-81f04e61959a
nurec_curated_train,clipgt-9973e572-f9b5-4347-8bb1-90ffb1291c0f
nurec_curated_train,clipgt-99b578f0-e074-4e95-9ffe-772eeb98e72c
nurec_curated_train,clipgt-99bfc2be-2618-4d5f-bb70-d7604d9b2541
nurec_curated_train,clipgt-9a190a00-0303-4c11-8acf-9a5e6d1c4b71
nurec_curated_train,clipgt-9a735365-8fd3-48eb-a831-01878a2315f0
nurec_curated_train,clipgt-9a7b083a-e653-4383-ae19-458cb6ae93b1
nurec_curated_train,clipgt-9acbf328-9563-4513-8aaa-ba7fef755a91
nurec_curated_train,clipgt-9b09222a-b9ce-4c87-a59a-ac704f168122
nurec_curated_train,clipgt-9b2b3274-205a-482b-9bf7-38b1534c5941
nurec_curated_train,clipgt-9b2cd23f-efec-4db8-b96c-3ed972c6cdae
nurec_curated_train,clipgt-9b314680-02be-48fe-bd6d-162a00a743d1
nurec_curated_train,clipgt-9b3509c2-a5fa-42c0-b0e5-feb617e9bf4e
nurec_curated_train,clipgt-9b5b5718-8797-448a-9c28-8e380071ec1d
nurec_curated_train,clipgt-9b6a51bd-cb54-4a68-8ed8-0e33a504c67e
nurec_curated_train,clipgt-9b778a6b-5ddd-422b-8003-6563bfcc2e06
nurec_curated_train,clipgt-9b7ea42a-144c-4ff8-8e31-85e554877bee
nurec_curated_train,clipgt-9bab530f-065f-48a5-9e8d-0ef420818c02
nurec_curated_train,clipgt-9bcb959a-3093-4b6b-9a93-7a334f469248
nurec_curated_train,clipgt-9c0a8e69-14cd-4a15-b04f-dea1c583a27b
nurec_curated_train,clipgt-9c0be6c6-3ee6-4a1d-9ce4-ae184286f8d3
nurec_curated_train,clipgt-9c30e7ee-3660-465a-a079-99da78872a04
nurec_curated_train,clipgt-9c351bef-84b8-4a7f-bad8-9df0f50d0ded
nurec_curated_train,clipgt-9c628a6c-1e33-4b49-9bad-493dd8142946
nurec_curated_train,clipgt-9c6b0313-a5be-410d-8e40-430b2adc6144
nurec_curated_train,clipgt-9c892e05-ce95-4eb7-8bc6-ae18f9ac1a44
nurec_curated_train,clipgt-9c89f9c9-839f-4a46-b36f-7073550df392
nurec_curated_train,clipgt-9c8e6289-e412-4457-849f-0890a6e1f64f
nurec_curated_train,clipgt-9cc6945c-0aaf-4727-9ff1-ff44896b2012
nurec_curated_train,clipgt-9d1339da-d069-4ee8-a854-d3abaef1fe8b
nurec_curated_train,clipgt-9d195516-197b-4850-93ca-b9a35f8ae3d5
nurec_curated_train,clipgt-9d45080a-b929-4d2a-92ab-75069958233d
nurec_curated_train,clipgt-9d453fb9-0c3c-4766-afba-0b16d01b9817
nurec_curated_train,clipgt-9d60ced7-5dc9-4d84-ad25-3848f42eded8
nurec_curated_train,clipgt-9d702a4b-aad2-4f18-a643-8bcd6a0b82cc
nurec_curated_train,clipgt-9d73b364-2e13-4df8-9c27-d56670b9b39d
nurec_curated_train,clipgt-9d8fca3b-10c0-408f-9c3a-486ae4ea6b98
nurec_curated_train,clipgt-9db2b224-d015-45e5-9e26-c1bdcff08c7f
nurec_curated_train,clipgt-9dd86799-a27c-46aa-9cb2-73161dcd0415
nurec_curated_train,clipgt-9df269fd-2627-44a4-8736-4334f8b0688f
nurec_curated_train,clipgt-9dfc06b4-f46d-42ef-a552-d71ef221e0b5
nurec_curated_train,clipgt-9e17ce05-b221-40a7-8ded-08d3cb018147
nurec_curated_train,clipgt-9e1baa2e-0fb8-47c9-975b-c584dc9af9aa
nurec_curated_train,clipgt-9e77fe57-8c5e-4cdf-add7-fde6107db9ca
nurec_curated_train,clipgt-9e792fc4-4d90-44d5-87a2-6dcd3aad4ac2
nurec_curated_train,clipgt-9efa4ece-5030-42a5-9da0-1ff3d1c6ae93
nurec_curated_train,clipgt-9f20476f-6ef6-46f4-a77c-ac511fde19a1
nurec_curated_train,clipgt-9f2f1c8b-8d42-4021-b3b1-1dbd6b68d47b
nurec_curated_train,clipgt-9f925aad-732f-43aa-9dda-f1e5d095bb5a
nurec_curated_train,clipgt-9ff17e92-8625-4e70-8d82-679d461f2ebe
nurec_curated_train,clipgt-a0015a41-513b-4f58-9e41-df7159bb1d42
nurec_curated_train,clipgt-a013c0c6-c2f0-40b7-ab4a-775138e0d7b6
nurec_curated_train,clipgt-a0181ffc-9d08-4b72-8fda-4f1bf1287348
nurec_curated_train,clipgt-a087953d-72d7-446e-bf4f-d08482d400e8
nurec_curated_train,clipgt-a0b1e612-aae9-4b91-8687-bf337c892b2e
nurec_curated_train,clipgt-a0fe28cf-db26-4902-bf9c-fc2390bfe0cc
nurec_curated_train,clipgt-a15f9634-e61b-4627-98e1-541a3163149b
nurec_curated_train,clipgt-a16714a3-e4b1-4ce8-bc65-2bd6353aad15
nurec_curated_train,clipgt-a1c1e7d5-8dd8-4953-bdf2-a60237a7f36f
nurec_curated_train,clipgt-a206d733-17d2-407f-85a2-5db9f57705ea
nurec_curated_train,clipgt-a24add65-e60d-47ef-9106-82407fb5e85f
nurec_curated_train,clipgt-a25cb6a9-0f4d-4a91-98fb-cf855c5fea78
nurec_curated_train,clipgt-a278cf55-daa7-4822-a186-11b9ada42d9e
nurec_curated_train,clipgt-a28ca9d5-9df8-48d4-9685-43424792c104
nurec_curated_train,clipgt-a299c641-3565-4092-a554-f0f4e977d138
nurec_curated_train,clipgt-a2ac807f-45bc-4599-b745-512b9adb0738
nurec_curated_train,clipgt-a2bd8a78-0011-4790-9981-cb48bceb3896
nurec_curated_train,clipgt-a2e53d87-630e-4834-914b-518d3225739d
nurec_curated_train,clipgt-a32549eb-9106-4357-b6a7-b4fa4b025c78
nurec_curated_train,clipgt-a336ffaf-379a-42ba-b997-9eb030c36d54
nurec_curated_train,clipgt-a3460ce6-c37f-4f98-8026-faefb0c601f1
nurec_curated_train,clipgt-a35a2bdf-b828-438e-8ee7-4cb4fa198aeb
nurec_curated_train,clipgt-a38826b1-7911-4b39-a787-b48a3c938b8f
nurec_curated_train,clipgt-a3b28967-5a05-4728-a7ac-f4efca1b9107
nurec_curated_train,clipgt-a3d1e9d6-21df-4da7-91d4-00b2aab79ac5
nurec_curated_train,clipgt-a3f994f5-4467-46a6-b1ea-0a54bac9c5f6
nurec_curated_train,clipgt-a410c7cf-0f5f-4e9a-9372-193a0cadb8de
nurec_curated_train,clipgt-a4353805-c218-4869-a9a0-94e79af556f2
nurec_curated_train,clipgt-a44b8ce3-a3d0-4230-bc4b-e5efc85197ae
nurec_curated_train,clipgt-a537c54d-c2d0-41d7-8a39-d22ed0444e26
nurec_curated_train,clipgt-a5414a7e-00de-41ad-ae50-874dc811fb2c
nurec_curated_train,clipgt-a55d1c06-21ce-4ea7-82d7-896ce8c4a1e8
nurec_curated_train,clipgt-a5befa5b-55f3-41c3-81ce-e1b2538d62fc
nurec_curated_train,clipgt-a5c06f4f-de00-44d1-add2-0a89818a3b0b
nurec_curated_train,clipgt-a62e9c2c-1619-49c7-9ba5-89135d1ea909
nurec_curated_train,clipgt-a636f467-6791-4c4c-b0c3-8712db044c41
nurec_curated_train,clipgt-a6b0c924-fdec-466b-b680-7d2bfc9e6653
nurec_curated_train,clipgt-a6cb4d85-4b82-458f-8cc8-54f2cd5a60c5
nurec_curated_train,clipgt-a6da35fb-ff20-48a4-adac-87fb9982a46c
nurec_curated_train,clipgt-a6db4919-62db-4da9-bde9-ea065d018562
nurec_curated_train,clipgt-a6ddac95-b22a-40d9-b4b8-c62a17563114
nurec_curated_train,clipgt-a6f6032f-7719-4aac-95e0-6320c4cb8896
nurec_curated_train,clipgt-a7070c3f-38a5-46ff-ad54-04e5401a8d89
nurec_curated_train,clipgt-a729d3eb-6eda-4756-bd9d-156ec1acdeaf
nurec_curated_train,clipgt-a72b3cac-29e9-467c-bf38-f59f6b55a7d2
nurec_curated_train,clipgt-a730d6db-25bc-45f5-b013-20cc8605323d
nurec_curated_train,clipgt-a7455666-5345-4b9f-badc-4a1b54a2eb59
nurec_curated_train,clipgt-a75fa79c-c796-4689-8b44-34c599d3bee6
nurec_curated_train,clipgt-a76a868d-1403-4cc1-a2a3-67581bee0041
nurec_curated_train,clipgt-a7733a20-3b3a-48a3-a7fc-77379f654094
nurec_curated_train,clipgt-a79e6e17-2f29-430f-9d46-863322bd0d49
nurec_curated_train,clipgt-a7d14ffa-d0bf-4df0-802a-639948f36888
nurec_curated_train,clipgt-a7ffaa6f-ee4e-46c7-b2d7-7123e6f2c620
nurec_curated_train,clipgt-a80c2cc9-8f02-46bb-9f3c-ce797178bd1a
nurec_curated_train,clipgt-a817bd68-f77f-4250-b9a8-9359d1a1fa1a
nurec_curated_train,clipgt-a829674d-63e1-430b-8682-9da4fac3c2ad
nurec_curated_train,clipgt-a8584b3c-90cd-4e26-a56b-19fc9c7b5b52
nurec_curated_train,clipgt-a88cc83c-ea8d-460b-8757-f6a47d0a9e2a
nurec_curated_train,clipgt-a8f596d6-85f5-4504-87b4-6d527c4fc4f2
nurec_curated_train,clipgt-a8fb9c09-0cbf-42e3-a0e3-1b6dbc16816b
nurec_curated_train,clipgt-a94b29b1-d9ea-4b64-ac2d-7594f12299b0
nurec_curated_train,clipgt-a96274d4-a18d-4369-ac0f-420163f54df1
nurec_curated_train,clipgt-a9c81fec-e33f-4363-8634-ca789045b0c9
nurec_curated_train,clipgt-a9e8dfc7-24ff-4c9d-8fe1-20210c077073
nurec_curated_train,clipgt-aa094af8-da2c-4be0-bb80-2e17617daa25
nurec_curated_train,clipgt-aa407ee1-5b6c-4449-9f6f-207d43067ba8
nurec_curated_train,clipgt-aa5f29c2-e81e-4d45-88d8-88db3d6ca701
nurec_curated_train,clipgt-aa67b65f-8673-49c4-a7db-6683114b4da3
nurec_curated_train,clipgt-aaaf0435-a65e-4d37-8d77-9813ca98cb06
nurec_curated_train,clipgt-aace43c1-f3f2-4bd8-ad97-038441cd8bd2
nurec_curated_train,clipgt-aaf093de-2f7a-444d-97bc-296b681fd996
nurec_curated_train,clipgt-aaf3ce56-fdd7-4dab-84af-c44606d760eb
nurec_curated_train,clipgt-ab09743b-ac37-403b-b84e-29089fc58474
nurec_curated_train,clipgt-ab7d288a-1a82-4cd5-9185-7d5d735030cd
nurec_curated_train,clipgt-ab7e9102-dfb7-44a2-affa-dd85ee411886
nurec_curated_train,clipgt-ab90f21a-227b-4395-aeac-be73e0cfcc8d
nurec_curated_train,clipgt-abafd435-ae49-4bfb-88eb-3671b45092a4
nurec_curated_train,clipgt-abc2dc67-8e69-4bc5-bfc7-3b4e0db31e35
nurec_curated_train,clipgt-abc4fda9-6185-47f8-abd8-86dcc1fdec2d
nurec_curated_train,clipgt-ac085732-d1a7-4d5d-bb61-320c2b94fc39
nurec_curated_train,clipgt-acc6b9af-19b1-4552-bbf5-60af1d415b40
nurec_curated_train,clipgt-acd22430-0c18-43bc-a036-af9804eaace3
nurec_curated_train,clipgt-ad098ec4-eeab-4022-9cc6-fc91a9946027
nurec_curated_train,clipgt-ad134e5b-118c-4dba-9217-2438bb0a747b
nurec_curated_train,clipgt-ad447ab2-4c1a-435a-8542-bb507b9ecdd7
nurec_curated_train,clipgt-ad55f513-9a59-4052-9f66-ad67bb57f135
nurec_curated_train,clipgt-ad68f18c-0390-4e68-86f3-5c199d777593
nurec_curated_train,clipgt-ad927cb1-fe19-44e0-943a-99959a38fac9
nurec_curated_train,clipgt-ad9492f0-c61d-428c-8d42-e5974bebbc0d
nurec_curated_train,clipgt-ada42468-1398-4634-b34f-fdec686d0569
nurec_curated_train,clipgt-adb72a39-1e21-46ef-80f2-9c86a8e9504a
nurec_curated_train,clipgt-adcc59de-e15f-41c0-9bb0-fe95567fd417
nurec_curated_train,clipgt-ade18f35-93ae-4d3f-8253-798ca06893a1
nurec_curated_train,clipgt-adf0a670-6527-4890-ab06-cb83abeb99c5
nurec_curated_train,clipgt-ae0e6436-394f-47ab-9d3c-8be24754c919
nurec_curated_train,clipgt-ae17d11f-c473-4d74-ba00-5bc45f183025
nurec_curated_train,clipgt-ae346872-252e-4f1e-ad0b-2f6f314d01e7
nurec_curated_train,clipgt-ae42a281-c845-4b25-9dec-d9a67be39df5
nurec_curated_train,clipgt-ae5b6532-6396-4bcc-bc30-758ca184e899
nurec_curated_train,clipgt-ae723017-f248-42f1-a480-4328524ce949
nurec_curated_train,clipgt-ae850982-a7b9-4df3-891f-4dc84be870f6
nurec_curated_train,clipgt-aee7691e-6759-4696-980c-412010278bde
nurec_curated_train,clipgt-aeeaa73d-9274-4610-9669-193ff356a53d
nurec_curated_train,clipgt-af093ead-13fa-4634-ba5f-108434543aae
nurec_curated_train,clipgt-af2ecf1e-90e5-4f2d-abf0-997bd87b7a54
nurec_curated_train,clipgt-af431f7b-5777-4c7f-b23b-225ccdc56ba3
nurec_curated_train,clipgt-af4bd2e0-7205-413c-ac28-2c5272c3b248
nurec_curated_train,clipgt-af7e58a3-a943-4cfc-9d25-fe602c0caf15
nurec_curated_train,clipgt-af874fc8-6231-4284-bb68-12f88c7bf12f
nurec_curated_train,clipgt-afa73e60-eef7-46ff-980e-744b31b6866f
nurec_curated_train,clipgt-afc1ff6e-9fdf-4fd1-bb04-919ee1c3e14c
nurec_curated_train,clipgt-afcd6edd-0130-4524-af68-691ad1e1bbe0
nurec_curated_train,clipgt-afd0a181-7e50-4c2d-aee3-a600b307ed04
nurec_curated_train,clipgt-afe7621b-500d-40fc-b386-6ccfbc1b6706
nurec_curated_train,clipgt-afeb04ed-1568-4525-821e-5991d69b25ee
nurec_curated_train,clipgt-b00f77dc-600f-40e4-b4f9-12d90b96b665
nurec_curated_train,clipgt-b01837fa-bf4b-48ec-bb21-af0f8fcbe070
nurec_curated_train,clipgt-b0473613-3b99-4ec6-b7e3-2777aaee7458
nurec_curated_train,clipgt-b0499b70-4b20-4389-8e0f-cd9fce07e7b2
nurec_curated_train,clipgt-b04e7686-a425-4b7c-9dfb-189f68169cf2
nurec_curated_train,clipgt-b06346cc-27a1-480d-8584-1e4ad04489a6
nurec_curated_train,clipgt-b07d8ed3-abce-4a05-99d8-e164a5e8992a
nurec_curated_train,clipgt-b0947992-20f3-4355-903b-92fcddb84528
nurec_curated_train,clipgt-b0b05970-9f3e-4a7b-936b-6f55b540bf0f
nurec_curated_train,clipgt-b0e2a1c0-b0c0-4e01-85be-6274268cb1e2
nurec_curated_train,clipgt-b0e94b02-ba58-4d47-b8ec-9c09e0bcf900
nurec_curated_train,clipgt-b0f660f0-e369-4e20-9bdc-7bae8c0b40ea
nurec_curated_train,clipgt-b1056deb-e6f8-4bb7-aa5e-7241863ab851
nurec_curated_train,clipgt-b12fa656-9a2f-4cc1-8c92-c30046f4904e
nurec_curated_train,clipgt-b1588642-dad4-4ee3-a56f-5337b85ba3ef
nurec_curated_train,clipgt-b187d5d3-767d-47fc-a5d3-78c939c54d2f
nurec_curated_train,clipgt-b1997ecf-ea4b-48f2-8d42-2da5c00c58f0
nurec_curated_train,clipgt-b1abc3d2-b3e6-45c4-b201-e987ff2a72da
nurec_curated_train,clipgt-b1b170d0-d6c0-4809-9db0-c3e19ccaa9f8
nurec_curated_train,clipgt-b1dee661-0d64-478b-a19f-78526a0afdb7
nurec_curated_train,clipgt-b2189741-4adc-496e-a094-aae1b3da335b
nurec_curated_train,clipgt-b22281c8-1f6f-4647-b59e-3f11331e82a6
nurec_curated_train,clipgt-b270b9ab-4029-4cd0-bd4d-80bcf6ce5bd5
nurec_curated_train,clipgt-b27e8f9c-1077-49c1-ba9a-6d99bdc12df5
nurec_curated_train,clipgt-b283c68f-3048-4d2d-806f-20592d894744
nurec_curated_train,clipgt-b2a82269-6d14-453d-802c-cb46611b2603
nurec_curated_train,clipgt-b2d85ef6-0f4d-48a5-8874-6ac944f2fe8d
nurec_curated_train,clipgt-b303ebe3-9636-45ed-9de7-63f254ef8eae
nurec_curated_train,clipgt-b304a9b9-b273-48ec-a9f9-cd94e9d94f62
nurec_curated_train,clipgt-b30ac7f8-55a6-41d9-9c57-5df0762e0e87
nurec_curated_train,clipgt-b3145bc3-ff0a-4b5c-b42c-b09767948827
nurec_curated_train,clipgt-b31b90e4-461a-4637-8f93-a6804a33c738
nurec_curated_train,clipgt-b3233934-c754-4634-a0f3-0682d8265760
nurec_curated_train,clipgt-b35074d7-cd77-4506-9cf7-e122cbd60b6f
nurec_curated_train,clipgt-b3942662-f316-4a91-b4da-fce76f1249e6
nurec_curated_train,clipgt-b3e5b5fc-fbb2-4af0-b913-283e28c68b19
nurec_curated_train,clipgt-b3e8bb38-b1b9-419a-8325-2dd8ab554a7b
nurec_curated_train,clipgt-b42bee1f-2c50-4dec-aa79-9066dd9df92d
nurec_curated_train,clipgt-b43f4213-30d7-40b8-8ef5-a7cb1104698f
nurec_curated_train,clipgt-b45d5902-b41d-423f-8e0e-a09884863d15
nurec_curated_train,clipgt-b45e6497-2b89-4358-b353-234fbd944271
nurec_curated_train,clipgt-b469f38a-f4bc-4b18-a0ec-3ca987b18383
nurec_curated_train,clipgt-b4746a06-3e95-4911-b079-6a1baaf6d1b1
nurec_curated_train,clipgt-b4bbb3b3-e5b0-4cbe-b848-4ecc9f86691f
nurec_curated_train,clipgt-b50ed1e3-a9eb-4ab0-9484-c92e63279fdb
nurec_curated_train,clipgt-b5305cf7-963b-4cb1-87b8-7bcbb6443af8
nurec_curated_train,clipgt-b54c8534-2563-404e-a7aa-f924f0e9726c
nurec_curated_train,clipgt-b59fd578-58e7-41a0-a07f-5b08ed8b5919
nurec_curated_train,clipgt-b5d12506-227c-4461-b38e-d8ce2ec22247
nurec_curated_train,clipgt-b609420f-d0d1-46b2-ab04-254885dfd218
nurec_curated_train,clipgt-b6dae19f-f5bf-4e19-8d81-3c9b2351ae13
nurec_curated_train,clipgt-b6e18bbf-abf9-47ec-893a-467bee1f5eed
nurec_curated_train,clipgt-b6f09ef3-b4aa-41e2-b257-a118f7afaac2
nurec_curated_train,clipgt-b706e6a9-0c43-4faa-940e-91d80529804f
nurec_curated_train,clipgt-b7132760-6c54-401f-b993-b955f35477bd
nurec_curated_train,clipgt-b72bf7fa-a3f7-4059-b5fd-17330dbb1ab3
nurec_curated_train,clipgt-b799daf9-2f85-4bb0-8a47-17f96cef1bd5
nurec_curated_train,clipgt-b7b0c60f-8379-4cfc-af65-c0ed19412d06
nurec_curated_train,clipgt-b7b394cf-e912-4a7b-87d4-fca6c12a5748
nurec_curated_train,clipgt-b7bfcbd9-4ab7-46ff-a21c-a5b6d66191a6
nurec_curated_train,clipgt-b7d705f4-9a58-423f-87ce-988aab77fa44
nurec_curated_train,clipgt-b8121526-85bf-4f5b-ac50-222e0dddfccc
nurec_curated_train,clipgt-b81a453b-3a2b-4a5f-92dd-ba6c738baa78
nurec_curated_train,clipgt-b84f3fb1-0643-4ed3-87d7-93babebd24a0
nurec_curated_train,clipgt-b8566b44-6c1d-4b04-be13-1d7d143047cb
nurec_curated_train,clipgt-b87c3524-0a38-4aa8-8a4b-9af7f230ae84
nurec_curated_train,clipgt-b89326b4-bef7-4cd3-b3a7-d2288f681c57
nurec_curated_train,clipgt-b8d73ce0-1728-4a80-9722-7b841f55157c
nurec_curated_train,clipgt-b8e12e4b-80c8-481e-ad6e-bc22e4d3c2fb
nurec_curated_train,clipgt-b8e1992f-517e-4507-998c-983859f42039
nurec_curated_train,clipgt-b96578e1-b1c7-460e-8405-77b3df51dbf6
nurec_curated_train,clipgt-ba2cfeb5-fe21-453c-abb6-1bd6cffad6b3
nurec_curated_train,clipgt-ba91fe2c-c4bc-458f-8708-4ce345e675c7
nurec_curated_train,clipgt-ba99f59f-f448-4b00-989f-da12982d2571
nurec_curated_train,clipgt-bad7a546-ebed-4ba6-9fd5-a0925e725689
nurec_curated_train,clipgt-bad8bcb5-b305-426b-9ca9-1d9504f2fa3b
nurec_curated_train,clipgt-bae463d3-655b-4b54-ac8e-1c982219d829
nurec_curated_train,clipgt-bb16e4a7-9a43-4454-818f-c7b07d22c0c6
nurec_curated_train,clipgt-bb1b395f-c51d-4a16-87ad-7310a7bbf086
nurec_curated_train,clipgt-bb4394e7-7485-43f3-877c-f83e40d48a13
nurec_curated_train,clipgt-bb4c859c-a4af-49ce-ad4d-0c4347053dd8
nurec_curated_train,clipgt-bb5389f1-9514-4cfa-8322-dae897ed3786
nurec_curated_train,clipgt-bb686dcc-99d8-460d-92d2-85ec047000f1
nurec_curated_train,clipgt-bba237df-1306-4130-bdf5-83d216ca71b9
nurec_curated_train,clipgt-bbc85cf8-8056-4780-b746-5846768ed6b3
nurec_curated_train,clipgt-bbf8ca4c-c999-4dd4-bb21-cb05832c86bb
nurec_curated_train,clipgt-bc6bb6bd-6a9f-43c6-a2dc-7edfc5f27f55
nurec_curated_train,clipgt-bc843fa0-b475-46af-8e88-ba1597c02128
nurec_curated_train,clipgt-bcf67ede-1879-4125-ab20-cae5a483d8cb
nurec_curated_train,clipgt-bd07fb91-e573-44ce-afd9-a637339888e8
nurec_curated_train,clipgt-bd08d260-83a3-46aa-8799-d3aa50fb0e20
nurec_curated_train,clipgt-bd2861b3-ef20-4563-a7b6-4f2f9423326c
nurec_curated_train,clipgt-bd2e4de4-3ba5-4b18-a79c-5edf9a5518ca
nurec_curated_train,clipgt-bd4383fb-620f-468f-9b40-17e72807d224
nurec_curated_train,clipgt-bd49eae1-2f1a-4fbb-aaa5-cccd4b013106
nurec_curated_train,clipgt-bd7a1e00-e7dd-4e1b-85e6-ba0717fb5016
nurec_curated_train,clipgt-bd95eaad-1fd0-4a82-9331-05a06bcf9bc3
nurec_curated_train,clipgt-bdc3344d-4e43-45b9-807c-f7526199e4ef
nurec_curated_train,clipgt-bdf2c763-f8a8-4a01-9efe-6482cf9f806d
nurec_curated_train,clipgt-be087898-8bd5-4f41-82a8-ff3d875ef026
nurec_curated_train,clipgt-be183bd3-96a4-44fd-988b-bd7d22e4fbdb
nurec_curated_train,clipgt-be3160a6-4490-45ff-aa03-acddbfbcf36a
nurec_curated_train,clipgt-be4db4e9-eeff-4c22-b735-15ad9f7a0b49
nurec_curated_train,clipgt-be674501-8f83-4837-a7a2-13f64cdbdaf6
nurec_curated_train,clipgt-be6cb24e-b69c-4967-8a49-09d9d150a12a
nurec_curated_train,clipgt-be794864-766e-438a-86d7-ec06da5ee921
nurec_curated_train,clipgt-be9a1742-c4f2-42aa-bbe0-13b071abfeea
nurec_curated_train,clipgt-bec47df9-5e94-4a5c-885a-ed2fe22aa32d
nurec_curated_train,clipgt-beebc21f-65c2-4c8e-9755-131231b175e3
nurec_curated_train,clipgt-bfb44da0-94d3-4f5a-8a5a-a22083e37117
nurec_curated_train,clipgt-c00ec009-0efe-4b28-a85a-9b76b1bda069
nurec_curated_train,clipgt-c0137a1e-e0e6-4d23-bebb-6c97bbb7bf62
nurec_curated_train,clipgt-c0287270-a748-4317-9b3a-7420f63db47a
nurec_curated_train,clipgt-c099d336-1152-4d57-b121-f325d8acb0e4
nurec_curated_train,clipgt-c0d6d4ec-0b9e-4b9b-9244-f5ecad1bf3e4
nurec_curated_train,clipgt-c0de5bb2-4c11-4348-8369-7d231699e7b3
nurec_curated_train,clipgt-c1258d64-ffa2-408b-94ad-1060674f480a
nurec_curated_train,clipgt-c131bc24-ae60-4d16-a60c-2f4501763269
nurec_curated_train,clipgt-c148b111-cd19-4dda-a49d-15eb91850656
nurec_curated_train,clipgt-c188e702-7240-4987-b61c-9d6d7fd7e86f
nurec_curated_train,clipgt-c18eafbb-0606-4695-9525-c7b3585d02db
nurec_curated_train,clipgt-c25bc17c-e4f9-4880-ae9c-040d89d9c61f
nurec_curated_train,clipgt-c2741fce-84c1-42f0-a18f-07f6d90c848c
nurec_curated_train,clipgt-c290d49a-5e33-400a-aa8b-c49b0451cf71
nurec_curated_train,clipgt-c2b92dec-69e5-45ce-bfb8-87c556e274b1
nurec_curated_train,clipgt-c2df5259-0079-4ca8-904a-e3ae7667da27
nurec_curated_train,clipgt-c30139ac-c783-4531-ac27-a87a69f74f8a
nurec_curated_train,clipgt-c326465f-e1cd-4191-8778-9b4be26d2836
nurec_curated_train,clipgt-c3266ae7-dd5a-42da-ab76-1a441a65dc7f
nurec_curated_train,clipgt-c390b208-2672-4db5-b8aa-b98019fe03ee
nurec_curated_train,clipgt-c3c4f763-44da-450d-a6e2-48a982e62de4
nurec_curated_train,clipgt-c3d4065e-ee11-4fcc-a7f0-41b031316544
nurec_curated_train,clipgt-c4249f4e-6f54-4b82-83d0-5868839468ac
nurec_curated_train,clipgt-c427e855-c796-4e4d-94cf-cda02de7d390
nurec_curated_train,clipgt-c4321eba-5e96-45b7-869d-c289c444e615
nurec_curated_train,clipgt-c438a779-964c-4bb7-bfde-61d9abe5b39d
nurec_curated_train,clipgt-c4a47034-032e-403e-8efd-a83c7dddde75
nurec_curated_train,clipgt-c51a2930-b9f6-4748-b67d-38fa7f0495f2
nurec_curated_train,clipgt-c52a7833-0de2-4d9b-b32a-5c94927cc687
nurec_curated_train,clipgt-c547b601-7515-4195-b47c-5dfbe4652c88
nurec_curated_train,clipgt-c5638d32-5df6-4cfc-b07a-b9948309d573
nurec_curated_train,clipgt-c59e9d03-fba8-423b-b79c-06594cffff10
nurec_curated_train,clipgt-c5b21e90-35ec-4578-84d0-e7cecc5ab80c
nurec_curated_train,clipgt-c60175e9-28dc-44cc-b34f-40347cc3861b
nurec_curated_train,clipgt-c618d5d0-bd20-4f92-8088-5f7cd95e4542
nurec_curated_train,clipgt-c6567f4a-ae33-41cb-bda6-c683a280141a
nurec_curated_train,clipgt-c669f58d-3a27-4915-8162-af332483b4cf
nurec_curated_train,clipgt-c6718ecc-924f-4219-82cf-ce4ff4445201
nurec_curated_train,clipgt-c67bdfef-f86b-44d4-a429-a8f2371dd1d3
nurec_curated_train,clipgt-c681d7d8-95a8-4f25-a923-c36b51b1c45f
nurec_curated_train,clipgt-c692a017-f113-48c0-b1dc-c6383490edb5
nurec_curated_train,clipgt-c6ebf66e-2474-4de9-a436-3abdec13a05b
nurec_curated_train,clipgt-c6fda46d-1c2c-4646-af7c-caa041c5d27d
nurec_curated_train,clipgt-c71afeca-6381-49d6-98ef-3c5fb9fe32c8
nurec_curated_train,clipgt-c76072c5-82a6-4b1e-b62f-a9da2ef48762
nurec_curated_train,clipgt-c77fd5cd-89ba-4bca-89e1-71810a3accad
nurec_curated_train,clipgt-c78c2cba-680b-402d-b338-2aaccb8544f9
nurec_curated_train,clipgt-c7acecba-c1a3-4182-9fc2-3919c6976642
nurec_curated_train,clipgt-c7c58600-14c3-4be0-90b9-7a8341511be1
nurec_curated_train,clipgt-c7c79213-4972-4cf7-b5f7-85f15feac500
nurec_curated_train,clipgt-c838816a-2765-4981-b5aa-4160d400f92d
nurec_curated_train,clipgt-c860712d-9b2d-4639-811c-52d2be254a04
nurec_curated_train,clipgt-c86fd99b-023f-477f-b4a0-fcbac05102aa
nurec_curated_train,clipgt-c8874e25-8086-4250-b88a-97cce293c28e
nurec_curated_train,clipgt-c88a5855-29c6-4a74-93a4-2ecb26249c3f
nurec_curated_train,clipgt-c88c52d3-afce-4897-bf28-998ddc928d8f
nurec_curated_train,clipgt-c896c0cc-64c2-4e1e-9629-3de98d2343bf
nurec_curated_train,clipgt-c8c798be-9854-4043-80c1-a45cd584c8ae
nurec_curated_train,clipgt-c8e4cce1-6932-4a35-8419-072cd6c656a4
nurec_curated_train,clipgt-c8f861f7-89fe-4359-8680-b887be6a8ea0
nurec_curated_train,clipgt-c928d7e1-164a-4940-b17d-692bea9210d5
nurec_curated_train,clipgt-c9311b4c-5380-45e9-a855-9b5c4e27afe8
nurec_curated_train,clipgt-c97537ee-83a4-4259-98d8-c61790ea7613
nurec_curated_train,clipgt-c9753c5c-f140-4b86-a633-b34ef5f3e1d8
nurec_curated_train,clipgt-c9825ad1-398d-47ae-a536-13b4a2cf6625
nurec_curated_train,clipgt-c9836782-1533-4ad3-8ae9-23282d5e09cb
nurec_curated_train,clipgt-c9b68d76-c8a2-4dd1-aba9-88220a3c0af8
nurec_curated_train,clipgt-c9c18f64-af95-4b11-b2db-c6370d51ed53
nurec_curated_train,clipgt-c9fccb24-b432-4b72-98a2-4ccd282a6fa6
nurec_curated_train,clipgt-ca2cb16e-b2f0-41fc-a35b-5b152a12956e
nurec_curated_train,clipgt-ca97c826-dfb7-4fec-8087-b9fb69987d7b
nurec_curated_train,clipgt-cac1d7a0-c214-4642-9bae-57a01c88c428
nurec_curated_train,clipgt-caf18c8e-1a8c-4543-b4e9-55e363d0e4ff
nurec_curated_train,clipgt-cb09cf43-efa4-4a46-bd25-6173a6bfa05b
nurec_curated_train,clipgt-cb157636-0dfe-4124-a512-654903465ab2
nurec_curated_train,clipgt-cb1b00aa-b3a5-40b2-99d1-5175d6f70e13
nurec_curated_train,clipgt-cb42eaf6-cced-481d-bf00-20fbfd8729b8
nurec_curated_train,clipgt-cb6b172b-7319-44fd-aabc-4b61e6ca8f13
nurec_curated_train,clipgt-cb882dc8-3a6f-46e6-a157-f245eb1b58c2
nurec_curated_train,clipgt-cb909f6e-6488-405b-9bb0-c9b50d29a7c2
nurec_curated_train,clipgt-cbe2d634-0e1d-47a8-9490-4e4c3391e45c
nurec_curated_train,clipgt-cc289222-8a2c-486d-9b4f-0db31d1165b7
nurec_curated_train,clipgt-cc8cbc45-9ed7-475b-bc5b-a0a2ec66a7b1
nurec_curated_train,clipgt-cc93522d-5a13-4807-8c3e-8975ef64e4fd
nurec_curated_train,clipgt-cca40c7a-35b5-449f-a177-f7be61c96660
nurec_curated_train,clipgt-ccb80b67-0cd9-4419-987f-d985d4a78d55
nurec_curated_train,clipgt-ccc1ac21-05b2-414c-83ab-647eaf562fc1
nurec_curated_train,clipgt-ccd14274-9097-4651-b5b7-d89359531faf
nurec_curated_train,clipgt-ccfa26c0-68d3-4869-8b79-180d1865ea59
nurec_curated_train,clipgt-cd165b64-8c2b-4ec1-9c84-be0b8bbb6e19
nurec_curated_train,clipgt-cd344c66-c53e-404b-bb11-a4910c62d8d0
nurec_curated_train,clipgt-cd3958e4-7022-4cba-96e4-44832f6ce7db
nurec_curated_train,clipgt-cd431630-55a5-4056-ba5e-7362040fa289
nurec_curated_train,clipgt-cdb709d1-2a69-4325-be3a-2a47f3e35481
nurec_curated_train,clipgt-cdd9448c-8808-46b1-85c1-883bcc5862ff
nurec_curated_train,clipgt-ce75af77-b53c-41b1-8524-390e317d4683
nurec_curated_train,clipgt-cec140b1-b12b-462a-94e9-80374ada2e26
nurec_curated_train,clipgt-cf34e1e7-34d0-4c28-806f-0d9be6967abc
nurec_curated_train,clipgt-cf3cd4a7-d49d-4858-aea6-bdc63e766c08
nurec_curated_train,clipgt-cf3e7570-25be-4508-ad1c-ad6cba3eb2d1
nurec_curated_train,clipgt-cf5076fd-0662-48f5-86cf-04819066ebb0
nurec_curated_train,clipgt-cf9ca3f2-19c1-4bfb-8e10-9463bd85d800
nurec_curated_train,clipgt-cfb360e9-76cf-46ee-a7c2-d9e87f4a1baf
nurec_curated_train,clipgt-cfc22ce8-a942-4e2a-90de-ff5a5d375287
nurec_curated_train,clipgt-cfe974a4-d507-41ad-aa3e-8cb79360566e
nurec_curated_train,clipgt-d078258b-9339-425d-a040-68346ef0d5bc
nurec_curated_train,clipgt-d07c2655-fcb3-4469-bdfc-518bccc5f3cf
nurec_curated_train,clipgt-d0962d4d-23c0-4b5d-a059-2c1435f81468
nurec_curated_train,clipgt-d0a5056e-f552-42e2-94df-2aaf8e3f8f66
nurec_curated_train,clipgt-d0d8a2b6-ac68-4e21-ae93-b30284b3fe2f
nurec_curated_train,clipgt-d0f64342-1f39-41ea-b1eb-be9a5d47ddca
nurec_curated_train,clipgt-d101f9f0-1539-421f-8b27-971fa745b5ad
nurec_curated_train,clipgt-d1230ce4-9ef9-4060-9848-9ad239beef19
nurec_curated_train,clipgt-d1681242-2510-4d3e-be98-15b2d35a636e
nurec_curated_train,clipgt-d19d1b01-9e6b-465f-bb85-d11718a526c7
nurec_curated_train,clipgt-d1a25a99-0f02-4730-a076-96f067e92874
nurec_curated_train,clipgt-d1a2c0f0-d46e-43a7-96a3-c75883102e59
nurec_curated_train,clipgt-d1ba973a-5f8b-4cc1-9016-9f1205b5ded8
nurec_curated_train,clipgt-d1d75933-68a8-4397-ab1e-36ae36f9e312
nurec_curated_train,clipgt-d1fc143d-0112-46df-9bd4-26db770c873e
nurec_curated_train,clipgt-d22db2b9-1909-49f9-a311-d8ef45baec00
nurec_curated_train,clipgt-d24efb00-8b5d-416b-afe6-84e4e09b92da
nurec_curated_train,clipgt-d2715023-a903-4e67-9b80-e6c76dbbbd99
nurec_curated_train,clipgt-d2a47b3b-e6be-4f56-b6a7-bcae287a2758
nurec_curated_train,clipgt-d2b2fe82-d2ef-4c48-933e-40c73980d951
nurec_curated_train,clipgt-d2bac57f-a0d3-4b76-8c48-621963886ead
nurec_curated_train,clipgt-d2fcf4b2-2a4b-47e3-a2ec-a9e3372c3a8a
nurec_curated_train,clipgt-d30c3636-94f9-4b5e-acfe-e350f31f8f0d
nurec_curated_train,clipgt-d3267951-0283-4e10-b3b9-496dcb191a67
nurec_curated_train,clipgt-d342bc89-9d98-438a-847f-cb7231e7ea8d
nurec_curated_train,clipgt-d34673c7-2573-42a4-b771-1a5bf38f7d60
nurec_curated_train,clipgt-d34c6b10-466e-41fa-8c40-0083fb7ae69f
nurec_curated_train,clipgt-d369db8b-8b62-4e69-83b9-f1c247062db7
nurec_curated_train,clipgt-d38cf375-2145-4788-910d-6edb3e0d1398
nurec_curated_train,clipgt-d3ca77e2-8c8d-44ae-ad49-45471301e578
nurec_curated_train,clipgt-d3d3ab1b-d288-4fcc-b913-1015d2da1e1f
nurec_curated_train,clipgt-d40b54d8-c768-4876-ae6e-f3b37d0c7c4e
nurec_curated_train,clipgt-d41fea1d-2637-4577-8b91-574e4d35ec8e
nurec_curated_train,clipgt-d42754e7-7a14-4436-9284-c0c4545f32ba
nurec_curated_train,clipgt-d427d9ef-70a0-4a1a-8e11-ff1763cc9cf3
nurec_curated_train,clipgt-d4390315-938c-4a34-9345-b2311393eb18
nurec_curated_train,clipgt-d4676b71-65a6-47b4-8195-db9a744be261
nurec_curated_train,clipgt-d4b54366-1289-4d6a-a788-f930e0f6a9a1
nurec_curated_train,clipgt-d4c97cc1-1297-41fd-9ad8-87d269b65e4d
nurec_curated_train,clipgt-d4d6473d-a4a6-43a8-9a6d-3290778aced9
nurec_curated_train,clipgt-d4e2523f-518c-4ae3-8594-ef812238762e
nurec_curated_train,clipgt-d4e69a53-bcb6-4204-986f-e6649184299e
nurec_curated_train,clipgt-d54d0ed1-a494-42c6-bfb0-ffde27c7ef57
nurec_curated_train,clipgt-d55c0611-363e-4317-8978-cfacddbbe797
nurec_curated_train,clipgt-d56d7c14-e61d-428d-a866-f1b348ded427
nurec_curated_train,clipgt-d5c526a6-4cec-4a62-bbc9-0d76dddd4db8
nurec_curated_train,clipgt-d5cc3763-8c76-41f3-a02f-218965e25ef7
nurec_curated_train,clipgt-d5f874a2-d08e-4dad-b985-9c067a862b09
nurec_curated_train,clipgt-d604fdc3-c0ca-4e41-8a9a-e601ec30e9f1
nurec_curated_train,clipgt-d65a3bcf-e0cb-4678-8601-2dd2f725aaf3
nurec_curated_train,clipgt-d68c7161-bef6-4342-800f-607127417825
nurec_curated_train,clipgt-d6b59ce8-f037-42cc-aaf0-53798c3955f8
nurec_curated_train,clipgt-d6fea552-5873-4580-87dc-e1893ec6b82d
nurec_curated_train,clipgt-d70db121-938c-464b-bf83-d2f2f2da1a2b
nurec_curated_train,clipgt-d7533867-041f-4913-a50e-c86e4634c59d
nurec_curated_train,clipgt-d7577d71-f18d-4baf-a0bf-f692930f197a
nurec_curated_train,clipgt-d7a39a99-683b-4e81-9ff2-475ed4de90fc
nurec_curated_train,clipgt-d7a656c2-3f78-41d9-bdb8-d5ef2e9504d9
nurec_curated_train,clipgt-d7dd965b-cbe9-41ec-aba8-0ef08fe398ad
nurec_curated_train,clipgt-d823324d-bb4c-47a7-9312-a770a55a08f3
nurec_curated_train,clipgt-d85682b8-f612-4aa3-90a2-ee2bb86151e6
nurec_curated_train,clipgt-d875796d-318e-408f-8b57-772c8736b81d
nurec_curated_train,clipgt-d8ba63a8-1ac8-453f-9f33-a8511914621a
nurec_curated_train,clipgt-d8c8ac7b-c550-47af-8002-5625bedfc995
nurec_curated_train,clipgt-d95b0b2d-af97-483e-9180-50e8ad7c6587
nurec_curated_train,clipgt-d973bef0-7650-4f26-9581-bfb7bef29312
nurec_curated_train,clipgt-d9818cf9-1dd2-4450-bb5d-e9f685ce9f52
nurec_curated_train,clipgt-d98c59ff-ef24-4b03-9e4e-553471a701ba
nurec_curated_train,clipgt-d9af9815-c264-4be6-9a24-00d061f3ce4d
nurec_curated_train,clipgt-d9b72fb3-f1a5-49a9-a04b-645fb7bf0df5
nurec_curated_train,clipgt-d9c1b946-498f-4cc2-8145-80d16a05c5d3
nurec_curated_train,clipgt-d9c2a88b-dd8c-479a-bb23-1e6479315f29
nurec_curated_train,clipgt-dad780b9-1b99-4524-ad4a-d35e6b77e6fa
nurec_curated_train,clipgt-db009e5d-3919-4e0f-a677-c12fea6e92cd
nurec_curated_train,clipgt-db1b86e7-62c4-491c-bde3-2e79d9d48c09
nurec_curated_train,clipgt-db450d95-7096-429a-8a01-dacf94cd4036
nurec_curated_train,clipgt-db529700-208c-414d-820e-84dd75b8caa8
nurec_curated_train,clipgt-db69d4e5-aaca-4977-a9c0-f304fcf6484e
nurec_curated_train,clipgt-db6a7b48-8079-4c37-a284-2162cc414ee4
nurec_curated_train,clipgt-db97fe96-1847-4cb7-aa42-37e8a61b0270
nurec_curated_train,clipgt-db9f3915-521d-41d2-9f98-a10eaa5dc719
nurec_curated_train,clipgt-dba136f2-22ba-4407-8b87-a2ad5272b8c5
nurec_curated_train,clipgt-dc21dc72-bb36-4ad4-a758-1c39db316deb
nurec_curated_train,clipgt-dc2b1bc4-af24-45aa-8a03-19cd1333d0cc
nurec_curated_train,clipgt-dc6e2af1-716c-44ba-84c0-b234ea4dbd31
nurec_curated_train,clipgt-dc81056e-ca7d-4cd2-9183-258877356ce4
nurec_curated_train,clipgt-dceaf6a1-41d3-4268-b34c-9701eb9cb7e1
nurec_curated_train,clipgt-dd31c350-22be-4504-bcde-06a9aaf83423
nurec_curated_train,clipgt-dd427ac5-6e36-4845-b6b4-db11aa3029b7
nurec_curated_train,clipgt-dd6b54a2-d85d-4050-9042-6b66eb4292e1
nurec_curated_train,clipgt-dd7e63c0-446a-4d6b-b119-0468c1ad73e8
nurec_curated_train,clipgt-ddd04f5f-6358-46ea-8fcd-ad51fefe769a
nurec_curated_train,clipgt-ddd2c391-873c-43f5-8105-180475fdc133
nurec_curated_train,clipgt-ddd6bec8-0df3-43c8-be1f-447de0d808ee
nurec_curated_train,clipgt-ddd998a9-4e83-4a90-8c26-9dd12ff32db8
nurec_curated_train,clipgt-de7b9321-a77e-4949-a69b-70bddfa781d0
nurec_curated_train,clipgt-de8fb30e-9927-4e1a-bf5a-b13986b380e9
nurec_curated_train,clipgt-df113232-421d-4a88-8b1e-310291b08674
nurec_curated_train,clipgt-df1c92ea-065f-4d4b-86e9-7df95c361a2e
nurec_curated_train,clipgt-df829727-390c-4b7b-b218-597e4e7a530b
nurec_curated_train,clipgt-dfe7bef5-bd1e-48ef-ac71-10a266a782dd
nurec_curated_train,clipgt-dffd4c04-92a8-468d-a362-cd3a98445da9
nurec_curated_train,clipgt-e00752a1-4c6c-4a87-aa5c-f5a935df5c00
nurec_curated_train,clipgt-e0533784-d1f1-4674-a4e6-32f1595e2f41
nurec_curated_train,clipgt-e0699821-d727-4274-b122-8a90dd8255d3
nurec_curated_train,clipgt-e09d0518-7e4d-4b66-bb78-cd518a6b0c0a
nurec_curated_train,clipgt-e0b22317-fe44-4203-821f-e71b9b30d0b7
nurec_curated_train,clipgt-e0b76658-7e91-497d-8ec0-6f6927196843
nurec_curated_train,clipgt-e0bb6faf-a9be-4a82-b20a-ba566cb6ea57
nurec_curated_train,clipgt-e0c7a82f-3728-4115-b4ae-c8e719e358dc
nurec_curated_train,clipgt-e0f6bfcb-0091-4e35-b291-db9d129cf797
nurec_curated_train,clipgt-e1192860-315d-4204-9947-51a2e589b18a
nurec_curated_train,clipgt-e121e37d-b03f-4f25-aa09-5ba5b74b8afb
nurec_curated_train,clipgt-e14cf3db-46c9-475b-97a4-3666a1a9a047
nurec_curated_train,clipgt-e1a2da5e-ef4f-4153-bbf2-3c892708977b
nurec_curated_train,clipgt-e1d6972e-614d-4606-ba0f-f535fb56d457
nurec_curated_train,clipgt-e206610d-26be-49e2-953f-7e0593c5dc4d
nurec_curated_train,clipgt-e2068c7d-ca4e-47e9-9cd1-1fe55330d9fb
nurec_curated_train,clipgt-e20c8773-61ce-4076-95de-c71428270a74
nurec_curated_train,clipgt-e21d7395-cf76-46dd-bdd7-90f48f3c9057
nurec_curated_train,clipgt-e2224ff8-35c1-45eb-ba1c-6d29dbdbeb8e
nurec_curated_train,clipgt-e244984f-90bd-4206-ab46-ab425287a6ce
nurec_curated_train,clipgt-e27ce7cd-1c67-4300-9e4e-0ff3e6932e0d
nurec_curated_train,clipgt-e297279a-6d0d-4d36-8882-ce69a79d324a
nurec_curated_train,clipgt-e2a41ac4-4f82-496d-a358-5d3731f92e8a
nurec_curated_train,clipgt-e3113202-2d9a-44c5-b294-2c6f47cc4307
nurec_curated_train,clipgt-e34fcbdc-537f-49ce-87bd-0cfc3c6258f7
nurec_curated_train,clipgt-e36cf4c2-03a0-4af2-9146-48a5372efb3d
nurec_curated_train,clipgt-e3878147-bafe-4b3f-9d33-0eebaba52552
nurec_curated_train,clipgt-e39fb49b-8938-4a63-811e-1edff7d1065d
nurec_curated_train,clipgt-e3e470e4-1d47-4ae7-a543-ca18292cc1f8
nurec_curated_train,clipgt-e3ed554f-cdea-40e7-955a-7153341e755a
nurec_curated_train,clipgt-e412a5a5-cb80-4905-bf6c-f265faa41b0e
nurec_curated_train,clipgt-e442408a-4ee3-452f-8319-80500ae391a2
nurec_curated_train,clipgt-e4697882-aa65-4743-a00d-477e03ac066d
nurec_curated_train,clipgt-e4a8ce47-7785-4b53-8be5-df70ae234eb6
nurec_curated_train,clipgt-e4d69be6-b60a-4d25-ab99-e6f7224f7f5c
nurec_curated_train,clipgt-e500f011-10f7-44ea-b640-c93266e1043c
nurec_curated_train,clipgt-e5561d95-e099-4001-ae9e-2579109824b1
nurec_curated_train,clipgt-e5718dc1-d42a-47be-a9fc-e84b9afdc368
nurec_curated_train,clipgt-e59e7852-4176-4ec6-9c09-c875384ca617
nurec_curated_train,clipgt-e5a86ca0-222f-4bff-bfb6-4b348e9324ee
nurec_curated_train,clipgt-e5bff244-1da0-416b-97b2-711131d3dfc9
nurec_curated_train,clipgt-e5c8536c-82cd-4dd4-a639-cff683aceab9
nurec_curated_train,clipgt-e5d24edf-619f-4d2e-8608-1c6dfe3d9a17
nurec_curated_train,clipgt-e64757e8-adb9-4035-9bc8-6f531bdc8702
nurec_curated_train,clipgt-e64dca05-bdd2-4ee1-a748-f2f50c7dfaa5
nurec_curated_train,clipgt-e66ebf31-3468-474a-893f-e01a5b24f8e0
nurec_curated_train,clipgt-e6c37af0-ce93-41f2-aff5-86d46189d4d1
nurec_curated_train,clipgt-e727f06d-206d-4758-8d9e-d017f0f30eff
nurec_curated_train,clipgt-e72f96ff-824f-4540-ae4c-b686f2008188
nurec_curated_train,clipgt-e742759b-9403-4d6c-9c52-704b81bc5ba9
nurec_curated_train,clipgt-e75118f7-ade9-4593-9794-8eb5fda02644
nurec_curated_train,clipgt-e7581b00-9520-4a57-9d69-e85503fda417
nurec_curated_train,clipgt-e7667d0b-fa8f-4a0c-9ebe-330fbbf27067
nurec_curated_train,clipgt-e7c1aba4-a984-4aa0-b22f-929310dc0fa2
nurec_curated_train,clipgt-e828096d-5889-40bb-bc6f-2feed7db9821
nurec_curated_train,clipgt-e8531437-c044-448a-ae4b-5c578dbbdb36
nurec_curated_train,clipgt-e86e5751-209e-443f-ac1b-8bdc3827e730
nurec_curated_train,clipgt-e883822a-bb66-410e-8246-49c47e5a73aa
nurec_curated_train,clipgt-e8a54ce0-0245-4f7e-8f66-f3a2aeb53629
nurec_curated_train,clipgt-e8cf41e8-0c0e-4cf7-aa94-ec07efd59efb
nurec_curated_train,clipgt-e8ef86c4-d514-4454-b838-f41d2a3f590f
nurec_curated_train,clipgt-e8efc7cd-c0ba-4008-ba80-482643bbbf46
nurec_curated_train,clipgt-e9335cc9-4273-4c4a-b975-051551836cae
nurec_curated_train,clipgt-e96df3d2-9c50-421e-b7ea-c606b93bb6f2
nurec_curated_train,clipgt-e9a25fde-6218-4d1f-84e2-fb26c548947c
nurec_curated_train,clipgt-e9eecf37-dbcd-4705-b300-d7eb6ea9988c
nurec_curated_train,clipgt-ea38e557-6b91-4bad-982f-58f2fcbfa382
nurec_curated_train,clipgt-eab8240a-a76b-476c-a2df-355974d664b6
nurec_curated_train,clipgt-eabf93a3-62e8-4302-b989-354e7422a644
nurec_curated_train,clipgt-eac1bf3c-d6e2-46c7-8fcb-1a6a612f2dae
nurec_curated_train,clipgt-eb00439f-6219-4290-9d61-b8b3530cddaa
nurec_curated_train,clipgt-eb4b6564-ecb1-4d95-b0b2-ec5a08ac5313
nurec_curated_train,clipgt-ec16a57f-567c-420b-8cd2-dd6874b3b8f1
nurec_curated_train,clipgt-ec32b747-5108-40a6-a214-4d8510f843bc
nurec_curated_train,clipgt-ec41061e-077f-411e-838a-af1e564d9666
nurec_curated_train,clipgt-ec684752-0bbb-4561-8e99-483a39318efe
nurec_curated_train,clipgt-ec76174b-64a9-45fe-bad8-9c2cfa4493c2
nurec_curated_train,clipgt-ec7ca221-f28a-4b73-a397-b804a101a1b9
nurec_curated_train,clipgt-ec910872-2c20-4a85-a0ac-da6833ee0f92
nurec_curated_train,clipgt-ec9a9fd9-d095-4b27-8e24-b2287d76ab1e
nurec_curated_train,clipgt-ecdd068b-9d8c-48de-a0f3-b519a5c2ecb0
nurec_curated_train,clipgt-ed143086-bc48-42ea-af3b-646c88eada2a
nurec_curated_train,clipgt-ed1734bc-6b7b-409f-b4b3-27cfbbf2c642
nurec_curated_train,clipgt-ed2774ed-8238-4eac-aa14-07bbd99f95a0
nurec_curated_train,clipgt-ed32f15d-ba6a-4951-9391-db3d7a3a8ebd
nurec_curated_train,clipgt-ed7b0427-bcdf-4af3-9d69-d3ef795ed7d8
nurec_curated_train,clipgt-ed7f1e36-66c2-4f44-8eeb-83bc9cd5c370
nurec_curated_train,clipgt-eda3b4fe-e8f5-4407-b23d-f1937985701b
nurec_curated_train,clipgt-ede8c19c-d344-4835-8613-4692b0c605f4
nurec_curated_train,clipgt-edea9e15-422a-460c-8b6e-86cc2119e0d6
nurec_curated_train,clipgt-edff7d34-861e-4afa-89d4-79597dc62e25
nurec_curated_train,clipgt-ee6908a0-4635-499b-b09a-a2528942b1f7
nurec_curated_train,clipgt-eec448a5-bb52-469d-b76b-3cbd5980533f
nurec_curated_train,clipgt-eedc28f2-efe3-4d6f-9445-9ba2cdaa56a0
nurec_curated_train,clipgt-ef1d76a9-a754-40f3-ae3c-8edb3cd112ef
nurec_curated_train,clipgt-ef27cccd-7bde-4961-906e-f273c05c647f
nurec_curated_train,clipgt-ef3e3ecb-ad46-4cef-a1ea-4e49a31ef36a
nurec_curated_train,clipgt-ef53b2ec-8645-42d0-9aba-a5dc51fd48c8
nurec_curated_train,clipgt-ef6dfba5-5284-488a-a43b-4f2e8a25c0b0
nurec_curated_train,clipgt-ef9b567b-cf85-44c7-8a5f-d4bc3daf8df7
nurec_curated_train,clipgt-efbc3404-cc6f-4af8-93c8-a9964f963bed
nurec_curated_train,clipgt-f00d080e-aa4f-4f21-9135-8837436091d0
nurec_curated_train,clipgt-f0132144-b084-471d-afa4-6e0efc7aeef4
nurec_curated_train,clipgt-f03877dd-a2a7-42af-adad-377a6d7b3e9f
nurec_curated_train,clipgt-f0674f19-6030-4e5c-9031-cd2528c35e06
nurec_curated_train,clipgt-f095ecaa-fd12-4448-b384-b11407bc5c4f
nurec_curated_train,clipgt-f0d30e68-17a9-4f76-9500-d3f514a5e94e
nurec_curated_train,clipgt-f0e5ae95-e4e7-4a47-aad0-37b136e23dd8
nurec_curated_train,clipgt-f109888b-1fff-48c7-b35c-c02307c58216
nurec_curated_train,clipgt-f127fab0-7644-4631-a65a-37926e55d55e
nurec_curated_train,clipgt-f128a0bb-1f4b-460e-8f62-6b387988a069
nurec_curated_train,clipgt-f13dc611-82d3-4973-9451-b3cbd1e4692a
nurec_curated_train,clipgt-f146fc3e-d484-441d-9c3b-b84790613794
nurec_curated_train,clipgt-f1964480-fef1-467a-96c1-99dedf008873
nurec_curated_train,clipgt-f1a1256f-93c1-4e6f-8664-9ddfcf9e5ba6
nurec_curated_train,clipgt-f1e39bf9-3be0-497a-8250-7b1412625728
nurec_curated_train,clipgt-f20af970-3a39-4b68-a33c-7abaa16d5589
nurec_curated_train,clipgt-f2379a9a-79be-4106-93e6-7e02a84ff04f
nurec_curated_train,clipgt-f23b6d15-f366-4e4f-b45e-dececd3184f1
nurec_curated_train,clipgt-f244c735-cb12-4190-8b68-64c90251d3f8
nurec_curated_train,clipgt-f2bba238-2d2f-4b2b-8243-3166c428f22d
nurec_curated_train,clipgt-f2d07c13-9120-46f9-915b-28b5563af2ba
nurec_curated_train,clipgt-f2e97ba1-c980-45cc-a358-39ba1d1381eb
nurec_curated_train,clipgt-f335b031-bbaf-42a1-bd5d-465081ec5f4b
nurec_curated_train,clipgt-f33ec7db-febd-4f0b-9924-3f9a26e6983d
nurec_curated_train,clipgt-f341c0aa-2fe1-4f20-a918-7ae2502e1e06
nurec_curated_train,clipgt-f38424ea-61ee-4fb8-9686-8163f246ba0e
nurec_curated_train,clipgt-f3a32cfb-473f-443b-99cc-74dce9acf342
nurec_curated_train,clipgt-f3cd10fa-4624-4932-b6da-3622ae3da2c7
nurec_curated_train,clipgt-f3e2580d-2319-410a-9ab9-e90f1a137f59
nurec_curated_train,clipgt-f3e3acc7-d8dc-424c-b88b-a06e96d709ca
nurec_curated_train,clipgt-f3f3b187-5602-4aa4-8027-c827d96d45bf
nurec_curated_train,clipgt-f3fd4dbd-5c4e-4774-8b41-ebb9b515e9cb
nurec_curated_train,clipgt-f41175b5-dc9f-4049-81f1-df33ed3d2501
nurec_curated_train,clipgt-f45e7779-718d-49ff-b59f-42c74a77b9a9
nurec_curated_train,clipgt-f4627599-88a9-462d-8ad6-10c9dd278e71
nurec_curated_train,clipgt-f4c583d8-3b7f-4d10-9e30-558cc80677ac
nurec_curated_train,clipgt-f4f7e865-9c03-465b-8233-d4eba8f39ff4
nurec_curated_train,clipgt-f5192992-715b-4d7a-ab6d-0a5b5f2c8d9a
nurec_curated_train,clipgt-f5288635-b1e5-4629-b38c-4e0e4e79f1c4
nurec_curated_train,clipgt-f55825ac-4cd3-4222-8fec-2da2aed646a0
nurec_curated_train,clipgt-f58c6fa3-a206-4d99-a8b8-1d924428761b
nurec_curated_train,clipgt-f5e30435-0c70-4a1b-9f18-184ef794a28d
nurec_curated_train,clipgt-f5e44ac9-000a-41db-b4ab-28d46330bcee
nurec_curated_train,clipgt-f5e4e873-4c83-427c-a2d2-3c5179b2bae5
nurec_curated_train,clipgt-f5f6d4ff-6a4b-49f0-a1fa-d5b6fb03bdff
nurec_curated_train,clipgt-f60f9d49-65b7-4fdf-b2b8-da49f28fabcd
nurec_curated_train,clipgt-f636ac7b-7984-4c83-820e-c315642d1bfb
nurec_curated_train,clipgt-f650ef79-8b72-4286-ac1b-6c4d2e825aaa
nurec_curated_train,clipgt-f6885ef2-a7aa-432e-bc35-f702c93afa01
nurec_curated_train,clipgt-f68b3f5c-2030-4a38-985d-c319da26845a
nurec_curated_train,clipgt-f69a9538-6694-48aa-952e-5b27b3f915fd
nurec_curated_train,clipgt-f6a1f6e2-1c72-402a-84b2-43e74edd3a48
nurec_curated_train,clipgt-f6de0321-2272-42ff-a50a-4edea5168565
nurec_curated_train,clipgt-f6e38e7b-64db-4381-bbf1-d8814db2bfe8
nurec_curated_train,clipgt-f7209243-2583-47a7-8035-245b04051979
nurec_curated_train,clipgt-f776e499-c8fb-45ca-8050-ac9e96f2fa44
nurec_curated_train,clipgt-f7bbceae-cc40-4fdb-9643-122c54f2c7b2
nurec_curated_train,clipgt-f7bf0ace-7baa-464a-8fc9-91e3c9c9c223
nurec_curated_train,clipgt-f7e71bb3-7aa5-486f-81e0-70b4ea8793ef
nurec_curated_train,clipgt-f803b3e3-2c70-43af-80e0-44fef67f207a
nurec_curated_train,clipgt-f81d7405-f198-463b-99bd-3ba907eeb35d
nurec_curated_train,clipgt-f886551d-1925-4db9-ad39-90595c51edea
nurec_curated_train,clipgt-f890fe10-a8f6-47fa-8884-cd6ee54a940a
nurec_curated_train,clipgt-f8becb46-598e-4a77-b8e4-f875ab02625a
nurec_curated_train,clipgt-f8d31373-64ef-45e8-b8d2-579102dd2791
nurec_curated_train,clipgt-f8d52c55-f9b1-41cc-9da3-9470380b5618
nurec_curated_train,clipgt-f8f93104-aad2-4fae-b8d0-73378e8e11f5
nurec_curated_train,clipgt-f922e4bc-7bf3-4c4d-a254-63fadb4fd2fe
nurec_curated_train,clipgt-f93db5db-442a-40f5-87fb-24f061a12c1f
nurec_curated_train,clipgt-f93f17da-7f31-43f2-8240-6a9ac245cb2e
nurec_curated_train,clipgt-f9b13f62-5c78-470a-beb2-3b2ce16f9864
nurec_curated_train,clipgt-f9b7dcc6-8ea2-4c5b-9bf2-738f4d4230d6
nurec_curated_train,clipgt-f9b8a142-8d3b-4f30-9b00-c484d23d28fb
nurec_curated_train,clipgt-f9c6d9eb-a008-4906-8726-a4b34cdd0b82
nurec_curated_train,clipgt-f9ec6a41-a2c9-43aa-98c7-9f43af02fca0
nurec_curated_train,clipgt-f9f72d96-fccb-44b5-8f56-d4fbf17f1473
nurec_curated_train,clipgt-fa035232-d2ea-4725-a4b1-89a5686371de
nurec_curated_train,clipgt-fa0379c6-d60e-48b7-b157-11bf5b63039d
nurec_curated_train,clipgt-fa1f799f-b2f3-48d7-a61b-e06c619a5514
nurec_curated_train,clipgt-fa507a17-91bc-47b0-adc3-3d203da57ad0
nurec_curated_train,clipgt-faa097ac-631a-43ef-935a-4fc8e21cdeb6
nurec_curated_train,clipgt-faa6cd0c-97f3-40fc-8fd5-e132f616f699
nurec_curated_train,clipgt-fab5bc4a-17f5-42ab-af79-47c2bed9769d
nurec_curated_train,clipgt-fabd5ce4-d54b-44f4-97ae-599822db7baa
nurec_curated_train,clipgt-fad0784a-8223-4c0a-959e-7c0241485f49
nurec_curated_train,clipgt-fad840eb-c6e8-4e96-a37c-f1061acb26d9
nurec_curated_train,clipgt-fadc118c-4ab4-4396-8e03-945fcaef54cf
nurec_curated_train,clipgt-fb36b704-9f73-43c2-b4ac-24c34d72a150
nurec_curated_train,clipgt-fb6d1a18-16cd-45f2-b80d-fa963ff59de3
nurec_curated_train,clipgt-fb90f9e6-a9ad-47f1-80b0-ff2c2defdb43
nurec_curated_train,clipgt-fb9d23ed-a844-46c0-97ef-4de29ab626bb
nurec_curated_train,clipgt-fba5d7c7-102d-4e9d-84eb-f6e7a53b37eb
nurec_curated_train,clipgt-fbf1acd4-66a2-4584-9c05-685941b5a6bf
nurec_curated_train,clipgt-fc41d9e9-321d-4835-9ec0-776ff74ca61e
nurec_curated_train,clipgt-fc89c237-ee5e-40bd-be20-dcecb4ca97ae
nurec_curated_train,clipgt-fd0a220e-624d-4b8b-aa0a-4fd563b622b3
nurec_curated_train,clipgt-fd1b8b64-a994-47c1-b739-5b5840ad4729
nurec_curated_train,clipgt-fd22bde9-45fd-4d59-a9bc-a482022e0545
nurec_curated_train,clipgt-fd3a49fa-8d3a-4c67-b34f-9828c5d3df87
nurec_curated_train,clipgt-fdc8aa11-35f3-41e3-863d-1faa9860f049
nurec_curated_train,clipgt-fdd7a05d-3314-4663-95f7-90fd6b01ecf4
nurec_curated_train,clipgt-fdf09f96-1b3f-4b10-b4b5-459fe6ad2a95
nurec_curated_train,clipgt-fe0c2168-7da0-46b7-b29f-efb80b0a41dd
nurec_curated_train,clipgt-fe240bc3-c958-4c6e-9a88-8b2ff87ce2e1
nurec_curated_train,clipgt-fe2979f4-db32-4a82-9ea0-865103216ac4
nurec_curated_train,clipgt-fe313a2d-fb9e-4c0a-8efe-31f84f25f747
nurec_curated_train,clipgt-fe6c404c-cca9-46f1-a662-8091b3389a67
nurec_curated_train,clipgt-fea4c0bf-4020-415e-ab89-6b0b24f9add9
nurec_curated_train,clipgt-fece9f19-fd68-41f6-b406-edd22d4aa15c
nurec_curated_train,clipgt-ff255f49-5b9c-47d8-a55f-d9eed1f55d3f
nurec_curated_train,clipgt-ff25b4c3-7d96-4288-a13f-f2d34fcb0efe
nurec_curated_train,clipgt-ff28f961-dd5a-4dba-8fb4-711b510b535c
nurec_curated_train,clipgt-ff369d2c-939d-45f2-9644-8be3af66b08b
nurec_curated_train,clipgt-ff3ded58-8259-40e8-879b-e1c01db2f536
nurec_curated_train,clipgt-ff587666-677a-436c-8a8f-b8ce169dcb30
nurec_curated_train,clipgt-ff7cefb0-17ee-4cb1-b4a0-49672c8b8504
nurec_curated_train,clipgt-ff823af7-8c65-4672-aabc-a986cb4bbfdf
nurec_curated_train,clipgt-ffb26632-8c84-433e-bde2-9caf285d8090
nurec_curated_train,clipgt-ffbc3d2b-00fc-4a53-8e6f-ea0cea4adbe6
nurec_curated_train,clipgt-ffd5706c-d61d-4b72-bbc8-5e078207cd64
nurec_curated_train,clipgt-fff9984b-ef2c-4348-997b-54029aadbd0b
nurec_curated_val,clipgt-000525f6-3999-4812-9924-8adff40ca514
nurec_curated_val,clipgt-0026708c-a386-4dd2-82b1-286da952c68f
nurec_curated_val,clipgt-0026d903-764d-4bd0-96f5-7a6a3a6838e4
nurec_curated_val,clipgt-009c69f0-6e5d-4716-b623-fb45f378fae4
nurec_curated_val,clipgt-00fabf60-8aa0-48b3-b7c8-eb3d7e8df1e3
nurec_curated_val,clipgt-032b6f21-6799-4ad8-8712-0405f087ac4a
nurec_curated_val,clipgt-04749bb9-9b37-495b-bed0-77f0e33ac7da
nurec_curated_val,clipgt-054b5901-fdcb-4146-b125-eb2bb333cf02
nurec_curated_val,clipgt-05855d57-2dbf-4ca7-a04d-94feb64a6e11
nurec_curated_val,clipgt-05f35348-9de0-4f68-ac65-f31316dbb59e
nurec_curated_val,clipgt-06b3e399-a820-49ef-9e69-134cfdb7652a
nurec_curated_val,clipgt-071d15c4-a179-4311-b724-f7de1d45ab65
nurec_curated_val,clipgt-074e5ee3-d209-438e-8de4-40032539c331
nurec_curated_val,clipgt-0786d456-c40d-4f71-ac75-46dd8d0886d2
nurec_curated_val,clipgt-0810968d-325e-4478-8d07-cb874aadfc75
nurec_curated_val,clipgt-09528162-2142-4082-a31b-decf787c8ada
nurec_curated_val,clipgt-095cf563-c5d6-4f4f-9e98-7f179e733560
nurec_curated_val,clipgt-098e2482-6db2-473b-b08a-2a80be9320f3
nurec_curated_val,clipgt-0a228e44-2e22-40fa-a4da-9dcded392963
nurec_curated_val,clipgt-0b54c8d4-8119-431e-9ae8-5c70f5e64716
nurec_curated_val,clipgt-0b72d117-bf5c-4999-b625-09f4d8e51911
nurec_curated_val,clipgt-0bd5202f-5f7c-4748-b78d-20d1f921b4db
nurec_curated_val,clipgt-0caa8f1a-3c23-4520-98b2-28be9697fbf4
nurec_curated_val,clipgt-0cc7fa67-c767-443b-97b7-29539591dbaa
nurec_curated_val,clipgt-0d10d2e3-29ef-40cb-b612-94021d98245c
nurec_curated_val,clipgt-0d79a6a0-4aa7-4eb1-aea1-31fd55bd71d7
nurec_curated_val,clipgt-0e05cb0c-9cfc-4e81-b801-0216fde5cd20
nurec_curated_val,clipgt-0e3771c0-04ed-4002-bce1-993fa746c8f3
nurec_curated_val,clipgt-0ee89cab-e4a5-4010-b6e7-dd3cfd1f73f2
nurec_curated_val,clipgt-0f4b8753-22c6-4440-814d-8cb6d641ffd0
nurec_curated_val,clipgt-0fd06bc3-1899-4b45-9278-c5c018b3968d
nurec_curated_val,clipgt-0feb3afa-28c0-4a48-b74c-636676892966
nurec_curated_val,clipgt-1089758a-8d07-48f8-9e9d-49f9a6bd18bd
nurec_curated_val,clipgt-127c4f85-a5db-4920-9813-7970dcd6ebdb
nurec_curated_val,clipgt-1316f5fa-9b99-4979-90eb-1a8d56b32a73
nurec_curated_val,clipgt-132ae6cb-1e58-42aa-8bf3-4381eb958e43
nurec_curated_val,clipgt-13d646af-4ff3-48e4-9a88-012a58eb6cd6
nurec_curated_val,clipgt-13fb89b9-2196-4545-abb4-c3029d89fcbe
nurec_curated_val,clipgt-145bf9cc-0547-4e74-9903-2b6bac686245
nurec_curated_val,clipgt-1594e89e-5d0a-48d6-8d2b-5a5c287d451c
nurec_curated_val,clipgt-15fd88d6-af76-41ea-9a63-b7c49b39ff11
nurec_curated_val,clipgt-16300901-6733-4d2e-addd-456cc090153b
nurec_curated_val,clipgt-17ad7fea-5672-4a12-8578-a3b3993b1027
nurec_curated_val,clipgt-17ca33eb-7b09-4f93-93b3-9583ab693228
nurec_curated_val,clipgt-195b19d3-30a4-4449-990e-43932e3597c5
nurec_curated_val,clipgt-1a050ead-6fcd-4676-ac5a-2355300a909c
nurec_curated_val,clipgt-1a5da90a-b970-412c-b97a-a1111119b456
nurec_curated_val,clipgt-1a69f757-4f33-4fd7-98a6-3a026c88b571
nurec_curated_val,clipgt-1a7b81b8-9bca-4385-a591-64f74eb59db2
nurec_curated_val,clipgt-1bfad87c-4f52-4353-9f42-763a6ab8fbf5
nurec_curated_val,clipgt-1c0c89e4-807f-4a5e-ac16-c52ef00dd313
nurec_curated_val,clipgt-1c7e2423-77d7-40b6-bf26-f36fb8ebcf52
nurec_curated_val,clipgt-1d68b79f-8459-456f-856d-316ec5572242
nurec_curated_val,clipgt-1d6e30bc-00d2-4c1f-b7e5-647719481dfc
nurec_curated_val,clipgt-1d879259-ba18-435b-8fc5-0234be52364e
nurec_curated_val,clipgt-1deba1be-55e2-4f85-8669-d7e4703c6a29
nurec_curated_val,clipgt-1e0f1cb2-0c16-4f65-b7f4-3858337ca7da
nurec_curated_val,clipgt-1e31b2ad-e61b-42b9-8c13-d40630d50172
nurec_curated_val,clipgt-1e884c53-d49b-4410-aeb4-65f5da23cf53
nurec_curated_val,clipgt-1e8e939e-932b-4511-a231-0282942cb4ca
nurec_curated_val,clipgt-1fcacc17-2f22-437e-84f3-a8451431f39b
nurec_curated_val,clipgt-200c6367-6372-437d-949b-620851624628
nurec_curated_val,clipgt-213dfdac-3596-472d-8dc9-aaef6d0a7b92
nurec_curated_val,clipgt-21626256-03c1-4b4a-857e-09b20eb8f636
nurec_curated_val,clipgt-21829be5-61af-4627-8758-7170324a3236
nurec_curated_val,clipgt-229791a5-ecf5-45ea-94af-dcc1cec726ef
nurec_curated_val,clipgt-22fa5c92-6e6f-4f4e-bbfa-9a1490f9cd38
nurec_curated_val,clipgt-232d240e-5ccb-41ce-9954-97c336fa45af
nurec_curated_val,clipgt-23666aa2-ecb8-4c76-9524-fd3b0c615db0
nurec_curated_val,clipgt-24535266-2711-4c57-a98d-bfc024a98782
nurec_curated_val,clipgt-2466266e-73bd-4eb4-b881-4e56ab62e0a7
nurec_curated_val,clipgt-24a50fcc-08c6-493e-b1a6-70c7e95688dd
nurec_curated_val,clipgt-26004ca8-cf2f-4f1e-b7aa-07761e139d7e
nurec_curated_val,clipgt-268949d2-3e20-4972-8785-c15e4fcb5fde
nurec_curated_val,clipgt-27e14d22-f753-4b42-88ee-70d886622908
nurec_curated_val,clipgt-2837a7e8-cccd-4e78-9b3c-2f7582592fa2
nurec_curated_val,clipgt-28621273-20ed-4570-98d1-cd0dcf451fc1
nurec_curated_val,clipgt-288829f8-8808-46dc-a7e0-29ed1f7fddbc
nurec_curated_val,clipgt-2a0efada-f32d-4757-9901-88fb8bfb501e
nurec_curated_val,clipgt-2a47ea01-3cd8-4282-b834-76430b013c4c
nurec_curated_val,clipgt-2a882d89-eadc-42a4-a15c-5977361845f6
nurec_curated_val,clipgt-2b4b2e84-cff4-4697-a4b5-ccb706f69438
nurec_curated_val,clipgt-2b577fc2-dbfb-4d08-8093-6c48a3d372f9
nurec_curated_val,clipgt-2b9447b3-24ec-4d03-94c2-87e5901c0ec5
nurec_curated_val,clipgt-2bbf1efc-55e9-4d87-bf74-0740353e8268
nurec_curated_val,clipgt-2c0ef536-8175-462d-8268-cbaa62ec6f99
nurec_curated_val,clipgt-2c263e19-6fd3-4e33-a76a-308bf4f7641f
nurec_curated_val,clipgt-2c84ac16-0b90-4416-b7c2-553b2f331b7f
nurec_curated_val,clipgt-2d023524-451d-4dff-89aa-0ec40f42e456
nurec_curated_val,clipgt-2d10a08d-2f60-49fe-94e8-9d2797a289d2
nurec_curated_val,clipgt-2d2673a0-cc80-4ba5-ae72-0588836ed07e
nurec_curated_val,clipgt-2e76251a-fb78-44a3-9501-bdf5d7447a3b
nurec_curated_val,clipgt-2eaf1872-7780-43df-bdf1-9f48975e6436
nurec_curated_val,clipgt-2f227f2c-95e9-4098-a9b1-01d64c697226
nurec_curated_val,clipgt-2fb5b2b5-a3cc-43ad-b0ac-995dc7c1cd22
nurec_curated_val,clipgt-2fe500f7-de7e-4291-83b0-4db00357016f
nurec_curated_val,clipgt-2ffb6b0f-5239-46a4-ab30-6d2906f22f65
nurec_curated_val,clipgt-300465f7-0025-4f39-ac20-9f0eaa36ea68
nurec_curated_val,clipgt-302c5c99-2762-4f5d-950e-1122f3e7c20a
nurec_curated_val,clipgt-3057d8e3-04f2-4c81-97a0-ee7fd5c7ed0d
nurec_curated_val,clipgt-3232fdb7-2b72-4e25-8726-4d9b28281e1e
nurec_curated_val,clipgt-3294623f-68ef-44aa-a233-49d8fc8e80a9
nurec_curated_val,clipgt-32be03e4-a072-4da5-b597-114cffa52af8
nurec_curated_val,clipgt-32e61f41-164d-4eb9-ae60-4ed04edf6f61
nurec_curated_val,clipgt-339deecd-ef83-4e22-8bc9-2b6cf2a5f9b4
nurec_curated_val,clipgt-33c8976b-fbd4-4e92-adcd-e69949d69b14
nurec_curated_val,clipgt-355045f7-e540-4690-bce8-4f4a8d0a87ee
nurec_curated_val,clipgt-35e082a4-8543-4fce-ac06-006b2da0f144
nurec_curated_val,clipgt-36a2ab7f-ef6d-48c3-8975-1250e2524a02
nurec_curated_val,clipgt-37d660b1-8abc-4a24-8778-94ca50a268c2
nurec_curated_val,clipgt-382a7247-1cfa-44ec-90aa-509d9d585b78
nurec_curated_val,clipgt-38d78b19-03c5-4918-b21b-e1abc4547896
nurec_curated_val,clipgt-395b7b6c-4e8e-4b99-b268-87113fec9b2a
nurec_curated_val,clipgt-39973d65-0c1a-4401-91a0-f0c389e15688
nurec_curated_val,clipgt-3a48e906-2733-4fc9-b687-6b2ed33defec
nurec_curated_val,clipgt-3a9824bc-0e4e-491d-b848-81babda68457
nurec_curated_val,clipgt-3c2822d9-d103-46b9-b18a-8d30ea8e056b
nurec_curated_val,clipgt-3ce13eed-f97b-4c37-8716-a590569fab77
nurec_curated_val,clipgt-3d1d39e6-7845-482e-8f96-8c8ac23bda45
nurec_curated_val,clipgt-3fa5e06b-22df-4c1c-9ed2-4ba3ab06e7d4
nurec_curated_val,clipgt-3fe2bac8-5502-4626-a8cc-b52d644c7da5
nurec_curated_val,clipgt-3ffad395-dabb-484e-aefa-ab29f411d12c
nurec_curated_val,clipgt-403d558a-788a-4c46-a525-d8faabc9c417
nurec_curated_val,clipgt-404541da-5297-4c32-b0af-21740de150b0
nurec_curated_val,clipgt-404cc92f-193e-4948-b600-77ddc425dcf0
nurec_curated_val,clipgt-41424eff-22b8-4b7d-8cc9-3197c3dc2825
nurec_curated_val,clipgt-415e950b-f30b-4686-9b29-66846c8ad043
nurec_curated_val,clipgt-4176f31d-dfb3-4af2-93f3-2ac1e41092cf
nurec_curated_val,clipgt-422c7297-849e-4d02-9ee7-c696f42d4b82
nurec_curated_val,clipgt-444fca69-1f4c-47d2-8a21-ae6c11250b18
nurec_curated_val,clipgt-44df49fe-0729-4c30-98d0-5a40f43b7b09
nurec_curated_val,clipgt-44fdaa0f-373d-439c-bcbb-4d748bcb5bda
nurec_curated_val,clipgt-450d5c8d-ed6b-419e-a995-6e707a6fd83b
nurec_curated_val,clipgt-4530d50a-8c39-4929-b55d-ea657d5e863d
nurec_curated_val,clipgt-46d68e21-a7f2-45e8-9b2d-147bee3a058b
nurec_curated_val,clipgt-4726de45-34cc-465a-8167-281c37faecbf
nurec_curated_val,clipgt-478d6ec4-f02b-4c82-97af-ddc0fbe5027f
nurec_curated_val,clipgt-47db2eb6-a299-4469-a3ca-e5539e8763a0
nurec_curated_val,clipgt-48a3f74a-4474-4810-8f89-f7eb58b3dfc9
nurec_curated_val,clipgt-49513907-cf1c-4e07-9f92-36ba0c1561b7
nurec_curated_val,clipgt-49597f01-1461-4084-9447-95741690d9d8
nurec_curated_val,clipgt-49bcab6f-d6a9-48de-a7c3-47f91059fc66
nurec_curated_val,clipgt-4a863a41-f6b3-4323-9a54-848d8c3d15a9
nurec_curated_val,clipgt-4b5a7c8b-40d7-4fd4-bc6e-b22b5f7ace44
nurec_curated_val,clipgt-4cb05d65-b2b9-48fc-8f14-d0507d6cda9e
nurec_curated_val,clipgt-4cb7f7ac-edf4-4857-b841-2d0f46eb43f7
nurec_curated_val,clipgt-4d659a21-e7dc-44df-82d8-6f3c87ade1f3
nurec_curated_val,clipgt-4e454838-a16b-4f7a-929f-b6e047dd8170
nurec_curated_val,clipgt-4e4a2a51-db91-43d1-90b4-d9cd7aeba6e8
nurec_curated_val,clipgt-4e8c8f9e-f530-49d1-ba11-d05c96acba1d
nurec_curated_val,clipgt-4ec84bcf-76d9-41bb-93e2-ffa5147f94c0
nurec_curated_val,clipgt-4ecc114d-4c76-49bb-874c-601561d738bb
nurec_curated_val,clipgt-4f779a92-af3f-4951-a09e-18fa15cbbf97
nurec_curated_val,clipgt-4f7cb072-89c6-40f5-b6a5-d8c775784c2a
nurec_curated_val,clipgt-51242b4d-d47f-495e-943e-569541f15fb9
nurec_curated_val,clipgt-51400458-f276-4c16-902f-484bbf8a05a6
nurec_curated_val,clipgt-51aee21d-dbab-40e8-8238-9b641a89244b
nurec_curated_val,clipgt-51e7f59e-a539-4c67-9c10-6c236b72487f
nurec_curated_val,clipgt-52003cee-c163-41b2-9bc7-7bf4cc46d505
nurec_curated_val,clipgt-524089d2-9ef6-4529-a3e3-6bdcda7ed3c6
nurec_curated_val,clipgt-5266c7c9-e038-4555-b0b1-407521a5ec51
nurec_curated_val,clipgt-52bd89ce-db30-4525-9fa1-b0c0dd72f5f4
nurec_curated_val,clipgt-559d4ad6-aed7-4065-b25c-cff64aba28c0
nurec_curated_val,clipgt-55b7be99-88a0-41b7-b46b-e96509c2d38c
nurec_curated_val,clipgt-56bf7a4b-7618-4ef0-b666-e8d59bbbf798
nurec_curated_val,clipgt-577a5904-27d0-4545-8f01-ab589cc197b6
nurec_curated_val,clipgt-58814d76-1ced-4a15-9fdd-151111a76535
nurec_curated_val,clipgt-593ebf97-e555-4571-bb85-49ba33432b97
nurec_curated_val,clipgt-596af0c7-c33f-4160-84d9-5ab525e9675e
nurec_curated_val,clipgt-599c94eb-1fa0-4abd-bd5a-2cb2910fc39a
nurec_curated_val,clipgt-59e085d7-9047-4300-8228-33a618db27f1
nurec_curated_val,clipgt-5a38c811-1e28-4a67-9239-54ba2b695950
nurec_curated_val,clipgt-5ab1d9cb-778a-46d5-b89f-720b6f185457
nurec_curated_val,clipgt-5b5f9d86-b5c3-4612-bdc5-c1d877e0ae20
nurec_curated_val,clipgt-5c4a277a-dfc2-46de-828a-e80eb658f68e
nurec_curated_val,clipgt-5cdc4c2f-7c2e-45bf-9800-da290dec829e
nurec_curated_val,clipgt-5d794411-c055-43a0-8f33-0118cbb902e5
nurec_curated_val,clipgt-5ddb96bd-7221-4107-8987-29b9928c58c7
nurec_curated_val,clipgt-5e7775f9-b58f-425a-b8fb-31c41317c991
nurec_curated_val,clipgt-5fcb2ba7-6a4b-4ce1-887b-8eafa677b4f0
nurec_curated_val,clipgt-601c88bb-a638-4b9a-9274-0020e5d92dd4
nurec_curated_val,clipgt-6027da62-8d21-4895-a583-1de455ea9803
nurec_curated_val,clipgt-605bf77a-3998-4f01-aabb-0a3c7f5eaaed
nurec_curated_val,clipgt-60cc35db-1c6f-4aef-b86f-ffca69fbc3cb
nurec_curated_val,clipgt-61e73e86-05de-43af-b992-1fec947ee626
nurec_curated_val,clipgt-61ef954c-3162-48c0-a5b8-e2b1ff479358
nurec_curated_val,clipgt-623d5516-5e45-44f8-9a49-841f5cbc2117
nurec_curated_val,clipgt-6250146a-7f9f-4508-851e-e25b7d9dc36a
nurec_curated_val,clipgt-62cfe9d3-df92-4395-9faf-897ee20ef839
nurec_curated_val,clipgt-630a2f71-b5de-4661-be26-9592bbe8f727
nurec_curated_val,clipgt-637fd51a-7f9f-4f13-bc3c-1fd1540c4a50
nurec_curated_val,clipgt-6532f25e-2e8e-47ca-b627-631bb466847e
nurec_curated_val,clipgt-65907a2b-e934-4920-9580-c8f14fee5164
nurec_curated_val,clipgt-6601fe71-5a78-4881-ba7e-eee44cdf65d2
nurec_curated_val,clipgt-66b15fbe-cae1-4e82-a592-2ea55b56dd93
nurec_curated_val,clipgt-68c3be44-7f95-46ce-ab72-ee05aeb986bc
nurec_curated_val,clipgt-68e53160-f9d1-4070-9434-bf50c55652d3
nurec_curated_val,clipgt-69fc21e8-6faf-487b-806f-1d24654805ce
nurec_curated_val,clipgt-6ab146ad-75c6-4cd2-b7ac-4a306dcb01f5
nurec_curated_val,clipgt-6ae687bb-da85-487a-a76d-5e1e06e783fd
nurec_curated_val,clipgt-6b986b30-0b06-4747-a29a-811a7a067cd2
nurec_curated_val,clipgt-6d7fa4c3-3b8b-471b-a816-38ee281aee5e
nurec_curated_val,clipgt-6d8226d4-3e08-4754-871a-fcc4c6f1c11b
nurec_curated_val,clipgt-6dd0b533-cb90-43c4-838e-518e84487751
nurec_curated_val,clipgt-6e6cbe67-bccd-4d4d-9943-933a272b7bf0
nurec_curated_val,clipgt-6e7b42a3-285c-4252-bcdc-a453ef64a231
nurec_curated_val,clipgt-6ea7f154-7b37-4d23-bae7-3023bddf33d8
nurec_curated_val,clipgt-6ee9ee78-cb61-4a1c-a45f-2d808f311c7f
nurec_curated_val,clipgt-6f3be572-0c6a-407c-b9fa-136cce998e3c
nurec_curated_val,clipgt-6fb661c5-8780-401d-9798-745ad08a66f5
nurec_curated_val,clipgt-6fd8cf30-6ccf-4dad-9dee-14df4a9ba97a
nurec_curated_val,clipgt-71ea5d51-b936-4cd6-bb3a-e7f528927ca0
nurec_curated_val,clipgt-7381c9fa-1857-430f-aee9-22c59685656e
nurec_curated_val,clipgt-75c23f07-026b-4382-9b39-6e806bb16730
nurec_curated_val,clipgt-76f7e025-e86a-47d9-ba21-f5aa5834322c
nurec_curated_val,clipgt-7750265d-c41f-42a3-8b49-ee128b71fa55
nurec_curated_val,clipgt-77fdd75c-f770-415e-80cc-1ba9c52c4004
nurec_curated_val,clipgt-7807500f-4a25-4262-8aec-07f764cc004a
nurec_curated_val,clipgt-780ece49-d8cd-421c-93e4-b2bce57d27a0
nurec_curated_val,clipgt-788c4ad9-54b1-45fe-9b41-9e7dff82b0cd
nurec_curated_val,clipgt-7a824ffa-5404-478b-8f20-667d342cbc69
nurec_curated_val,clipgt-7b403b05-e309-4dfd-b1be-4fa98fb3c3fa
nurec_curated_val,clipgt-7b5c9fd6-3bbb-4843-b9bd-5429ea0c2c39
nurec_curated_val,clipgt-7c346fd5-4223-40da-8785-c49fe69f06a1
nurec_curated_val,clipgt-7c6529f6-c6cf-465d-affe-b2bb30f3716d
nurec_curated_val,clipgt-7cfa81de-ec20-4f9e-add1-b1165fb9de99
nurec_curated_val,clipgt-7d16a9a9-e4c6-4cc1-be75-507c64b0bb90
nurec_curated_val,clipgt-7d994ed3-d15f-4c0d-a0ff-fd36ba005726
nurec_curated_val,clipgt-7dc59d0d-7582-48b2-a6f9-2d7288b2c556
nurec_curated_val,clipgt-8120803d-0cca-49c5-afc7-c87529d87ce7
nurec_curated_val,clipgt-81cbd9fd-6f78-486f-8408-8b64478e2932
nurec_curated_val,clipgt-81dc4ece-fa69-40dc-bffc-1f8606e8b3a2
nurec_curated_val,clipgt-82f505c9-6a41-4984-b72e-1d71254c4bd9
nurec_curated_val,clipgt-8457182d-fe0e-48bb-9411-6638b358ee92
nurec_curated_val,clipgt-875e79d9-194f-478a-a4ec-e130649bde17
nurec_curated_val,clipgt-87a3b6d4-fd0f-487f-b409-f8ef2fe53681
nurec_curated_val,clipgt-88bbf0c9-9ba5-45b4-bc15-9dca85ca84b9
nurec_curated_val,clipgt-8913f537-ed6d-441f-a4d0-31a16759d433
nurec_curated_val,clipgt-8a143cb2-4805-452c-97a2-8461062def2d
nurec_curated_val,clipgt-8a365ac2-e5d5-4fd6-903d-497b2225151c
nurec_curated_val,clipgt-8a812020-cb7b-4189-8664-021a23b4d190
nurec_curated_val,clipgt-8b25a6ac-50af-4b55-a856-7f899ea35e26
nurec_curated_val,clipgt-8e62a884-5667-4cd0-961e-7220d88159ec
nurec_curated_val,clipgt-8e9691d4-0a0b-44bd-88c9-316ef126b10a
nurec_curated_val,clipgt-8ecf02e3-860b-4ad1-ab9a-8ce031d73c6f
nurec_curated_val,clipgt-8f3902f9-864d-4acb-9907-9a6da8b242df
nurec_curated_val,clipgt-8f9634bb-b35a-4743-be67-9c16ddfa4d48
nurec_curated_val,clipgt-8f9ca4ab-5534-4c9c-8a6b-aa8f745bc7af
nurec_curated_val,clipgt-901c2cff-f4a4-4f21-8ba2-f2f357be7bb8
nurec_curated_val,clipgt-903731dd-809b-4bae-9ebd-a53e5d49dbbd
nurec_curated_val,clipgt-909a2801-9af4-4c49-b33a-1329ae268a29
nurec_curated_val,clipgt-90ab8c24-2d85-4e52-8a57-3554c418cef2
nurec_curated_val,clipgt-90abccf6-0566-46a4-981e-f2a7005e3b67
nurec_curated_val,clipgt-91d84204-d511-464e-b986-6cab844794cc
nurec_curated_val,clipgt-91f9b960-2988-4daf-ab6c-d43e6730a81e
nurec_curated_val,clipgt-92163671-81b0-466b-8e85-5c931f8d78e3
nurec_curated_val,clipgt-92af888e-acdd-45e9-b8bb-06406f232300
nurec_curated_val,clipgt-94877a4a-cbf1-4353-ae4a-f4453def52cc
nurec_curated_val,clipgt-94c1d722-1fce-46b4-9aa9-c78389fae1ac
nurec_curated_val,clipgt-96cc7239-9216-4579-aa86-40f9f36280ea
nurec_curated_val,clipgt-96da4f1a-2057-4263-94e9-9e5112c89737
nurec_curated_val,clipgt-96eb4700-3f26-4629-86df-7e736935f51d
nurec_curated_val,clipgt-9827beca-da31-4711-bc94-9a807091c0b9
nurec_curated_val,clipgt-984b2242-ddb6-4c71-b98a-8cc87972d974
nurec_curated_val,clipgt-98694f91-f6a4-44f3-aa7c-3095c91e4a78
nurec_curated_val,clipgt-98f88a4e-6b92-4f69-9ef8-58641f5c9e1f
nurec_curated_val,clipgt-9b21431c-c5e1-47db-ac43-be07c952ae31
nurec_curated_val,clipgt-9b4cdc78-ec1f-4dc9-9dc4-0ca16abe3bf0
nurec_curated_val,clipgt-9b6c68b4-1f13-46ec-a2cd-5023a8e9341d
nurec_curated_val,clipgt-9d735456-670a-4837-b733-d80f1cd576d8
nurec_curated_val,clipgt-9d9052bd-2579-477a-89ba-822a1438905d
nurec_curated_val,clipgt-9d9e7f39-0435-41ad-bd7e-6a672119183c
nurec_curated_val,clipgt-9e3fd12d-e7af-41f5-881f-0f85ef927f23
nurec_curated_val,clipgt-9ea70552-6dcb-4ee8-a368-9a906a333f6e
nurec_curated_val,clipgt-9f393c8a-4e24-4b04-b98a-099a28bde89a
nurec_curated_val,clipgt-9f8acd00-e8f5-467a-867d-b205f8d4d75d
nurec_curated_val,clipgt-9fa1d6eb-7e0f-417f-8fa6-7dd38b28b8f9
nurec_curated_val,clipgt-a0c831e6-5275-4a8a-bd67-9e0d59de52e8
nurec_curated_val,clipgt-a100665e-9a77-4778-99df-19f6af19a196
nurec_curated_val,clipgt-a174faed-c8e1-4b48-b85e-fecdff7ccca9
nurec_curated_val,clipgt-a1b166cc-b0a6-491b-98eb-2880a57e8677
nurec_curated_val,clipgt-a1f07c94-7556-4041-9d0c-da629a219ebd
nurec_curated_val,clipgt-a28b6685-a2c7-4c9a-a257-3d992516a2f7
nurec_curated_val,clipgt-a2b415d5-2d72-4cc2-a77d-868248d0ba22
nurec_curated_val,clipgt-a2c5ae46-0d99-4b7f-b1f2-e7443fd457e2
nurec_curated_val,clipgt-a309e228-26e1-423e-a44c-cb00aa7378cb
nurec_curated_val,clipgt-a45776a3-df71-4dc5-accb-8f06135329bb
nurec_curated_val,clipgt-a4be61d6-099b-4380-8c32-ad176781b288
nurec_curated_val,clipgt-a4d2f7cf-b7cd-4494-8d79-58ad90f1c66d
nurec_curated_val,clipgt-a5599793-5d03-4104-ad6e-1925cefded72
nurec_curated_val,clipgt-a64b1333-89c8-4eea-bf9a-890703edf9c1
nurec_curated_val,clipgt-a686c7d0-8de6-47dc-90e6-be4c918a4e76
nurec_curated_val,clipgt-a68ad579-8a04-45b9-89f9-89ec3c1893bb
nurec_curated_val,clipgt-a6941bb6-6c7f-4842-8134-ac84bd95fe44
nurec_curated_val,clipgt-a6ce300f-2b02-4e0b-b51c-5f2fa6eb7ab5
nurec_curated_val,clipgt-a784414a-5989-4a5a-9a4f-74ad9327b934
nurec_curated_val,clipgt-a817c74a-2ac3-4066-b12f-56dd35ee3214
nurec_curated_val,clipgt-a8e78edb-9a04-471e-8a66-cb3360707535
nurec_curated_val,clipgt-a95fd3b2-ae3e-4c4a-8e24-f543bb0e3db0
nurec_curated_val,clipgt-a99edad2-4ee8-44c5-9acc-509359bfcb0f
nurec_curated_val,clipgt-a9c7f2c7-b1b6-4aa5-85b8-5daf04b6e94a
nurec_curated_val,clipgt-abd45a30-146a-40c0-9f78-9ce697ac3ade
nurec_curated_val,clipgt-ac030b40-1701-4d26-b7ea-5017162e2758
nurec_curated_val,clipgt-ad69dd31-6d89-4869-90a9-3a4da4b35843
nurec_curated_val,clipgt-ad9a833a-0b9c-4bfd-b15b-6c6102a9de41
nurec_curated_val,clipgt-ada590cf-e6eb-4d6b-bed7-ecbc1f5ad9cd
nurec_curated_val,clipgt-af85ffdb-3abd-40e0-be45-f7b5b8d5d0d3
nurec_curated_val,clipgt-afa37955-fae8-4741-bb91-649ca9e3eb5d
nurec_curated_val,clipgt-afcb2149-4598-4d79-bd7e-62b8be932173
nurec_curated_val,clipgt-b0ca8b13-0362-45e7-a1d1-f40d22f3340c
nurec_curated_val,clipgt-b0fa4732-6057-4e68-bb92-1f346bb5143b
nurec_curated_val,clipgt-b1d93f58-d8dd-4a84-959c-aaea3aa0701b
nurec_curated_val,clipgt-b2591a17-9951-49f6-9ae9-c0addeb3acb1
nurec_curated_val,clipgt-b27b3375-5028-44bc-bec7-64785793734a
nurec_curated_val,clipgt-b40f4729-29c4-4846-a04b-72c78832a062
nurec_curated_val,clipgt-b44a4a44-0d00-4795-8a66-7acb0fdf46a2
nurec_curated_val,clipgt-b45734f4-01d2-48f7-9296-2ae79a7a89b9
nurec_curated_val,clipgt-b4a3c975-340a-4a0d-9d28-d96b4bc7dc23
nurec_curated_val,clipgt-b5f5259f-03a9-4853-a0cc-884d74722657
nurec_curated_val,clipgt-b65e55e9-f3d5-4445-bdbd-325b07a5c493
nurec_curated_val,clipgt-b661da67-eb54-47d7-8d7b-1d1f8ca1f1e0
nurec_curated_val,clipgt-b680a689-9afe-4d66-accd-41fa7c0fb633
nurec_curated_val,clipgt-b727530b-d0d4-4ad0-885c-15d14d3a871e
nurec_curated_val,clipgt-b867a504-9dce-4666-9405-62aec7fcfb09
nurec_curated_val,clipgt-b88aa3d5-aab8-43d6-82f4-f2334d57be18
nurec_curated_val,clipgt-b988494a-2a9a-4791-8613-679c8e506007
nurec_curated_val,clipgt-ba40be62-0903-41ec-8d2f-040c79c149bd
nurec_curated_val,clipgt-ba62e10d-7d77-4707-96a6-207e6f6aaecc
nurec_curated_val,clipgt-baabc57d-5255-43f9-a0b8-74490fb77494
nurec_curated_val,clipgt-bb9b4a37-608e-4c65-b0ab-c61725f3c24c
nurec_curated_val,clipgt-bbc1699d-be16-42e4-9723-14a45c9c5f59
nurec_curated_val,clipgt-bbc53aa8-7009-4139-b7c9-38d71ecfac7f
nurec_curated_val,clipgt-bc309fd6-f660-43eb-84aa-c514bffa305e
nurec_curated_val,clipgt-bd0d494f-fd3c-4d53-a4b2-7e7f3519b3f9
nurec_curated_val,clipgt-bd97de34-6f59-455a-93c5-9f469f243b4a
nurec_curated_val,clipgt-be0d3628-098d-4ac7-a52c-36b71c50e293
nurec_curated_val,clipgt-bf1847a9-3112-4ff8-a4dc-8613ad8b2a5b
nurec_curated_val,clipgt-bf56fd00-f06d-4af9-903a-2cf8d0e0589d
nurec_curated_val,clipgt-c028c8ce-ea7d-40d4-bce6-dce704f3b232
nurec_curated_val,clipgt-c0c88642-b952-47a4-957c-c6ed4d66b2d9
nurec_curated_val,clipgt-c14c031a-8c17-4d08-aa4d-23c020a6871e
nurec_curated_val,clipgt-c16477bc-54aa-4c57-ac87-3104a05d284e
nurec_curated_val,clipgt-c4100c5d-aa42-4e68-a7e8-1704768a453d
nurec_curated_val,clipgt-c4a58f83-eeba-4f43-a5b6-6075b7a8437e
nurec_curated_val,clipgt-c5bc66c4-8249-4614-a93c-c03936cb9b54
nurec_curated_val,clipgt-c5da4975-f324-48bc-823c-885d1e1ae0ea
nurec_curated_val,clipgt-c6a47fa1-6d26-449e-a544-3c5be1051dfd
nurec_curated_val,clipgt-c6c01d25-ff8a-4cc3-9d33-27598d48dd90
nurec_curated_val,clipgt-c7956ed6-0be6-44f2-8066-da068a6352b4
nurec_curated_val,clipgt-c8641276-c887-465d-b88e-df70bd7214b6
nurec_curated_val,clipgt-c8cab401-90c0-4e8c-809d-28d7411119de
nurec_curated_val,clipgt-c92137b4-0ce7-4d65-a44c-414d7c104b76
nurec_curated_val,clipgt-ca173de1-7cc2-4bf9-865a-57c9af85bb8c
nurec_curated_val,clipgt-ca481583-5812-4288-ad42-82643cfb7097
nurec_curated_val,clipgt-ca7accbc-3505-4fe3-9ef8-ad1e5a5041e4
nurec_curated_val,clipgt-cbb22323-0b4b-4364-8fc5-4a47357d4df8
nurec_curated_val,clipgt-cbd87234-9d85-48cc-a65c-726c75c7d11b
nurec_curated_val,clipgt-cd0da2b3-a896-4117-af9c-c0d229e6f5f9
nurec_curated_val,clipgt-cda8a096-0982-4a91-b721-624dac7c83b8
nurec_curated_val,clipgt-cdf95fd1-c0eb-490c-b0a1-42f3244b1bf1
nurec_curated_val,clipgt-ce161092-a921-432d-b2d0-2d50fd7779a6
nurec_curated_val,clipgt-ce63741d-b346-433d-8874-c916660180f8
nurec_curated_val,clipgt-d08a71c4-70e9-46aa-8d16-07e42a5560f5
nurec_curated_val,clipgt-d0b9a872-bbc5-4df6-b89d-7987e8ead288
nurec_curated_val,clipgt-d2a7ae02-b6ed-4ffc-b245-be1b4b676c8f
nurec_curated_val,clipgt-d32206ef-c011-47be-8d14-aa3936347008
nurec_curated_val,clipgt-d5e79abb-b889-4199-a50c-0e999447709d
nurec_curated_val,clipgt-d5f0f729-9fd0-48b4-9c3d-6aa7ba4d0b61
nurec_curated_val,clipgt-d5f732f6-eb2a-4aec-98f0-14d9204091b9
nurec_curated_val,clipgt-d641893f-158c-4c51-bce1-2e7bba558496
nurec_curated_val,clipgt-d6d366f6-7b74-4868-b209-61c879064d60
nurec_curated_val,clipgt-d7328fed-a0ce-452c-a966-1b010d09e2dd
nurec_curated_val,clipgt-d8bfaaf2-add3-4ed8-8fe6-744c059bbccf
nurec_curated_val,clipgt-d90fe123-3462-450e-b65f-f37e4eb422d9
nurec_curated_val,clipgt-d96fcf8e-378a-474c-863d-57dd26412e9a
nurec_curated_val,clipgt-d9b5545a-ec4d-4bfd-8f76-612d0d74b4f1
nurec_curated_val,clipgt-d9d390a3-8527-4918-8097-42ca325d835a
nurec_curated_val,clipgt-db53f106-deda-49d6-828e-8fe911e82d0e
nurec_curated_val,clipgt-db8693db-cd5a-45ab-9bce-6092b8086e1c
nurec_curated_val,clipgt-dbfd6c72-9060-4a3e-b0f8-1ee57befde90
nurec_curated_val,clipgt-dc1966f4-c32c-4028-a4c2-7515ceb1af1f
nurec_curated_val,clipgt-dc222bc3-c7bc-47f8-8106-778b3059c53e
nurec_curated_val,clipgt-dc24d086-af16-4524-9f81-2808b37f2153
nurec_curated_val,clipgt-dc401449-4b7b-42da-86a1-76b903e2290d
nurec_curated_val,clipgt-dd0f84df-9be3-4e13-91ad-28b83a8669a3
nurec_curated_val,clipgt-ddb6a43a-f63e-477d-9fa8-bb282fed7454
nurec_curated_val,clipgt-ddc3e8df-b368-40f0-bb6a-9d9f4f568cd4
nurec_curated_val,clipgt-de620c90-3a40-49a9-8c81-7b3c117fd847
nurec_curated_val,clipgt-de9db5dc-0175-42d4-8b83-f0dc9b3ca23d
nurec_curated_val,clipgt-df994ead-5131-4d49-8337-2c27032c9a14
nurec_curated_val,clipgt-df99cdc4-fef4-43c8-9b16-008239e04c82
nurec_curated_val,clipgt-dfb0277e-9147-4a43-80fa-adba2a63c5cc
nurec_curated_val,clipgt-e0f6ebe1-ce10-4a1b-ae88-102479303fd4
nurec_curated_val,clipgt-e1c6ae9f-2f36-4b67-ba5b-8e12a3bad8dd
nurec_curated_val,clipgt-e2781af3-c9a5-4062-8b60-e33799288b82
nurec_curated_val,clipgt-e37aa159-7300-4529-a519-0308ddd61134
nurec_curated_val,clipgt-e5e47fd2-e934-42a6-802a-45c3a4a1a3cf
nurec_curated_val,clipgt-e632cf52-630f-40df-9f06-d22582feecd0
nurec_curated_val,clipgt-e682c5d7-042f-4d5a-8425-f44a68ce8f95
nurec_curated_val,clipgt-e6fc5ab4-58ce-4e9c-903c-3c12930becd7
nurec_curated_val,clipgt-e7551f4e-464a-4529-923a-711aa86f125f
nurec_curated_val,clipgt-e7db8971-2a3d-4c9a-8968-100852d5acb5
nurec_curated_val,clipgt-e7ddb7f0-1f6f-4076-9e02-7765abda065a
nurec_curated_val,clipgt-e848c843-d275-4f60-a194-61cc7f699124
nurec_curated_val,clipgt-e87c973b-6ac7-45a1-a58f-fd5d8ac749e5
nurec_curated_val,clipgt-e904e9c0-9c48-4635-9611-2250d5527d43
nurec_curated_val,clipgt-e9384415-5802-47d9-ac6b-d61d48f40dd4
nurec_curated_val,clipgt-e9990bdd-c70a-4078-9f56-a406d8c43f98
nurec_curated_val,clipgt-e9fe4c3b-a052-4ece-95a0-6f4bc9463a39
nurec_curated_val,clipgt-ea468790-9c38-406d-a4cf-4c43fbc091d8
nurec_curated_val,clipgt-eaba3f6a-3629-42a6-aa86-4bf8dd1f569b
nurec_curated_val,clipgt-eaf4352c-a194-4b09-a5a1-144c6a0d7dbc
nurec_curated_val,clipgt-eb18182f-574f-4826-85bf-f9380c281d52
nurec_curated_val,clipgt-eb7e7674-8022-454e-b957-e7757217b078
nurec_curated_val,clipgt-ec1d0b2b-c6d5-4b3d-8990-7e2fff7ad05b
nurec_curated_val,clipgt-edcf41a4-be66-4f5a-9ab1-d760962f4a5d
nurec_curated_val,clipgt-eea2fc6d-1d30-4cc7-9818-6882f0bc9af7
nurec_curated_val,clipgt-eeba2aa9-2cbe-4cb0-8da5-7d9d831a442e
nurec_curated_val,clipgt-f005ac5f-e919-4255-b9f9-acf6720015f1
nurec_curated_val,clipgt-f1069db5-593f-4a28-adef-a1b8bff97c3a
nurec_curated_val,clipgt-f1575120-c0b8-45f3-9bc7-c7bcd76703f1
nurec_curated_val,clipgt-f18c6340-ab0d-4f06-8185-260b90430062
nurec_curated_val,clipgt-f3a87e7a-e663-446d-bc27-1cab0c7789d9
nurec_curated_val,clipgt-f65aa80b-eb72-459f-86bb-42e363007e13
nurec_curated_val,clipgt-f7ded74f-fbd2-4e57-9ee6-fab842eda85c
nurec_curated_val,clipgt-f8a680f2-599b-4967-951c-18b9cccb331b
nurec_curated_val,clipgt-f8ee31cb-cf0f-45ef-bce5-1b43bd6a4d25
nurec_curated_val,clipgt-f9121c36-20d3-42f4-8859-bd9ff300dbe9
nurec_curated_val,clipgt-f9e361aa-5e93-41bd-aa5c-406999a5b9db
nurec_curated_val,clipgt-fadc73da-130e-42c1-81b9-9e74405c39f3
nurec_curated_val,clipgt-fb138448-e925-4205-b3c6-913ac99f186f
nurec_curated_val,clipgt-fbd72c7a-95d0-4c0a-9a4f-e82aea9d3fae
nurec_curated_val,clipgt-fbdce016-950b-4533-b8cf-292e3e8b2dda
nurec_curated_val,clipgt-fbf97438-2a2d-48ed-97a9-a57547dd1fcb
nurec_curated_val,clipgt-fc9fde87-6b71-49ff-baad-2ac992e7e034
nurec_curated_val,clipgt-fcd8cc77-7679-47e1-a439-dffef2eaa260
nurec_curated_val,clipgt-fce18b62-3fd4-45e5-8af9-367270d5986f
nurec_curated_val,clipgt-fd01e9ab-05d6-445a-b974-02a33793ab49
nurec_curated_val,clipgt-fda39805-f188-4751-81cb-9de1c5071b5d
nurec_curated_val,clipgt-fdfb5073-c9e6-4da2-93b7-988273da3807
nurec_curated_val,clipgt-ffe5b17d-92bd-4f55-bf77-ad4b0b6e31a3
